tag_id,name,category,count,selected_count,train_count,test_count,val_count
9999999,general,9,2782276,1467708,1322182,72585,72941
9999998,sensitive,9,4478213,3550051,3194788,177346,177917
9999997,questionable,9,1032970,788544,709680,39360,39504
9999996,explicit,9,900939,582375,524090,29156,29129
470575,1girl,0,6421421,4581598,4123911,228737,228950
212816,solo,0,5341234,3850165,3464881,192640,192644
13197,long_hair,0,4677442,3360240,3023883,168150,168207
8601,breasts,0,3696520,2633199,2369377,131778,132044
469576,looking_at_viewer,0,3591347,2541684,2287440,127082,127162
3389,blush,0,3145456,2317545,2087029,115083,115433
1815,smile,0,3103828,2216026,1994841,110187,110998
11906,open_mouth,0,2563264,1818865,1636744,90846,91275
15080,short_hair,0,2413622,1751276,1577492,86512,87272
10959,blue_eyes,0,1887739,1365126,1228017,68439,68670
412368,simple_background,0,1993448,1331492,1198448,66341,66703
12590,shirt,0,2015187,1312100,1181036,65291,65773
429,skirt,0,1665177,1252652,1127866,62857,61929
403247,large_breasts,0,1695376,1214440,1092602,60578,61260
87788,blonde_hair,0,1660630,1187005,1068747,59136,59122
566835,multiple_girls,0,1638110,1164104,1048390,57711,58003
16867,brown_hair,0,1628876,1162115,1046110,57768,58237
383159,long_sleeves,0,1715960,1144264,1030097,57014,57153
13200,black_hair,0,1629597,1125163,1012678,56336,56149
380350,hair_ornament,0,1531545,1105740,995860,54972,54908
515193,white_background,0,1650067,1097492,988546,54424,54522
5735,gloves,0,1462455,1035735,932155,51540,52040
8526,red_eyes,0,1366138,996567,896966,49905,49696
2241,dress,0,1409604,977487,880077,48532,48878
540830,1boy,0,1534705,976988,879359,48388,49241
375387,holding,0,1511512,973906,876983,48531,48392
2373,hat,0,1291706,952228,857142,47383,47703
1882,thighhighs,0,1238300,950238,855140,47744,47354
4563,bow,0,1265406,930704,837881,46355,46468
9294,navel,0,1229063,904484,813556,45339,45589
6126,animal_ears,0,1266631,886723,798520,43743,44460
658573,hair_between_eyes,0,1271873,881221,793129,43947,44145
464575,ribbon,0,1156999,875730,788712,43741,43277
572080,closed_mouth,0,1309112,832790,749157,41563,42070
4607,cleavage,0,1072078,788502,709002,39550,39950
16613,jewelry,0,1160701,774134,697041,38582,38511
376054,bare_shoulders,0,1042437,766582,690477,37913,38192
1821,2girls,0,1096035,766238,690350,38018,37870
417660,very_long_hair,0,1034958,737418,663737,36748,36933
12289,sitting,0,1009335,736880,662944,37148,36788
667868,medium_breasts,0,942601,722149,649898,36230,36021
1709,twintails,0,961709,714750,643376,35804,35570
15675,standing,0,980391,691730,622230,34551,34949
16578,brown_eyes,0,890009,691000,621756,34603,34641
3843,jacket,0,1040203,665344,598717,33158,33469
10960,green_eyes,0,910719,651893,586623,32434,32836
464906,underwear,0,833693,646516,581816,32330,32370
10953,blue_hair,0,922475,643576,579281,32031,32264
16509,school_uniform,0,841594,630111,567819,31225,31067
15654,purple_eyes,0,876067,621932,559465,31053,31414
8889,nipples,0,880784,619774,557761,30840,31173
466499,collarbone,0,845132,618772,556834,30922,31016
376766,white_shirt,0,947457,601265,540984,30115,30166
15674,tail,0,848270,592134,532959,29349,29826
608813,full_body,0,895769,588814,530018,29108,29688
547463,upper_body,0,846790,564836,508542,28121,28173
391,panties,0,678753,530937,477672,26666,26599
465619,closed_eyes,0,766933,523786,471867,25868,26051
89189,yellow_eyes,0,751852,522508,470488,25775,26245
16581,white_hair,0,765234,521202,469058,26138,26006
444,swimsuit,0,695560,519426,467703,25856,25867
11429,pink_hair,0,754856,506413,455661,25375,25377
3522,ahoge,0,704452,497430,447585,24941,24904
16580,grey_hair,0,750607,495494,445710,24856,24928
464561,hair_ribbon,0,641119,495108,445598,24925,24585
4334,braid,0,680850,491939,442550,24498,24891
464559,flower,0,669676,482803,434707,23938,24158
16442,purple_hair,0,697130,479387,431451,24028,23908
472154,short_sleeves,0,672025,477448,429880,23607,23961
2355,ponytail,0,744666,474468,426859,23856,23753
390728,multicolored_hair,0,773028,471969,424641,23628,23700
1300281,male_focus,0,789600,463069,416413,23232,23424
11449,weapon,0,635419,462565,416453,22967,23145
484168,sidelocks,0,674665,461066,415075,22922,23069
1681,monochrome,0,668680,454789,410062,22074,22653
8101,ass,0,627987,453617,408485,22866,22266
384553,:d,0,591058,445322,400795,22218,22309
2750,heart,0,636408,434663,391376,21695,21592
374844,hair_bow,0,569531,430249,387333,21531,21385
3870,thighs,0,609597,424777,381790,21614,21373
660909,cowboy_shot,0,612134,420497,378483,21128,20886
2363,pantyhose,0,578646,411666,370480,20543,20643
13879,outdoors,0,581089,410412,368801,20919,20692
63,comic,0,572373,405166,365175,19636,20355
13804,earrings,0,616808,405005,364697,20200,20108
383282,pleated_skirt,0,535732,400138,360135,20162,19841
622137,hetero,0,582684,395090,356030,19445,19615
6539,bikini,0,528664,393437,354157,19663,19617
4569,sweat,0,565152,389171,350163,19613,19395
465265,small_breasts,0,527681,386839,348399,19412,19028
5403,red_hair,0,563806,384357,345634,19410,19313
194013,frills,0,541889,383423,345145,19175,19103
664375,parted_lips,0,537312,378495,340583,19062,18850
2376,hairband,0,512750,371881,334947,18286,18648
375669,open_clothes,0,540783,363444,326963,18116,18365
513837,greyscale,0,531988,360398,325233,17386,17779
2365,nude,0,527913,360190,324214,18197,17779
5827,boots,0,517650,357370,321732,17704,17934
301022,lying,0,476771,349031,314202,17640,17189
2785,horns,0,501516,345437,310811,17145,17481
6054,teeth,0,545837,344554,310165,17031,17358
1575,food,0,476572,339497,305618,16920,16959
384774,necktie,0,484040,338444,304867,16641,16936
387884,detached_sleeves,0,453857,338016,304327,16771,16918
4352,censored,0,487739,337503,303860,16849,16794
2866,wings,0,465129,336249,302911,16616,16722
461042,one_eye_closed,0,464301,335109,301328,16916,16865
406,sky,0,467712,332632,299248,16717,16667
3985,shorts,0,481229,324973,292525,16113,16335
8672,shoes,0,559397,324554,292167,16086,16301
400314,sleeveless,0,463596,324405,291988,16249,16168
1707,japanese_clothes,0,419860,322074,289779,16169,16126
568656,multiple_boys,0,508112,318063,285949,16032,16082
474820,black_gloves,0,482182,314835,283301,15797,15737
8388,green_hair,0,449639,313520,282127,15702,15691
431446,alternate_costume,0,471852,313308,282151,15596,15561
478849,collared_shirt,0,504399,309637,278731,15376,15530
4025,choker,0,443169,300175,270374,14988,14813
1731,socks,0,428138,290581,261750,14348,14483
11826,barefoot,0,393458,290419,261502,14570,14347
4190,penis,0,439430,285121,256485,14389,14247
10926,pants,0,474660,284475,255908,14156,14411
15522,pointy_ears,0,424966,284130,255989,14047,14094
10863,tongue,0,409511,280744,252959,13951,13834
6532,glasses,0,391022,279636,251868,13789,13979
435324,day,0,361753,275913,248086,14128,13699
1407561,virtual_youtuber,0,443533,271990,244935,13360,13695
581144,puffy_sleeves,0,380134,269602,242828,13427,13347
268819,serafuku,0,329105,269229,242249,13585,13395
931006,solo_focus,0,381260,267142,240138,13493,13511
2646,hairclip,0,359704,266063,239501,13193,13369
4378,pussy,0,388139,264377,238016,13377,12984
375171,indoors,0,397536,260663,234783,12795,13085
657955,artist_name,0,418217,257643,231960,12773,12910
426781,medium_hair,0,424907,257391,231792,12776,12823
539367,hand_up,0,385882,255144,229721,12771,12652
9864,belt,0,375466,254983,229167,12912,12904
1793,fang,0,346075,254128,229058,12335,12735
455880,black_thighhighs,0,400205,252036,226642,12921,12473
10228,elbow_gloves,0,323685,245834,221373,12373,12088
9843,midriff,0,318947,241441,217143,12138,12160
474821,white_gloves,0,323360,228935,205980,11253,11702
464549,cloud,0,309820,228430,205503,11435,11492
11628,bowtie,0,335160,225315,202872,11081,11362
410129,looking_back,0,296342,224548,202164,11332,11052
374628,black_skirt,0,327929,223790,201211,11329,11250
5948,hood,0,324530,222574,200275,11123,11176
411263,signature,0,324925,222034,199915,11150,10969
400123,hair_flower,0,301918,218408,196794,10812,10802
537684,blunt_bangs,0,317342,217647,195997,10832,10818
72,cat_ears,0,303006,215338,193726,10729,10883
1515536,official_alternate_costume,0,371190,215117,193315,10924,10878
401228,sword,0,292554,214660,192918,10825,10917
389378,sailor_collar,0,299924,209620,188759,10472,10389
71730,dark_skin,0,308984,209153,188200,10507,10446
394970,wide_sleeves,0,274037,209091,188166,10607,10318
502710,tongue_out,0,302780,205238,184909,10265,10064
9168,miniskirt,0,284592,205033,184457,10396,10180
467104,stomach,0,292236,204735,183970,10220,10545
16750,pink_eyes,0,305628,204264,183803,10366,10095
449194,2boys,0,332977,203328,182902,10168,10258
659098,black_footwear,0,1544,202577,182455,10148,9974
632214,grey_background,0,288986,201690,180858,10361,10471
375020,fingerless_gloves,0,281551,200099,180236,10034,9829
401481,on_back,0,270472,197303,177534,10016,9753
1254363,twitter_username,0,297707,194608,174873,9751,9984
16252,spread_legs,0,267809,193609,174409,9518,9682
5576,armpits,0,258102,191839,172528,9599,9712
445,kimono,0,259148,191476,172249,9594,9633
14620,white_dress,0,299077,190693,171667,9476,9550
6010,tears,0,245886,190159,171036,9515,9608
375229,off_shoulder,0,259245,190007,170824,9576,9607
670071,holding_weapon,0,291224,188931,170100,9415,9416
399836,3girls,0,258988,188033,169089,9410,9534
491647,striped_clothes,0,251941,187020,168249,9370,9401
4068,necklace,0,269888,185369,166550,9623,9196
454933,hair_bun,0,268106,184312,165982,9159,9171
656624,star_(symbol),0,258481,182301,164482,8978,8841
102962,nail_polish,0,258761,182075,164101,9041,8933
2357,sex,0,286976,181454,163245,9269,8940
4019,mole,0,279166,180948,163049,8849,9050
4333,bag,0,243157,180119,162189,8927,9003
641577,looking_at_another,0,296481,179392,161494,8881,9017
1842,cum,0,262777,178626,160862,8941,8823
399541,hair_over_one_eye,0,267907,178619,160619,8866,9134
1573,water,0,233546,178604,160678,9072,8854
234192,from_behind,0,249211,177809,159910,9173,8726
6107,blurry,0,245080,177747,159867,8917,8963
465583,rabbit_ears,0,245137,175447,157874,8772,8801
125238,sweatdrop,0,246889,173695,156743,8362,8590
384884,grin,0,255209,173376,155959,8644,8773
87676,orange_hair,0,259249,171450,154092,8667,8691
39127,black_dress,0,259837,171120,154110,8448,8562
1747,chibi,0,264449,169970,153058,8455,8457
375002,white_thighhighs,0,261894,169059,152323,8367,8369
413564,two-tone_hair,0,267797,167418,150865,8283,8270
3198,scarf,0,226416,166986,150342,8230,8414
473983,clothes_lift,0,220506,166748,149993,8296,8459
719985,streaked_hair,0,276512,165729,149172,8371,8186
379615,open_jacket,0,267776,165345,148576,8320,8449
6346,cape,0,231405,164972,148573,8141,8258
4010,halo,0,302424,163632,147294,8118,8220
440465,speech_bubble,0,305252,163586,147687,7984,7915
6176,vest,0,232876,163457,147055,8089,8313
13199,black_eyes,0,250063,163344,146929,8200,8215
511141,from_side,0,241327,161073,145019,8098,7956
273,apron,0,225267,160926,144937,7899,8090
3796,bra,0,215551,160923,144770,7983,8170
470807,red_bow,0,229380,159217,143383,7811,8023
475187,arm_up,0,226606,159208,143374,7799,8035
547860,black_jacket,0,263826,157880,141904,7950,8026
4659,armor,0,231056,156500,140876,7779,7845
5569,coat,0,252979,155382,139901,7598,7883
510962,character_name,0,220858,154882,139513,7738,7631
374791,white_panties,0,196847,154504,139060,7758,7686
14599,:o,0,199187,153804,138386,7632,7786
590165,english_text,0,266883,152982,137862,7481,7639
261,yuri,0,238504,152902,137812,7526,7564
6295,leotard,0,225444,152891,137316,7738,7837
2060,feet,0,215118,152175,136878,7711,7586
9882,high_heels,0,216610,151059,135764,7756,7539
3477,sweater,0,220466,148623,133571,7515,7537
399827,arms_up,0,201190,147183,132417,7341,7425
393959,huge_breasts,0,230889,146809,131673,7623,7513
682673,mosaic_censoring,0,214716,145508,131015,7331,7162
4052,collar,0,205808,145369,130753,7300,7316
560958,dated,0,202608,144936,130733,7111,7092
11904,bracelet,0,206405,144875,130413,7283,7179
490655,blue_sky,0,212355,144457,130001,7259,7197
52138,twin_braids,0,192246,142542,128059,7137,7346
1486996,animal_ear_fluff,0,217736,142034,127887,7154,6993
378032,flat_chest,0,185764,140865,126823,6975,7067
390401,red_ribbon,0,196026,140785,127019,6916,6850
524961,black_shirt,0,240891,140290,126461,6667,7162
381629,side_ponytail,0,187875,139844,126091,7073,6680
464553,cup,0,196822,139220,125326,6989,6905
4152,uniform,0,28084,138745,124836,7007,6902
395321,crop_top,0,212159,138537,124770,6853,6914
89368,aqua_eyes,0,190963,137324,123646,6878,6800
684639,puffy_short_sleeves,0,189987,136674,123066,6795,6813
428173,blue_skirt,0,190153,135760,122283,6809,6668
10484,vaginal,0,210352,135321,121756,6908,6657
551772,parted_bangs,0,216729,134977,121598,6656,6723
457408,black_pantyhose,0,229356,134880,121345,6775,6760
652604,two_side_up,0,189277,134728,120967,6825,6936
427008,fingernails,0,195066,134080,120735,6665,6680
633894,dark-skinned_female,0,191801,133451,120146,6671,6634
481846,hands_up,0,197156,133356,120152,6567,6637
1445905,v-shaped_eyebrows,0,193362,131220,118063,6511,6646
464586,tree,0,179885,130460,117350,6533,6577
579466,looking_to_the_side,0,196243,130125,117197,6498,6430
515329,covered_nipples,0,167410,129539,116506,6597,6436
438623,neckerchief,0,189863,129236,116304,6446,6486
89228,grey_eyes,0,201754,128258,115409,6461,6388
479939,sleeves_past_wrists,0,176157,127153,114492,6272,6389
822149,completely_nude,0,201788,126948,114267,6499,6182
95405,orange_eyes,0,187563,126658,114091,6349,6218
4311,legs,0,158814,123977,111267,6415,6295
389404,cat_tail,0,168309,122809,110534,6125,6150
539584,fur_trim,0,174734,122250,109991,5998,6261
754325,groin,0,154411,121792,109508,6135,6149
412078,wrist_cuffs,0,162630,120027,108023,6010,5994
537200,symbol-shaped_pupils,0,178572,119706,107839,5908,5959
416202,eyelashes,0,190203,119628,107705,5930,5993
451371,see-through,0,0,119211,107178,6062,5971
4867,wet,0,155778,118761,106718,6065,5978
709722,hand_on_own_hip,0,166792,117771,105973,5870,5928
431755,head_tilt,0,144972,116937,105161,5921,5855
1390441,black_headwear,0,37836,116117,104733,5714,5670
465277,plaid,0,11234,115529,104162,5719,5648
382397,strapless,0,169796,115408,103748,5780,5880
10644,zettai_ryouiki,0,140443,114894,103494,5677,5723
1931,sketch,0,159256,114761,103385,5621,5755
1594634,clothing_cutout,0,171170,114122,102674,5687,5761
464572,pillow,0,156717,113614,102440,5670,5504
1277433,mole_under_eye,0,174084,113418,102320,5462,5636
2335,fox_ears,0,158912,113089,101971,5616,5502
379475,sash,0,151297,112912,101710,5600,5602
513475,multiple_views,0,183377,112754,101588,5535,5631
407186,sleeveless_shirt,0,164921,112123,100835,5716,5572
568880,sleeveless_dress,0,164521,111696,100498,5626,5572
128,loli,0,157713,111666,100427,5711,5528
589,gun,0,153803,111414,100405,5575,5434
5501,lips,0,145644,111347,100479,5460,5408
59,maid,0,158751,111221,100035,5642,5544
475418,bare_arms,0,147103,110981,99753,5590,5638
394174,short_shorts,0,150606,110865,99663,5556,5646
1393877,feet_out_of_frame,0,169890,110656,99461,5561,5634
463173,maid_headdress,0,155398,110307,99379,5432,5496
449676,ascot,0,151638,110263,99117,5557,5589
494251,one-piece_swimsuit,0,142601,110176,99182,5481,5513
464535,book,0,148561,109716,98867,5360,5489
531371,gradient_background,0,150010,109561,98465,5578,5518
28200,toes,0,165939,109220,98385,5407,5428
10923,torn_clothes,0,155230,108565,97649,5394,5522
464579,sparkle,0,164040,108503,97621,5404,5478
2687,v,0,165918,107975,97328,5401,5246
492223,bar_censor,0,163541,107621,96795,5347,5479
16718,black_panties,0,144193,107470,96711,5365,5394
529256,fake_animal_ears,0,162308,106867,96169,5286,5412
13132,petals,0,137929,106160,95653,5203,5304
3314,kneehighs,0,135424,105192,94761,5261,5170
494744,shiny_skin,0,130746,104696,94326,5080,5290
469714,bare_legs,0,144072,104283,93843,5297,5143
1247160,black_bow,0,153387,103677,93455,5195,5027
2813,window,0,142206,103064,92910,5080,5074
443395,thigh_strap,0,171940,102759,92431,5153,5175
467863,neck_ribbon,0,153115,102683,92495,5127,5061
389813,single_braid,0,138754,102383,92214,5024,5145
474500,black_ribbon,0,145056,102217,92133,5071,5013
358,cosplay,0,145785,101814,91523,5152,5139
465719,muscular,0,151507,101577,91094,5289,5194
1269639,covered_navel,0,143697,101395,91130,5053,5212
12552,pubic_hair,0,145301,100997,90939,5096,4962
8641,dress_shirt,0,135027,100753,90835,4959,4959
202817,hoodie,0,144657,100684,90710,4981,4993
600177,detached_collar,0,141394,100402,90298,4967,5137
391128,gradient_hair,0,151482,99674,89672,5008,4994
1382794,black_choker,0,175189,99650,89795,4899,4956
395400,buttons,0,154124,99505,89774,4815,4916
1875867,upper_teeth_only,0,172481,99025,89153,4904,4968
1128907,pokemon_(creature),0,161709,98879,88968,4915,4996
553142,blurry_background,0,142432,98652,88604,5072,4976
375372,dutch_angle,0,126236,98642,88589,5031,5022
468554,double_bun,0,136037,97846,88093,4871,4882
1736,profile,0,139373,96940,87172,4776,4992
7577,open_shirt,0,123150,95677,86146,4738,4793
565513,floating_hair,0,139836,94914,85381,4743,4790
6536,bell,0,127734,94849,85491,4664,4694
464584,tattoo,0,148342,94839,85352,4845,4642
6028,sideboob,0,125299,93848,84335,4787,4726
10447,kneeling,0,126011,93482,84151,4788,4543
411323,capelet,0,128469,92833,83521,4614,4698
457597,swept_bangs,0,128624,92289,82946,4658,4685
7820,military,0,103105,91749,82621,4561,4567
427348,leaning_forward,0,124283,91593,82167,4597,4829
444539,skindentation,0,124059,91562,82345,4622,4595
94007,aqua_hair,0,130209,91060,81920,4563,4577
514890,black_pants,0,164314,90952,81823,4432,4697
5126,hug,0,130120,90714,81564,4488,4662
377140,blue_dress,0,131585,90635,81632,4515,4488
1797,mask,0,135190,90105,81126,4434,4545
458933,facial_hair,0,133270,89844,80542,4678,4624
2508,blood,0,139069,89787,80808,4387,4592
9312,makeup,0,138048,88962,80321,4344,4297
13176,shadow,0,127382,88819,79971,4439,4409
374620,black_bikini,0,121513,88287,79538,4399,4350
3472,night,0,126560,88285,79442,4453,4390
1094664,colored_skin,0,146630,87580,78756,4386,4438
460262,depth_of_field,0,108001,87460,78667,4323,4470
675314,copyright_name,0,129884,87448,78783,4276,4389
4108,pov,0,136229,87312,78727,4265,4320
7926,saliva,0,120737,87097,78402,4334,4361
412555,4girls,0,117308,86822,78164,4303,4355
546609,blue_bow,0,127371,86608,77853,4412,4343
1345229,white_headwear,0,31514,86402,77807,4270,4325
9344,bodysuit,0,132144,86329,77718,4278,4333
503552,red_skirt,0,119778,86113,77624,4251,4238
5565,:3,0,127724,86103,77568,4255,4280
420531,nose_blush,0,113018,85958,77324,4225,4409
5032,uncensored,0,144850,85121,76449,4497,4175
442167,alternate_hairstyle,0,115754,84866,76261,4327,4278
51528,fox_tail,0,111723,84766,76337,4327,4102
5832,fruit,0,116310,84664,76276,4187,4201
3449,heterochromia,0,124191,84479,75829,4307,4343
479563,low_twintails,0,122460,84459,75996,4276,4187
4009,turtleneck,0,129751,84273,75700,4237,4336
390035,no_bra,0,106691,84211,75789,4181,4241
511136,border,0,155761,84127,75788,4133,4206
402217,^_^,0,118909,84042,75950,4013,4079
653206,one_side_up,0,113149,83312,74871,4229,4212
580545,blue_background,0,134018,83206,74885,4114,4207
391680,horse_ears,0,132609,83196,75019,4024,4153
419938,expressionless,0,132411,83196,74972,4141,4083
2585,bed,0,113097,83163,74978,4171,4014
612641,black_shorts,0,135709,82785,74543,4064,4178
436054,highleg,0,124045,82554,74219,4088,4247
13853,pussy_juice,0,115260,82449,74285,4040,4124
374938,frown,0,117394,82419,74120,4163,4136
460802,rose,0,113349,82322,74097,4075,4150
2217,anus,0,124179,82293,74180,4097,4016
3918,4koma,0,102478,82162,74059,4139,3964
387214,military_uniform,0,101140,81891,73695,4083,4113
542846,no_humans,0,161996,81730,73691,3970,4069
10422,witch_hat,0,107018,81594,73550,3965,4079
626,underboob,0,105129,81327,73137,4017,4173
464534,bird,0,114192,80691,72708,3987,3996
377844,siblings,0,117808,80529,72359,4155,4015
1303252,brown_footwear,0,57731,79752,71820,3918,4014
490999,on_bed,0,121820,79476,71742,3901,3833
1231230,side-tie_bikini_bottom,0,99919,79393,71459,3892,4042
258190,beret,0,111789,79379,71519,3991,3869
4075,cameltoe,0,102239,79079,71144,3987,3948
3988,scar,0,120610,78819,70696,3968,4155
546821,halterneck,0,108476,78817,70838,4016,3963
421663,wavy_hair,0,112243,78642,70818,3907,3917
381555,headband,0,105489,78544,70729,3830,3985
10701,animal,0,111800,78304,70510,3889,3905
4244,leaf,0,112095,78290,70438,4021,3831
4320,glowing,0,108280,78227,70299,3894,4034
11325,ocean,0,106921,78159,70483,3919,3757
580232,white_jacket,0,128177,77845,70055,3888,3902
478565,bed_sheet,0,101067,77512,69852,3855,3805
446950,fangs,0,114066,77455,69502,3893,4060
709734,playboy_bunny,0,112129,77452,69716,3830,3906
464808,holding_hands,0,109957,77369,69800,3725,3844
1595,no_panties,0,99974,77280,69458,3968,3854
394222,arm_support,0,99053,77065,69351,3894,3820
463397,white_socks,0,149978,76525,68965,3775,3785
698161,holding_sword,0,121355,76441,68657,3907,3877
444002,from_above,0,106597,76133,68605,3796,3732
4831,piercing,0,120205,75930,68477,3761,3692
464546,chain,0,111036,75728,68102,3770,3856
375476,soles,0,112686,75662,68036,3871,3755
2279,headphones,0,105108,75633,68264,3702,3667
8714,watermark,0,142497,75328,68001,3652,3675
534835,hair_intakes,0,135367,75244,67563,3898,3783
4528,bottomless,0,101050,74739,67224,3723,3792
144876,embarrassed,0,104690,74670,67123,3804,3743
426936,white_bikini,0,101012,74527,67164,3643,3720
820510,horse_girl,0,129683,73935,66623,3619,3693
418899,plaid_skirt,0,99539,73810,66519,3717,3574
463179,no_shoes,0,99380,73576,66229,3645,3702
1328533,ass_visible_through_thighs,0,95597,73451,66021,3651,3779
375404,chinese_clothes,0,118487,73393,66154,3662,3577
450107,thick_eyebrows,0,108283,73308,66151,3550,3607
465950,cum_in_pussy,0,108575,73157,66003,3700,3454
2993,phone,0,108190,72622,65411,3696,3515
499624,blush_stickers,0,112041,72598,65424,3627,3547
2904,chair,0,97795,72410,65178,3747,3485
1288957,white_footwear,0,58157,72126,64962,3503,3661
442865,headgear,0,85442,71668,64616,3493,3559
1915,umbrella,0,94533,71405,64339,3540,3526
377124,back,0,97975,71383,64312,3566,3505
3986,sandals,0,105117,71365,64180,3540,3645
476621,floral_print,0,96176,71343,64294,3575,3474
481508,facial_mark,0,108051,71336,64233,3595,3508
415974,looking_down,0,103975,71085,64118,3452,3515
2091,bandages,0,100587,70749,63695,3531,3523
419309,thick_thighs,0,109870,70735,63418,3718,3599
688777,half-closed_eyes,0,102212,70348,63497,3361,3490
447393,on_side,0,95187,70255,63434,3405,3416
395448,thigh_boots,0,95585,70226,63237,3493,3496
1451588,muscular_male,0,106390,70100,62926,3624,3550
541727,wariza,0,88279,69979,62997,3538,3444
3920,obi,0,87901,69785,62870,3469,3446
436576,short_dress,0,99184,69344,62431,3431,3482
2799,beach,0,97368,69242,62236,3520,3486
387991,abs,0,102509,69038,62000,3528,3510
634316,pectorals,0,100046,68819,61777,3516,3526
469652,garter_straps,0,89389,68727,61695,3484,3548
445388,bob_cut,0,104192,68496,61559,3424,3513
647551,flying_sweatdrops,0,94962,68334,61346,3364,3624
589398,hood_down,0,102606,67845,61000,3450,3395
8091,drill_hair,0,97861,67825,61020,3437,3368
389777,red_dress,0,101446,67803,61028,3377,3398
3234,erection,0,105378,67756,60876,3438,3442
572731,heart-shaped_pupils,0,93219,67562,60905,3287,3370
492544,frilled_dress,0,102107,67152,60465,3326,3361
475775,arms_behind_back,0,92928,67145,60401,3426,3318
460404,stuffed_toy,0,91643,66972,60433,3306,3233
5524,sunglasses,0,103083,66877,60300,3243,3334
584749,pink_background,0,104587,66876,60070,3430,3376
10231,mouth_hold,0,84007,66820,60145,3294,3381
4207,eating,0,91238,66769,60180,3287,3302
520398,white_skirt,0,97250,66739,60083,3375,3281
468534,light_brown_hair,0,865,65941,59300,3308,3333
13227,happy,0,101866,65909,59340,3331,3238
567316,6+girls,0,88687,65891,59293,3246,3352
397327,blue_shirt,0,111492,65890,59235,3367,3288
663669,female_pubic_hair,0,93857,65584,59135,3278,3171
574407,wavy_mouth,0,83686,65545,58840,3324,3381
8830,shirt_lift,0,86757,65540,58899,3271,3370
477028,cleavage_cutout,0,91795,65337,58803,3231,3303
609507,holding_food,0,105212,65118,58616,3304,3198
403649,thigh_gap,0,81260,64943,58400,3183,3360
3209,table,0,91564,64838,58442,3263,3133
375176,crossed_arms,0,91578,64704,58389,3134,3181
465810,squatting,0,93140,64608,58120,3285,3203
467856,clothes_pull,0,85859,64518,58113,3202,3203
619736,blue_jacket,0,107388,64437,58094,3176,3167
600250,hair_tubes,0,80461,64293,57884,3281,3128
484666,transparent_background,0,94129,64273,57721,3288,3264
3949,ring,0,93053,63911,57642,3147,3122
576310,white_flower,0,102985,63784,57384,3186,3214
563478,dark-skinned_male,0,99434,63499,57097,3238,3164
580738,black_hairband,0,102304,63405,57034,3124,3247
413672,leg_up,0,86733,63367,57099,3129,3139
8072,black_socks,0,113421,63305,57077,3151,3077
400120,traditional_media,0,92473,63267,56965,3138,3164
488167,scrunchie,0,83722,63261,57070,3116,3075
420366,from_below,0,88652,63259,57002,3077,3180
385639,wolf_ears,0,86874,63140,56900,2961,3279
701697,white_bow,0,97277,62823,56485,3196,3142
459291,standing_on_one_leg,0,89727,62319,55999,3155,3165
356542,sunlight,0,83705,62166,55965,3133,3068
572767,grabbing,0,3880,61549,55403,3145,3001
6128,cardigan,0,88499,61529,55463,3092,2974
465046,cat_girl,0,101836,61123,55038,3024,3061
8831,skirt_lift,0,77236,61040,55060,3017,2963
582201,mob_cap,0,79114,60913,54946,2937,3030
2726,moon,0,82155,60865,54895,2936,3034
413179,trembling,0,82626,60302,54249,2916,3137
2689,formal,0,0,60259,54218,3013,3028
2270,eyepatch,0,81570,59981,54119,2926,2936
1556,backpack,0,79526,59870,53791,3026,3053
2716,cat,0,87999,59624,53729,2950,2945
900563,own_hands_together,0,85378,59590,53581,3017,2992
419429,frilled_skirt,0,81185,59379,53467,2938,2974
419387,testicles,0,96662,59216,53181,3145,2890
8068,demon_girl,0,89686,59195,53285,2919,2991
3239,cellphone,0,85410,58999,53104,3023,2872
466226,bound,0,83567,58626,52771,2916,2939
643561,eyes_visible_through_hair,0,79186,58413,52536,2926,2951
3593,topless,0,0,58057,52345,2883,2829
465525,crossed_legs,0,82219,58016,52277,2798,2941
2770,pantyshot,0,69235,57758,52087,2825,2846
6059,blazer,0,76860,57571,51944,2839,2788
1801537,single_hair_bun,0,74421,57508,51790,2865,2853
425206,magical_girl,0,81420,57380,51735,2799,2846
487205,cloudy_sky,0,80590,57369,51552,2921,2896
470790,demon_horns,0,93695,57317,51503,2896,2918
7952,suspenders,0,76989,57023,51152,2975,2896
6364,grass,0,82506,56782,50942,2956,2884
404507,sharp_teeth,0,90382,56623,51147,2765,2711
379915,stuffed_animal,0,74666,56541,50984,2792,2765
1976,cover,0,72335,56517,50861,2864,2792
539837,high_ponytail,0,86408,56461,50828,2877,2756
14452,feathers,0,81229,56304,50725,2752,2827
1337464,x_hair_ornament,0,81243,56148,50522,2796,2830
7455,tank_top,0,86078,56145,50567,2751,2827
10833,bottle,0,76936,56076,50346,2777,2953
10229,suit,0,79935,56058,50493,2799,2766
507741,frilled_sleeves,0,83204,56045,50555,2727,2763
498000,blue_ribbon,0,82373,55965,50353,2873,2739
464903,crying,0,83326,55840,50319,2776,2745
655303,fox_girl,0,86660,55502,50054,2827,2621
547073,underwear_only,0,68371,55424,49865,2782,2777
3875,sleeping,0,78868,55353,50001,2687,2665
464573,plant,0,79273,55252,49805,2726,2721
375764,bara,0,78551,55050,49405,2805,2840
1850,oral,0,86804,54702,49334,2630,2738
575982,light_smile,0,80515,54637,49107,2742,2788
466990,;d,0,72165,54596,49084,2769,2743
1723,parody,0,81108,54515,48872,2788,2855
375459,looking_up,0,76733,54383,48978,2696,2709
464588,hat_ribbon,0,67925,54356,49064,2662,2630
9114,antenna_hair,0,83976,54271,48708,2803,2760
463115,pink_bow,0,81887,54050,48684,2647,2719
569748,black_background,0,91069,53836,48462,2701,2673
492682,red_necktie,0,82110,53822,48457,2681,2684
3649,helmet,0,85253,53772,48378,2666,2728
431235,knee_boots,0,69268,53705,48267,2807,2631
3474,portrait,0,91580,53555,48227,2724,2604
4526,cross,0,78679,53390,47855,2839,2696
1297467,lifted_by_self,0,0,53370,48040,2674,2656
221,school_swimsuit,0,65333,53235,48029,2585,2621
589376,red_flower,0,80847,53179,47792,2662,2725
516477,outstretched_arms,0,71812,52717,47515,2577,2625
464539,bug,0,75056,52656,47416,2649,2591
611487,juliet_sleeves,0,74193,52500,47302,2625,2573
219401,denim,0,76761,52434,47183,2565,2686
5831,katana,0,67925,52252,46901,2676,2675
4188,crown,0,73631,51827,46545,2673,2609
487156,3boys,0,80048,51759,46614,2527,2618
487562,wing_collar,0,67219,51691,46552,2569,2570
464574,polka_dot,0,65358,51579,46391,2685,2503
4474,fire,0,76896,51497,46389,2558,2550
461293,cum_on_body,0,99956,51289,46182,2492,2615
521712,ear_piercing,0,77874,51248,46173,2576,2499
515769,black_nails,0,82897,51235,46222,2455,2558
429999,tiara,0,69088,51184,46114,2547,2523
397117,curtains,0,71700,51113,46070,2476,2567
517832,outstretched_arm,0,70317,51099,45951,2540,2608
489235,motion_lines,0,86434,50879,45977,2402,2500
1836990,aged_down,0,69413,50645,45748,2432,2465
82326,?,0,75574,50620,45440,2476,2704
432696,on_stomach,0,70071,50592,45499,2604,2489
1275600,bright_pupils,0,94476,50337,45213,2509,2615
521420,slit_pupils,0,71688,50261,45317,2377,2567
1533172,grabbing_another's_breast,0,72004,50137,45158,2531,2448
16700,>_<,0,69572,50032,45081,2465,2486
9354,bdsm,0,69373,50012,45015,2516,2481
413908,spiked_hair,0,76617,49798,44765,2456,2577
10707,sisters,0,69097,49699,44715,2474,2510
15737,bat_wings,0,62613,49544,44656,2422,2466
403577,pointing,0,70278,49510,44503,2462,2545
390594,red_shirt,0,78589,49331,44291,2465,2575
14814,couple,0,76038,49262,44346,2469,2447
1388799,blue_sailor_collar,0,67496,49176,44297,2467,2412
15764,striped_thighhighs,0,58935,49118,44288,2389,2441
423613,animal_print,0,74152,49099,44201,2442,2456
510254,breasts_out,0,67560,49019,44123,2407,2489
464565,knife,0,68966,48993,44100,2410,2483
668761,white_border,0,99060,48798,43940,2459,2399
516211,tassel,0,73143,48772,43996,2371,2405
462569,straddling,0,75121,48722,44002,2364,2356
631529,white_apron,0,78929,48212,43486,2384,2342
1314596,black_leotard,0,75309,48156,43247,2451,2458
401137,clenched_teeth,0,74327,48079,43190,2378,2511
656169,hand_on_own_chest,0,66800,48040,43184,2427,2429
302,elf,0,76652,48016,43213,2383,2420
1281370,red_bowtie,0,75236,47970,43275,2345,2350
469701,rabbit_tail,0,67075,47945,43170,2349,2426
374782,sneakers,0,71052,47851,43004,2377,2470
1008243,holding_gun,0,72825,47776,43064,2366,2346
704500,holding_cup,0,75289,47578,42900,2327,2351
379387,t-shirt,0,72745,47424,42699,2370,2355
12464,brooch,0,61706,47415,42677,2326,2412
683385,red_footwear,0,26272,47366,42770,2330,2266
458223,horse_tail,0,74607,47353,42627,2302,2424
3592,undressing,0,59609,47273,42595,2312,2366
515302,green_skirt,0,65048,47259,42557,2398,2304
464713,head_wings,0,69451,47138,42437,2284,2417
9714,bent_over,0,65238,46923,42300,2309,2314
479729,gem,0,72631,46920,42214,2373,2333
319,lingerie,0,58605,46815,42162,2323,2330
401836,messy_hair,0,67649,46695,41956,2436,2303
452195,hair_bobbles,0,57616,46633,41861,2399,2373
421662,5girls,0,61931,46626,41992,2230,2404
561547,shoulder_armor,0,72512,46511,41832,2260,2419
381279,girl_on_top,0,69092,46300,41826,2243,2231
401601,loafers,0,62946,46011,41396,2263,2352
464540,building,0,65002,46006,41357,2333,2316
2849,goggles,0,65823,45979,41436,2224,2319
1936,crossover,0,68310,45951,41240,2376,2335
471601,black_bra,0,65379,45923,41269,2315,2339
395015,monster_girl,0,64407,45820,41258,2251,2311
2328,polearm,0,60043,45817,41326,2226,2265
8709,fellatio,0,71984,45803,41279,2199,2325
458482,short_twintails,0,66257,45670,41169,2245,2256
584911,shaded_face,0,61984,45451,40871,2268,2312
1568,yaoi,0,78584,45353,40810,2337,2206
3846,robot,0,70886,45320,40700,2231,2389
4232,tan,0,62350,45182,40708,2222,2252
410004,crescent,0,56559,45149,40584,2223,2342
374979,all_fours,0,62160,45065,40580,2261,2224
1463605,1other,0,80986,44900,40587,2136,2177
4027,staff,0,62667,44900,40375,2237,2288
478557,straight_hair,0,71130,44843,40307,2238,2298
415668,single_thighhigh,0,62054,44806,40290,2233,2283
674623,feathered_wings,0,68746,44785,40385,2181,2219
645320,sex_from_behind,0,71344,44643,40187,2278,2178
103483,fishnets,0,67158,44642,40190,2221,2231
534982,^^^,0,55212,44575,40176,2123,2276
405345,cherry_blossoms,0,59168,44456,40005,2256,2195
611670,grey_shirt,0,72165,44343,39800,2349,2194
524399,hat_bow,0,60843,44295,39774,2240,2281
1295582,strapless_leotard,0,66810,44293,39772,2256,2265
1865,bandaid,0,67787,44174,39860,2197,2117
15749,furry,0,87015,44137,39530,2286,2321
166531,pink_dress,0,66913,44055,39698,2169,2188
594766,star_(sky),0,62334,44046,39650,2223,2173
647129,black_necktie,0,72360,44019,39599,2216,2204
1019196,otoko_no_ko,0,60203,43985,39612,2183,2190
1710,towel,0,59791,43960,39605,2158,2197
575322,clenched_hand,0,64683,43880,39468,2166,2246
428523,hooded_jacket,0,66509,43866,39401,2190,2275
665452,facing_viewer,0,68232,43838,39503,2150,2185
5746,box,0,60914,43838,39475,2151,2212
547132,extra_ears,0,65786,43222,38898,2159,2165
471498,multiple_tails,0,54269,43169,38843,2162,2164
526340,letterboxed,0,59279,43044,38928,2000,2116
593298,yellow_background,0,69182,43011,38824,2170,2017
4123,wind,0,56586,42963,38648,2121,2194
383830,no_pants,0,62676,42932,38538,2237,2157
1441877,eyewear_on_head,0,67621,42838,38579,2116,2143
537,bondage,0,58828,42824,38525,2131,2168
378850,armband,0,60795,42784,38556,2109,2119
380831,demon_tail,0,63420,42730,38390,2120,2220
4850,lipstick,0,60015,42392,38238,2101,2053
368,dog_ears,0,64260,42255,38033,2085,2137
358992,bike_shorts,0,53295,42166,37857,2227,2082
4275,steam,0,58667,42069,37803,2125,2141
464542,butterfly,0,58512,42060,37863,2118,2079
477288,white_ribbon,0,63653,42040,37942,2064,2034
395533,sheath,0,54858,42008,37826,2054,2128
467811,knees_up,0,60189,41906,37648,2155,2103
448007,drooling,0,57956,41834,37718,2094,2022
1227044,ribbon_trim,0,57856,41818,37658,2026,2134
166133,night_sky,0,60211,41800,37623,2120,2057
566918,adapted_costume,0,54776,41622,37445,2107,2070
1416353,red_headwear,0,15994,41592,37373,2106,2113
2362,casual,0,52794,41569,37584,1974,2011
464564,instrument,0,60917,41428,37321,2078,2029
670636,multicolored_clothes,0,5618,41387,37097,2176,2114
403060,gauntlets,0,54930,41338,37176,2053,2109
390662,foreshortening,0,56363,41312,37150,2086,2076
2252,candy,0,57874,41301,37068,2107,2126
3540,hakama,0,53257,41137,36875,2151,2111
684620,puffy_long_sleeves,0,66424,41125,37016,2068,2041
1532466,colored_inner_hair,0,91670,41025,36980,1948,2097
447919,cover_page,0,51037,40982,36781,2143,2058
11879,blouse,0,46854,40940,36880,2072,1988
602295,hair_over_shoulder,0,58252,40862,36702,2077,2083
7558,panty_pull,0,50218,40858,36713,2090,2055
427968,revealing_clothes,0,57733,40832,36673,2083,2076
466654,wristband,0,58090,40823,36657,2135,2031
465152,china_dress,0,61190,40800,36737,2070,1993
93927,pink_panties,0,50696,40746,36588,2081,2077
3046,kiss,0,66940,40674,36645,2001,2028
1501540,skin_fang,0,67302,40657,36779,1883,1995
12667,child,0,59340,40616,36585,1949,2082
4241,rope,0,55075,40606,36515,1990,2101
446647,pale_skin,0,56937,40574,36405,2125,2044
376491,wet_clothes,0,50786,40476,36285,2113,2078
593296,red_background,0,66371,40455,36416,2059,1980
465870,surprised,0,56763,40436,36388,1993,2055
464568,musical_note,0,56565,40262,36141,2081,2040
389705,between_breasts,0,52021,40229,36164,2016,2049
314230,breast_press,0,53446,39812,35774,2017,2021
488864,red_jacket,0,65424,39776,35713,1958,2105
15672,veil,0,64118,39721,35812,1899,2010
5855,couch,0,57325,39701,35744,1947,2010
389814,side_braid,0,57485,39695,35676,1970,2049
401968,red_nails,0,63001,39663,35722,1967,1974
533054,waist_apron,0,53467,39637,35701,1980,1956
819964,pink_flower,0,65731,39301,35360,1940,2001
628293,skirt_set,0,49522,39264,35381,1995,1888
566116,scar_on_face,0,73174,39245,35187,1983,2075
10847,breath,0,52223,39175,35247,1907,2021
556011,lace_trim,0,55279,39141,35201,1994,1946
645083,smartphone,0,58775,39105,35215,2003,1887
1629722,large_pectorals,0,51039,39091,35031,2016,2044
389882,group_sex,0,62139,38992,35071,1967,1954
468477,arms_behind_head,0,55000,38929,34962,1924,2043
1388933,light_blush,0,77816,38858,34987,1946,1925
1302826,mole_under_mouth,0,56282,38838,34942,1971,1925
2020445,covering_privates,0,48358,38785,34947,1876,1962
466984,...,0,56391,38761,34780,1938,2043
385882,third_eye,0,48896,38728,34861,1959,1908
395223,scenery,0,56260,38691,34763,1959,1969
635112,light_particles,0,59860,38603,34678,1990,1935
538298,strapless_dress,0,56595,38504,34644,1914,1946
1316316,pelvic_curtain,0,55911,38437,34508,1969,1960
5648,nature,0,52908,38276,34423,1884,1969
4000,microphone,0,55168,37995,34118,1876,2001
457883,string_bikini,0,50765,37931,34175,1881,1875
405311,sex_toy,0,55201,37923,34131,1856,1936
1491014,blue_headwear,0,18502,37816,34052,1831,1933
566461,anger_vein,0,56941,37787,33981,1852,1954
524897,interlocked_fingers,0,51601,37645,33866,1891,1888
1388801,red_neckerchief,0,54692,37568,33822,1867,1879
404,christmas,0,48085,37433,33647,1851,1935
635786,index_finger_raised,0,54626,37421,33682,1841,1898
601824,male_pubic_hair,0,51220,37327,33522,1909,1896
448202,peaked_cap,0,48508,37161,33482,1844,1835
4543,striped_panties,0,43534,37122,33342,1884,1896
417741,bridal_gauntlets,0,52536,37063,33421,1752,1890
146061,baseball_cap,0,54845,37062,33411,1777,1874
560247,white_pupils,0,74420,36914,33202,1813,1899
15260,beard,0,54025,36871,33186,1906,1779
717927,short_hair_with_long_locks,0,50305,36535,32935,1819,1781
376002,genderswap,0,49477,36513,32952,1798,1763
320292,cloak,0,53834,36482,32875,1799,1808
2056,toenails,0,55873,36469,32838,1875,1756
586765,low_ponytail,0,56451,36460,32876,1797,1787
685432,two-tone_background,0,48793,36456,32813,1845,1798
467585,highleg_leotard,0,59215,36408,32669,1782,1957
6526,side-tie_panties,0,43069,36375,32740,1784,1851
616524,grey_skirt,0,56440,36337,32694,1845,1798
403173,white_pantyhose,0,65886,36333,32680,1845,1808
11410,claws,0,58113,36213,32526,1839,1848
1441885,semi-rimless_eyewear,0,49505,36153,32591,1802,1760
469125,jingle_bell,0,47842,36151,32582,1788,1781
1288118,hair_flaps,0,45518,36089,32434,1903,1752
390596,purple_dress,0,53590,35930,32356,1798,1776
659059,breasts_apart,0,48307,35885,32317,1836,1732
456255,front-tie_top,0,43716,35713,32053,1782,1878
1455296,sleeves_past_fingers,0,52862,35589,32128,1675,1786
426598,bow_panties,0,44511,35542,31903,1807,1832
448477,buckle,0,52383,35365,31766,1769,1830
723773,hand_fan,0,47081,35264,31674,1803,1787
670638,clothes_writing,0,46740,35254,31773,1739,1742
673911,hood_up,0,55151,35188,31700,1717,1771
668635,pom_pom_(clothes),0,51602,35171,31577,1765,1829
470798,pink_nails,0,52091,35097,31630,1750,1717
2119,facial,0,48629,35074,31569,1758,1747
383851,twin_drills,0,52996,35067,31655,1743,1669
563256,yellow_bow,0,50824,35027,31506,1752,1769
421107,convenient_censoring,0,43358,35027,31480,1778,1769
529213,maid_apron,0,54230,34953,31498,1687,1768
3417,anal,0,55461,34929,31375,1811,1743
4555,ejaculation,0,53845,34877,31445,1733,1699
410734,carrying,0,49713,34673,31340,1682,1651
389108,glowing_eyes,0,48826,34625,31181,1711,1733
3284,forehead,0,48692,34451,30991,1726,1734
497607,blue_nails,0,52961,34401,30927,1708,1766
546229,black_belt,0,66548,34297,30757,1797,1743
533356,areola_slip,0,50188,34209,30654,1788,1767
1452299,neck_bell,0,50030,34209,30896,1654,1659
643253,web_address,0,52141,34148,30900,1629,1619
656165,hand_on_own_face,0,52084,34126,30865,1689,1572
392990,micro_bikini,0,46036,34096,30614,1700,1782
4172,corset,0,48387,34041,30651,1696,1694
1251593,holding_phone,0,57197,34040,30691,1702,1647
531068,hakama_skirt,0,39878,34036,30455,1824,1757
407678,wolf_tail,0,45578,34033,30716,1589,1728
626528,cropped_legs,0,52678,33814,30432,1637,1745
510802,french_braid,0,27275,33705,30290,1694,1721
658106,o-ring,0,53343,33696,30454,1674,1568
688711,white_sleeves,0,57169,33680,30394,1621,1665
713987,outside_border,0,61780,33550,30093,1771,1686
554980,motor_vehicle,0,48728,33540,30202,1663,1675
149598,androgynous,0,48645,33500,30179,1639,1682
1283885,crossed_bangs,0,65994,33337,29954,1644,1739
382270,rifle,0,44164,33230,30023,1642,1565
664258,no_headwear,0,40056,33229,29907,1692,1630
584958,spoken_heart,0,50893,33179,29920,1640,1619
486611,brown_gloves,0,48811,33176,29890,1640,1646
2755,lace,0,40793,33169,29801,1695,1673
491367,cropped_jacket,0,54904,33157,29883,1628,1646
394151,plate,0,48997,33082,29745,1641,1696
448225,tokin_hat,0,38646,33032,29806,1582,1644
374845,mary_janes,0,43645,32966,29773,1610,1583
376528,:<,0,43265,32925,29642,1635,1648
494869,black_coat,0,60667,32766,29425,1665,1676
658950,holding_book,0,50199,32676,29495,1587,1594
435433,red_gloves,0,47981,32585,29356,1628,1601
376923,black_wings,0,48545,32465,29296,1572,1597
390257,eye_contact,0,50180,32435,29136,1616,1683
14946,eyeshadow,0,53115,32384,29257,1601,1526
422340,full_moon,0,43207,32379,29223,1571,1585
379489,side_slit,0,45585,32336,29025,1652,1659
4530,gift,0,43609,32259,29027,1574,1658
389553,skin_tight,0,42325,32253,28969,1655,1629
671227,tearing_up,0,48779,32244,28941,1700,1603
491144,blue_bikini,0,44203,32204,28931,1638,1635
15689,:p,0,42642,32149,28942,1630,1577
648130,clothing_aside,0,46783,32129,28865,1702,1562
10902,close-up,0,49407,32093,28947,1615,1531
2447,camisole,0,47629,32070,28940,1534,1596
3508,angry,0,47170,32039,28818,1616,1605
1411175,bikini_top_only,0,39008,32020,28902,1549,1569
77257,strap_slip,0,41254,31885,28716,1570,1599
2102,snow,0,43421,31804,28575,1540,1689
429369,finger_to_mouth,0,41441,31767,28631,1580,1556
571690,hair_scrunchie,0,42558,31736,28661,1568,1507
2907,desk,0,43850,31619,28499,1547,1573
615165,green_bow,0,44606,31571,28417,1565,1589
1388800,black_sailor_collar,0,45621,31562,28527,1500,1535
486327,faceless,0,48769,31451,28134,1689,1628
536573,colored_sclera,0,50412,31394,28267,1467,1660
11813,lens_flare,0,41063,31371,28160,1603,1608
1303583,blue_necktie,0,52835,31365,28251,1529,1585
549356,arm_at_side,0,46756,31315,28260,1506,1549
376594,spikes,0,46986,31239,28165,1524,1550
1396724,white_sailor_collar,0,58252,31231,28123,1609,1499
5474,ball,0,42790,31091,27974,1666,1451
491758,sleeves_rolled_up,0,43956,31033,28066,1537,1430
400041,cum_on_breasts,0,42966,30987,27867,1511,1609
1386163,patreon_username,0,48454,30956,27834,1652,1470
459933,drinking_glass,0,43622,30935,27863,1502,1570
574271,science_fiction,0,45078,30920,27756,1541,1623
396969,seiza,0,40217,30917,27803,1565,1549
684644,gold_trim,0,50685,30904,27781,1554,1569
664922,dragon_horns,0,49187,30797,27777,1529,1491
479374,single_glove,0,44316,30794,27696,1544,1554
1242758,blue_flower,0,48314,30672,27517,1540,1615
375519,armlet,0,44965,30645,27487,1605,1553
520991,pink_ribbon,0,46893,30642,27625,1531,1486
520397,pink_skirt,0,45670,30640,27612,1569,1459
406964,floating,0,45242,30601,27501,1553,1547
462808,tareme,0,40911,30595,27568,1491,1536
2329,tentacles,0,43713,30551,27454,1495,1602
8198,meme,0,59339,30485,27484,1525,1476
455456,santa_hat,0,39259,30465,27419,1495,1551
654772,knee_up,0,44123,30464,27416,1508,1540
561,mecha,0,45494,30455,27316,1533,1606
462583,between_legs,0,39609,30433,27415,1504,1514
397411,restrained,0,47105,30403,27295,1595,1513
375606,open_coat,0,49581,30360,27278,1507,1575
633528,alternate_breast_size,0,52934,30329,27204,1591,1534
646879,brown_background,0,46261,30316,27240,1489,1587
549225,single_horn,0,39635,30237,27225,1479,1533
521477,half_updo,0,42630,30197,27164,1519,1514
438458,clenched_hands,0,44685,30105,27181,1427,1497
384552,wading,0,40278,30104,27046,1566,1492
9474,licking,0,44707,30061,26972,1538,1551
617356,blue_shorts,0,47225,30000,26874,1538,1588
483919,single_earring,0,48833,29969,26968,1443,1558
665184,ribbed_sweater,0,38973,29932,26831,1584,1517
149799,happy_birthday,0,45792,29797,26748,1526,1523
4536,tsurime,0,44849,29760,26799,1424,1537
9311,zipper,0,43616,29737,26776,1468,1493
3943,smoke,0,44956,29723,26778,1464,1481
523327,starry_sky,0,40261,29716,26695,1554,1467
579793,frilled_apron,0,45699,29681,26731,1518,1432
457726,track_jacket,0,41806,29678,26669,1467,1542
397215,outline,0,53999,29629,26618,1491,1520
581,paizuri,0,44427,29600,26655,1413,1532
388067,demon_wings,0,46012,29537,26544,1479,1514
470314,pencil_skirt,0,42352,29528,26642,1475,1411
514515,pink_shirt,0,47431,29521,26587,1442,1492
10905,pendant,0,38042,29448,26516,1431,1501
593297,green_background,0,47345,29396,26558,1408,1430
467493,handgun,0,40908,29392,26480,1466,1446
392024,tray,0,39449,29364,26442,1462,1460
609,fish,0,39452,29340,26387,1443,1510
535373,cross-laced_footwear,0,19685,29267,26321,1520,1426
475004,swim_ring,0,37735,29257,26255,1501,1501
378743,curvy,0,49284,29203,26230,1480,1493
545992,high_heel_boots,0,42280,29165,26227,1448,1490
615735,asymmetrical_legwear,0,40589,29137,26299,1433,1405
1271922,black_vest,0,48279,29045,26191,1440,1414
393879,alcohol,0,39399,29031,26013,1470,1548
643274,partially_submerged,0,37266,29015,26079,1441,1495
432529,sweater_vest,0,45354,28985,26061,1441,1483
511594,arm_behind_back,0,40620,28848,25935,1507,1406
1592077,topless_male,0,43848,28800,25868,1427,1505
483898,frilled_bikini,0,38989,28799,25906,1489,1404
435555,heavy_breathing,0,40288,28736,25900,1404,1432
1636487,one-hour_drawing_challenge,0,36508,28697,25745,1499,1453
10279,hair_rings,0,45284,28587,25722,1406,1459
1364406,genderswap_(mtf),0,37878,28551,25771,1450,1330
689532,low-tied_long_hair,0,45733,28545,25705,1425,1415
375723,puffy_nipples,0,36907,28435,25553,1418,1464
379725,dual_persona,0,43622,28433,25636,1346,1451
418395,after_sex,0,40052,28428,25739,1375,1314
15261,freckles,0,44545,28427,25498,1508,1421
390681,headset,0,39043,28409,25570,1444,1395
11527,reflection,0,41306,28405,25482,1491,1432
643898,purple_background,0,46045,28380,25575,1457,1348
402062,!,0,41610,28379,25543,1418,1418
508016,pocket,0,44637,28364,25424,1455,1485
6441,beads,0,43393,28341,25550,1426,1365
1916,cake,0,41740,28304,25455,1369,1480
2065694,vertical-striped_clothes,0,42206,28234,25517,1333,1384
391297,white_skin,0,46556,28186,25353,1399,1434
1631677,mature_male,0,38793,28045,25125,1481,1439
1258262,frilled_shirt_collar,0,42221,28009,25235,1394,1380
497007,backlighting,0,36353,28003,25253,1389,1361
442816,veins,0,44707,27914,25071,1427,1416
2006735,unworn_headwear,0,37837,27907,25161,1398,1348
494669,spot_color,0,44290,27835,25099,1388,1348
389402,upskirt,0,34332,27783,25073,1347,1363
491112,cowgirl_position,0,43692,27771,25085,1351,1335
166757,green_dress,0,41265,27756,24969,1399,1388
4261,forest,0,38467,27689,24931,1334,1424
1119509,high-waist_skirt,0,41643,27661,24810,1453,1398
1373029,black-framed_eyewear,0,40846,27650,24904,1360,1386
1247162,purple_bow,0,42394,27622,24885,1388,1349
14442,walking,0,40819,27588,24877,1368,1343
4596,halloween,0,36244,27534,24855,1305,1374
474995,brown_pantyhose,0,46240,27533,24756,1398,1379
376117,wide_hips,0,42111,27489,24563,1482,1444
380540,legs_up,0,37325,27460,24721,1380,1359
1349206,cropped_torso,0,49176,27388,24551,1393,1444
375441,dress_lift,0,34797,27373,24525,1393,1455
494241,long_fingernails,0,37773,27323,24562,1362,1399
475720,short_ponytail,0,37647,27273,24618,1347,1308
168390,bulge,0,36830,27224,24410,1391,1423
554098,mole_on_breast,0,40280,27198,24534,1295,1369
1441883,round_eyewear,0,49170,27176,24508,1318,1350
391713,long_skirt,0,38556,27138,24482,1319,1337
617615,legs_apart,0,36288,27048,24328,1338,1382
529447,arm_behind_head,0,38299,26951,24170,1359,1422
460324,red_bikini,0,35755,26938,24264,1385,1289
1293269,blue_footwear,0,22803,26919,24198,1300,1421
1320204,black_bowtie,0,44441,26877,24233,1348,1296
610272,purple_skirt,0,38478,26849,24264,1307,1278
463127,white_bra,0,35655,26770,24103,1306,1361
577,masturbation,0,38791,26731,24123,1307,1301
651957,clothed_female_nude_male,0,41617,26681,23998,1371,1312
502548,yellow_shirt,0,43660,26639,23924,1354,1361
1278062,hand_in_own_hair,0,37029,26633,23942,1381,1310
460907,one_eye_covered,0,44927,26587,23944,1337,1306
2863,broom,0,33914,26563,23953,1328,1282
1258089,ribbon-trimmed_sleeves,0,34917,26439,23837,1260,1342
602223,out_of_frame,0,35274,26434,23841,1328,1265
384087,angel_wings,0,40826,26338,23742,1314,1282
660814,dot_nose,0,56496,26324,23693,1383,1248
494842,braided_ponytail,0,34508,26313,23736,1244,1333
572906,crying_with_eyes_open,0,39345,26297,23632,1353,1312
403286,toned,0,42623,26273,23653,1344,1276
427674,epaulettes,0,34910,26261,23580,1303,1378
374915,clothed_sex,0,39827,26234,23524,1352,1358
1373022,red-framed_eyewear,0,34805,26220,23627,1324,1269
1292999,spoken_ellipsis,0,38275,26200,23505,1337,1358
531403,kemonomimi_mode,0,39050,26187,23491,1329,1367
583299,goggles_on_head,0,38083,26170,23605,1272,1293
4648,teacup,0,34578,26139,23530,1372,1237
620577,brown_jacket,0,42307,26092,23400,1353,1339
483081,high_collar,0,44926,26050,23473,1239,1338
1651,rain,0,37179,26030,23433,1283,1314
396680,personification,0,38505,26028,23495,1274,1259
613885,brown_skirt,0,37297,26015,23421,1291,1303
464538,bubble,0,35793,26007,23355,1320,1332
1569,condom,0,35967,25945,23310,1315,1320
465382,crossdressing,0,37490,25859,23185,1278,1396
469517,doujin_cover,0,31795,25809,23123,1383,1303
1656,handjob,0,39519,25794,23237,1227,1330
6175,cuffs,0,35447,25760,23249,1310,1201
374849,school_bag,0,33954,25666,23260,1153,1253
610698,hat_ornament,0,34188,25657,23141,1263,1253
4925,thong,0,35349,25640,23023,1368,1249
1233478,black_serafuku,0,32667,25631,23170,1260,1201
10402,bowl,0,34541,25612,23010,1260,1342
7450,gym_uniform,0,34820,25537,22936,1323,1278
458932,sideburns,0,32296,25520,22800,1364,1356
469668,raised_eyebrows,0,36543,25518,22901,1237,1380
592555,panties_under_pantyhose,0,30465,25496,22986,1230,1280
728008,thighband_pantyhose,0,30553,25479,23001,1207,1271
669624,contrapposto,0,31529,25457,22819,1334,1304
2169,innertube,0,31739,25451,22848,1337,1266
8243,flying,0,34725,25425,22935,1231,1259
634781,nontraditional_miko,0,29860,25413,22883,1203,1327
472197,white_pants,0,46567,25394,22777,1308,1309
559163,emphasis_lines,0,35507,25324,22789,1270,1265
412202,:q,0,33923,25304,22796,1272,1236
442316,pouch,0,38511,25298,22710,1298,1290
453340,santa_costume,0,37162,25263,22711,1265,1287
492380,jitome,0,37302,25258,22644,1292,1322
461492,green_jacket,0,43665,25207,22721,1234,1252
11285,@_@,0,38851,25203,22657,1332,1214
375986,empty_eyes,0,35837,25195,22622,1292,1281
1670660,animal_hands,0,36095,25167,22692,1241,1234
416676,denim_shorts,0,35788,25166,22648,1180,1338
479146,sailor_dress,0,39200,25146,22548,1335,1263
394305,curly_hair,0,36884,25096,22542,1286,1268
494245,red_scarf,0,36110,25049,22546,1254,1249
1045681,white_shorts,0,38119,25023,22473,1305,1245
375883,dragon_girl,0,43289,25000,22604,1207,1189
394759,hand_in_pocket,0,37797,24975,22470,1297,1208
658682,knees_together_feet_apart,0,33467,24955,22400,1278,1277
465145,tanlines,0,33075,24710,22245,1217,1248
570718,fur_collar,0,31635,24663,22219,1211,1233
460502,dual_wielding,0,32665,24569,22128,1232,1209
1585391,abyssal_ship,0,26785,24464,21930,1275,1259
670088,hand_on_another's_head,0,37176,24443,22039,1212,1192
538475,asymmetrical_hair,0,31544,24434,21961,1214,1259
401289,yellow_ribbon,0,36277,24399,22053,1211,1135
2378,buruma,0,32119,24384,21966,1247,1171
471755,machinery,0,29038,24370,21950,1208,1212
493843,head_rest,0,34101,24315,21947,1204,1164
417888,age_difference,0,38156,24314,21980,1174,1160
442474,competition_swimsuit,0,32262,24311,21807,1184,1320
9872,pauldrons,0,36899,24276,21813,1201,1262
380572,dog_tail,0,35064,24242,21762,1221,1259
15200,robe,0,42263,24233,21890,1160,1183
466881,sun_hat,0,31864,24159,21723,1264,1172
513625,asymmetrical_bangs,0,35157,24145,21731,1186,1228
15770,top_hat,0,35635,24119,21701,1180,1238
3354,cumdrip,0,33727,24096,21860,1146,1090
718476,mini_person,0,32753,24088,21784,1170,1134
382111,breast_hold,0,22621,24067,21649,1244,1174
652293,legs_together,0,31411,24057,21524,1318,1215
2336,cigarette,0,36624,23989,21552,1190,1247
462209,thought_bubble,0,37611,23956,21542,1135,1279
872616,white_kimono,0,37538,23859,21473,1192,1194
617355,grey_jacket,0,42781,23853,21498,1175,1180
1314750,white_hairband,0,39224,23852,21510,1189,1153
11882,watch,0,32483,23807,21415,1184,1208
472407,turtleneck_sweater,0,40052,23769,21302,1246,1221
452086,lolita_fashion,0,32905,23758,21353,1153,1252
1835738,blue_one-piece_swimsuit,0,32384,23739,21431,1170,1138
7581,garter_belt,0,30536,23701,21295,1225,1181
677856,star_hair_ornament,0,37176,23644,21378,1172,1094
1369802,blurry_foreground,0,32174,23638,21213,1193,1232
477439,white_wings,0,39456,23636,21297,1226,1113
10031,faceless_male,0,36149,23611,21130,1269,1212
1851,fingering,0,34775,23606,21330,1122,1154
645579,fake_tail,0,37395,23602,21356,1158,1088
502047,blood_on_face,0,40923,23575,21220,1144,1211
1441886,under-rim_eyewear,0,30112,23551,21215,1188,1148
1448325,hands_on_own_hips,0,33152,23545,21081,1258,1206
578153,drinking_straw,0,32947,23520,21175,1134,1211
1226391,yellow_flower,0,37505,23260,20970,1167,1123
516350,white_coat,0,43418,23252,20928,1191,1133
7585,new_year,0,27621,23155,20773,1157,1225
446472,red_rose,0,33198,23049,20719,1161,1169
2489,sunset,0,30999,23048,20752,1167,1129
572753,6+boys,0,33943,22892,20505,1260,1127
394992,shoulder_bag,0,34222,22868,20552,1143,1173
479955,4boys,0,35467,22862,20481,1208,1173
588674,furrowed_brow,0,42496,22815,20596,1100,1119
1811,twins,0,33708,22794,20337,1239,1218
6439,running,0,33636,22769,20556,1048,1165
508272,belt_buckle,0,37174,22765,20430,1150,1185
417883,striped_shirt,0,35683,22728,20394,1207,1127
9831,teddy_bear,0,29400,22728,20475,1132,1121
1644111,official_alternate_hairstyle,0,48887,22702,20421,1151,1130
667171,holding_umbrella,0,36157,22698,20411,1094,1193
374921,sports_bra,0,35113,22691,20372,1142,1177
534168,v_arms,0,27740,22640,20457,1066,1117
572346,wide-eyed,0,35606,22558,20337,1093,1128
10376,naughty_face,0,30196,22527,20267,1106,1154
1256698,partially_fingerless_gloves,0,31359,22518,20218,1144,1156
456688,multicolored_eyes,0,43060,22416,20154,1085,1177
381092,paper,0,32910,22359,20118,1082,1159
15916,hair_down,0,31744,22349,20134,1109,1106
462546,hand_between_legs,0,28450,22334,20099,1111,1124
427050,shiny_clothes,0,27306,22328,20054,1109,1165
435262,stubble,0,33278,22316,19971,1160,1185
537668,poke_ball,0,30616,22296,20143,1103,1050
10538,ice,0,28542,22247,20061,1107,1079
594664,green_shirt,0,38074,22230,20096,1051,1083
106450,shield,0,30261,22223,20032,1096,1095
4039,dog,0,32833,22165,19961,1098,1106
465871,rabbit,0,30019,22150,19986,1077,1087
452445,+_+,0,31175,22139,19875,1111,1153
464578,skull,0,28763,22117,19967,1035,1115
2467,ghost,0,30437,22088,19846,1109,1133
1681088,furry_female,0,40938,22080,19744,1174,1162
544306,colored_eyelashes,0,36930,22024,19895,1087,1042
10543,spread_pussy,0,32030,21994,19724,1134,1136
398889,circlet,0,31394,21987,19766,1094,1127
2967,jeans,0,32769,21954,19748,1103,1103
648056,paw_pose,0,28920,21915,19725,1062,1128
1226390,purple_flower,0,35923,21900,19647,1124,1129
417866,serious,0,30483,21840,19699,1026,1115
4145,spear,0,25895,21833,19639,1074,1120
701042,bandaged_arm,0,33075,21824,19739,1039,1046
477354,sheathed,0,28521,21811,19625,1076,1110
15571,shawl,0,28902,21804,19654,1076,1074
399655,striped_bikini,0,27435,21802,19620,1078,1104
8565,sarashi,0,27944,21795,19531,1130,1134
1312862,blue_bowtie,0,36110,21741,19536,1166,1039
2006740,unworn_hat,0,29507,21733,19581,1102,1050
16554,plump,0,34148,21729,19511,1120,1098
509884,impossible_clothes,0,28774,21725,19500,1137,1088
467285,crystal,0,27995,21692,19579,1072,1041
580379,aged_up,0,29760,21678,19523,1039,1116
377078,cum_in_mouth,0,31338,21667,19538,1053,1076
4033,lantern,0,29823,21665,19535,1078,1052
454379,=_=,0,28132,21640,19407,1076,1157
252271,mug,0,30669,21573,19490,1039,1044
538768,height_difference,0,33054,21544,19421,1093,1030
472727,wooden_floor,0,30786,21475,19242,1119,1114
534968,mini_hat,0,28928,21413,19309,1030,1074
18013,ass_grab,0,3997,21397,19178,1133,1086
660726,rabbit_girl,0,34625,21384,19301,1026,1057
1814875,eyebrows_hidden_by_hair,0,28175,21378,19231,1054,1093
3603,lollipop,0,30192,21363,19202,1061,1100
414971,purple_shirt,0,35113,21294,19203,1072,1019
1515358,blue_theme,0,29343,21283,19062,1128,1093
389,futanari,0,36568,21252,18999,1108,1145
2268,popsicle,0,28059,21242,19100,1091,1051
379945,hairpin,0,33753,21199,19046,1117,1036
464536,bouquet,0,30536,21173,19057,1071,1045
561624,water_drop,0,27981,21170,18979,1087,1104
1810,rape,0,32894,21165,19021,1052,1092
1343866,black_sleeves,0,40117,21104,19001,1006,1097
5875,doggystyle,0,32251,21090,18981,1041,1068
399,yukata,0,26185,21036,18941,1052,1043
1559,minigirl,0,26993,21033,19002,1033,998
11135,rock,0,29232,21030,18948,1052,1030
712723,striped_bow,0,29697,21028,18944,1054,1030
1516547,brown_headwear,0,10321,21009,18901,1044,1064
559022,shirt_tucked_in,0,34654,20979,18925,1041,1013
1339995,green_headwear,0,9922,20936,18850,1038,1048
400587,reaching,0,32948,20934,18799,1128,1007
1335533,holding_staff,0,34159,20927,18879,1021,1027
467008,hoop_earrings,0,32433,20913,18756,1096,1061
464562,injury,0,30005,20910,18902,977,1031
643027,light_blue_hair,0,27954,20888,18743,1060,1085
475744,breastplate,0,30493,20861,18907,956,998
398273,long_legs,0,23916,20839,18754,1090,995
453244,wolf_girl,0,33645,20821,18801,954,1066
380289,missionary,0,32368,20800,18671,1079,1050
548722,enmaided,0,29088,20794,18719,1036,1039
643257,white_leotard,0,31412,20772,18685,1011,1076
690177,tress_ribbon,0,23546,20761,18676,1007,1078
507245,glint,0,28596,20759,18710,1040,1009
506510,military_hat,0,26957,20744,18665,1045,1034
553015,open_book,0,29550,20728,18641,1063,1024
562882,blue_pants,0,38052,20705,18604,1063,1038
520850,bespectacled,0,25646,20678,18656,1010,1012
464566,monster,0,33248,20656,18563,1050,1043
600222,light_rays,0,27550,20654,18591,1021,1042
461117,snowing,0,28670,20653,18600,1047,1006
423620,:t,0,28418,20604,18467,1068,1069
1874884,breasts_squeezed_together,0,28410,20603,18532,1014,1057
457114,dragon_tail,0,32268,20586,18618,969,999
493026,tentacle_hair,0,34110,20571,18519,1019,1033
3478,mirror,0,30109,20564,18437,1079,1048
387213,handbag,0,27787,20531,18492,1055,984
1359441,collared_dress,0,33345,20528,18470,1019,1039
405124,smirk,0,28729,20518,18425,1055,1038
687736,short_eyebrows,0,30098,20489,18403,1084,1002
1081309,mouth_mask,0,31832,20466,18312,1120,1034
451370,upside-down,0,27621,20452,18454,1012,986
566923,hugging_object,0,26372,20430,18456,978,996
472916,female_masturbation,0,28556,20429,18431,1005,993
1517199,mature_female,0,37072,20335,18296,1069,970
662799,animal_hood,0,26374,20312,18280,996,1036
1822,threesome,0,32183,20214,18212,989,1013
400,pajamas,0,29740,20195,18212,1058,925
717047,page_number,0,24554,20138,18079,1080,979
7532,stairs,0,28197,20086,18072,997,1017
16721,blue_panties,0,25812,20063,18008,1011,1044
4357,chocolate,0,27331,20039,17960,1031,1048
498828,adjusting_clothes,0,26994,20021,17983,1049,989
4909,chopsticks,0,26777,19962,17969,963,1030
434996,o_o,0,24747,19913,17916,952,1045
382969,bow_(weapon),0,25576,19888,17936,934,1018
645753,orange_background,0,32039,19885,17932,1019,934
473529,;),0,25805,19878,17830,1033,1015
487236,long_dress,0,33335,19853,17846,1003,1004
1252945,scar_across_eye,0,29780,19836,17763,982,1091
1405752,meme_attire,0,27404,19817,17786,1001,1030
3661,oni,0,30792,19803,17724,1025,1054
458728,waving,0,28824,19798,17873,922,1003
594859,backless_outfit,0,27553,19793,17865,954,974
427398,butt_crack,0,25016,19787,17689,1070,1028
452112,tabard,0,25186,19730,17682,1066,982
478262,double_v,0,29998,19719,17744,944,1031
163224,fins,0,34472,19710,17769,978,963
1262298,off-shoulder_dress,0,29476,19681,17701,986,994
376460,fishnet_pantyhose,0,28531,19673,17682,994,997
5705,ofuda,0,25175,19652,17693,994,965
610013,pink_lips,0,32053,19650,17755,951,944
513807,hug_from_behind,0,28439,19644,17736,959,949
7783,pout,0,27987,19600,17591,993,1016
553367,turret,0,1194,19494,17593,964,937
1255562,folded_ponytail,0,23180,19453,17472,975,1006
7426,sign,0,27588,19446,17474,934,1038
469042,2koma,0,31895,19398,17404,973,1021
570942,front-tie_bikini_top,0,25466,19384,17420,962,1002
560,card,0,28981,19314,17363,965,986
1447826,notice_lines,0,34051,19298,17364,935,999
433182,!?,0,27861,19274,17330,953,991
456193,outstretched_hand,0,25745,19258,17301,954,1003
549355,arms_at_sides,0,28464,19222,17340,899,983
464544,can,0,28601,19196,17292,949,955
16139,mustache,0,31499,19171,17170,1010,991
397690,motion_blur,0,26682,19157,17223,994,940
465048,dog_girl,0,31850,19136,17199,970,967
2809,spoon,0,26957,19135,17166,1012,957
681331,heart_hair_ornament,0,28751,19118,17136,1014,968
464582,strawberry,0,26930,19110,17209,926,975
464567,mountain,0,25665,19075,17229,878,968
392585,contemporary,0,25759,19074,17216,921,937
6207,sportswear,0,26456,19062,17122,953,987
8807,city,0,27308,19059,17165,926,968
509379,on_floor,0,28542,19053,17172,900,981
466335,object_insertion,0,27346,19043,17119,964,960
1358345,pink_footwear,0,0,19013,16985,1025,1003
519572,toenail_polish,0,28974,19003,17065,1000,938
428330,brother_and_sister,0,29914,18984,17046,1032,906
1802,leash,0,28198,18934,17109,903,922
553797,sharp_fingernails,0,27107,18915,17098,892,925
380423,goatee,0,25703,18897,16885,991,1021
442898,skirt_hold,0,24772,18890,16975,963,952
8705,ice_cream,0,26596,18861,16998,946,917
478640,hair_bell,0,24650,18813,16979,914,920
2312,valentine,0,24646,18737,16913,910,914
1681089,furry_male,0,39141,18733,16765,950,1018
1835743,black_one-piece_swimsuit,0,24925,18729,16875,917,937
447403,jumping,0,26321,18700,16904,869,927
377888,torn_pantyhose,0,31647,18696,16798,915,983
1249693,borrowed_character,0,26878,18690,16896,885,909
456370,hands_in_pockets,0,26515,18627,16711,951,965
15224,sand,0,26364,18584,16686,950,948
494337,purple_ribbon,0,26354,18536,16670,946,920
594404,hat_flower,0,26510,18520,16619,949,952
1363594,red_hairband,0,27573,18481,16702,876,903
3429,drink,0,26847,18474,16609,944,921
1611666,dakimakura_(medium),0,23870,18469,16617,886,966
11858,forehead_mark,0,28215,18465,16684,911,870
397045,railing,0,26255,18444,16612,923,909
1349592,blue_kimono,0,27521,18442,16619,906,917
465469,lab_coat,0,28158,18438,16667,873,898
550405,holding_flower,0,28870,18436,16634,912,890
1351963,ass_focus,0,31834,18426,16597,917,912
535691,butterfly_hair_ornament,0,26299,18385,16518,906,961
8418,fence,0,25136,18358,16563,883,912
13027,fork,0,26321,18347,16553,882,912
16609,bloomers,0,23503,18345,16540,931,874
526693,holding_clothes,0,0,18308,16419,987,902
646549,red_cape,0,29188,18297,16526,864,907
667849,bandaid_on_face,0,28075,18293,16457,921,915
2205,mouse_ears,0,26445,18191,16435,873,883
471090,hair_tie,0,24288,18189,16365,892,932
1243463,orange_bow,0,23070,18107,16291,925,891
547289,drawstring,0,26807,18101,16322,901,878
448882,|_|,0,22417,18085,16281,877,927
527256,green_ribbon,0,25847,18052,16352,885,815
375144,nurse_cap,0,25873,18048,16264,890,894
1671,underwater,0,24192,18046,16235,872,939
609887,blue_gloves,0,27712,18042,16194,901,947
541903,purple_nails,0,28546,17998,16184,872,942
1053124,sideways_glance,0,30561,17995,16143,936,916
9434,wedding_dress,0,23971,17985,16165,897,923
643286,full-face_blush,0,24878,17978,16228,878,872
1569656,arrow_(symbol),0,27429,17967,16218,873,876
390589,branch,0,25531,17942,16114,908,920
7508,straw_hat,0,25102,17930,16154,899,877
498413,jacket_on_shoulders,0,25800,17900,16124,886,890
378561,blue_skin,0,28047,17885,16083,863,939
488169,cleft_of_venus,0,34420,17884,16034,938,912
1328010,fur-trimmed_jacket,0,29086,17869,16029,860,980
1372733,blue_leotard,0,24913,17860,16094,865,901
2074,vibrator,0,24138,17856,16050,887,919
1329246,center_frills,0,26392,17855,16086,898,871
659868,covering_own_mouth,0,24895,17780,16028,845,907
7486,fighting_stance,0,25381,17754,16015,864,875
1307840,stud_earrings,0,29320,17751,16080,834,837
1354790,yellow_ascot,0,26006,17736,15983,879,874
464569,palm_tree,0,24480,17729,15910,917,902
656161,hand_on_own_cheek,0,26741,17727,16041,864,822
621064,red_vest,0,24906,17718,16012,866,840
460911,tiles,0,27229,17699,15991,854,854
409364,covering_breasts,0,22280,17681,15935,881,865
1315939,brown_belt,0,31186,17657,15887,888,882
614988,pink_jacket,0,31273,17614,15888,870,856
394528,winter_uniform,0,41488,17585,15900,916,769
1757,music,0,26483,17583,15831,851,901
667463,visor_cap,0,25743,17575,15814,895,866
1256471,off-shoulder_shirt,0,25367,17574,15814,829,931
457574,horizon,0,23299,17570,15863,871,836
583983,black_cape,0,27302,17529,15771,878,880
446622,hime_cut,0,24383,17523,15838,861,824
4318,pasties,0,25823,17520,15723,890,907
1304046,black_bodysuit,0,33421,17450,15745,867,838
1332478,shrug_(clothing),0,27235,17429,15511,968,950
421492,veiny_penis,0,28211,17391,15624,917,850
1582,miko,0,21332,17391,15648,903,840
552306,criss-cross_halter,0,25398,17387,15650,872,865
10440,door,0,24160,17292,15595,803,894
580906,low_wings,0,27874,17291,15600,891,800
1301111,white_sweater,0,26975,17240,15381,902,957
384441,alternate_color,0,25715,17239,15538,813,888
1602539,vision_(genshin_impact),0,24025,17235,15584,793,858
531754,long_bangs,0,32593,17189,15480,834,875
456585,pink_bra,0,21486,17185,15413,880,892
578430,floral_background,0,24470,17167,15428,856,883
379632,panties_aside,0,24599,17161,15418,877,866
548703,sitting_on_person,0,25385,17148,15398,899,851
3313,dragon,0,29060,17143,15414,843,886
543958,bags_under_eyes,0,29809,17134,15394,893,847
978099,nipple_stimulation,0,26176,17125,15463,785,877
572684,white_scarf,0,24929,17063,15523,772,768
1256690,suspender_skirt,0,22868,17040,15305,877,858
464583,sunflower,0,22777,17017,15323,827,867
508726,cum_overflow,0,26541,17010,15305,870,835
670983,hand_on_another's_shoulder,0,29383,17009,15299,828,882
5621,smoking,0,25422,17001,15310,830,861
526218,bandeau,0,21493,16942,15259,876,807
165438,anklet,0,22938,16939,15214,870,855
530083,kneepits,0,23929,16921,15196,882,843
401340,nose,0,23495,16911,15139,909,863
461529,apple,0,23815,16872,15219,822,831
2562,camera,0,24123,16871,15205,856,810
1327458,steaming_body,0,28186,16859,15243,850,766
470562,spaghetti_strap,0,25067,16847,15166,827,854
5953,snake,0,24515,16841,15154,841,846
1505129,chinese_text,0,32869,16840,15216,837,787
1077303,underbust,0,22151,16815,15106,822,887
518422,covered_mouth,0,23235,16807,15134,848,825
411759,cum_on_hair,0,22911,16803,15152,787,864
13207,bandana,0,25261,16774,15094,841,839
486,doll,0,22913,16770,15181,797,792
444411,licking_lips,0,23466,16766,15106,827,833
560167,character_doll,0,25795,16742,15147,788,807
1387418,back_bow,0,26772,16739,15091,803,845
407647,adjusting_hair,0,22226,16734,15057,853,824
420598,highleg_panties,0,22778,16723,15107,775,841
505450,gift_box,0,22905,16691,15011,810,870
524661,folding_fan,0,21737,16651,15018,813,820
720637,chromatic_aberration,0,27058,16590,14928,816,846
421198,center_opening,0,22123,16589,15005,759,825
460323,pink_bikini,0,22293,16583,14863,840,880
550131,large_areolae,0,25081,16582,14829,886,867
705211,fake_horns,0,26986,16578,14966,741,871
541716,yokozuwari,0,21109,16569,14945,832,792
2367,blindfold,0,23342,16540,14839,823,878
1447595,foot_out_of_frame,0,28255,16534,14907,809,818
695937,white_outline,0,32919,16530,14836,839,855
1622419,straight-on,0,33136,16518,14885,806,827
393578,beanie,0,25643,16512,14759,854,899
843399,double-breasted,0,27758,16504,14895,785,824
472943,black_sclera,0,25727,16490,14829,797,864
668671,holding_knife,0,27686,16466,14892,781,793
471181,eyeliner,0,29979,16461,14872,780,809
499629,headpiece,0,21850,16459,14799,798,862
451767,food_on_face,0,22221,16432,14805,781,846
482679,facing_away,0,24276,16429,14865,780,784
622688,muscular_female,0,27045,16424,14725,861,838
9260,blanket,0,22345,16407,14745,885,777
397574,panties_around_one_leg,0,21805,16388,14687,821,880
1332796,round_teeth,0,18609,16382,14796,780,806
742715,adjusting_eyewear,0,22905,16370,14743,812,815
1328421,crown_braid,0,25509,16345,14656,844,845
15987,logo,0,53905,16339,14743,783,813
605892,pov_hands,0,26859,16327,14725,807,795
444095,tail_ornament,0,23196,16325,14683,812,830
1352777,eighth_note,0,19773,16302,14587,903,812
640898,alternate_hair_length,0,22271,16292,14698,813,781
460642,spread_arms,0,22048,16288,14670,818,800
379820,aircraft,0,21114,16254,14614,838,802
383337,sailor_hat,0,19291,16233,14633,797,803
387050,sun,0,22608,16215,14582,785,848
474819,brown_thighhighs,0,26668,16211,14615,827,769
1569657,arrow_(projectile),0,20611,16208,14594,800,814
1310938,white_one-piece_swimsuit,0,22718,16179,14597,823,759
643824,grabbing_from_behind,0,23309,16153,14565,805,783
5228,wand,0,22095,16120,14525,779,816
1263229,hand_on_headwear,0,20612,16096,14513,789,794
1389122,black_collar,0,29171,16091,14549,781,761
1113504,hair_behind_ear,0,27693,16085,14498,762,825
465444,antennae,0,22049,16084,14464,798,822
6032,tabi,0,20121,16065,14459,807,799
16738,geta,0,19449,16036,14511,747,778
560473,partially_visible_vulva,0,21555,15976,14425,752,799
454489,no_nose,0,25058,15970,14356,811,803
1801550,single_side_bun,0,27944,15951,14391,777,783
462124,large_penis,0,29753,15933,14215,867,851
450779,emblem,0,20140,15933,14384,765,784
676924,anchor_symbol,0,18277,15925,14340,758,827
1372775,pinafore_dress,0,24141,15900,14376,756,768
481511,red_lips,0,27475,15890,14449,757,684
1635846,tracen_school_uniform,0,24837,15856,14333,773,750
680569,foot_focus,0,27139,15844,14350,774,720
376102,realistic,0,24585,15840,14241,749,850
440780,sailor_shirt,0,23233,15799,14329,744,726
8891,zoom_layer,0,25072,15797,14181,814,802
2898,basket,0,20889,15791,14228,795,768
594129,head_out_of_frame,0,22493,15787,14235,766,786
381163,petticoat,0,19349,15762,14186,722,854
603647,frilled_shirt,0,24942,15730,14190,781,759
15395,clock,0,21481,15714,14155,738,821
246,nun,0,26092,15708,14064,742,902
448279,cabbie_hat,0,22088,15687,14129,779,779
4816,gakuran,0,21460,15659,14134,744,781
397380,name_tag,0,20839,15649,14113,759,777
409425,bookshelf,0,21430,15628,14024,746,858
432198,arched_back,0,20081,15621,14073,791,757
457877,leaning_back,0,20713,15569,14002,806,761
542666,flipped_hair,0,28017,15567,14033,728,806
818365,selfie,0,22772,15548,14028,814,706
448621,arm_warmers,0,20579,15536,14033,749,754
662424,frog_hair_ornament,0,18675,15483,14043,750,690
15126,interracial,0,25738,15478,13931,790,757
693118,absurdly_long_hair,0,22950,15459,13876,754,829
375266,top-down_bottom-up,0,22023,15437,13906,767,764
1755,dildo,0,23434,15431,13921,768,742
1241714,korean_text,0,28344,15430,13835,767,828
520839,sound_effects,0,28178,15428,13829,777,822
455932,size_difference,0,23308,15427,13852,770,805
8104,angel,0,22364,15416,13894,769,753
501706,card_(medium),0,22109,15393,13911,783,699
522051,on_head,0,20828,15392,13849,769,774
4308,pen,0,22102,15390,13924,741,725
411783,potted_plant,0,23497,15342,13858,759,725
399930,highleg_swimsuit,0,1021,15322,13782,798,742
297241,smug,0,24404,15314,13819,788,707
524779,microskirt,0,21098,15291,13853,738,700
1335363,arm_tattoo,0,27033,15221,13656,772,793
392031,groping,0,97289,15216,13629,802,785
5160,gag,0,22998,15204,13645,777,782
451332,bun_cover,0,19660,15194,13737,738,719
610524,star-shaped_pupils,0,22490,15173,13707,709,757
653480,yellow_jacket,0,24433,15156,13613,799,744
1618371,body_fur,0,24805,15152,13608,817,727
2614,shota,0,22779,15145,13677,728,740
9586,habit,0,15631,15122,13575,709,838
1862786,reaching_towards_viewer,0,24235,15107,13536,827,744
495530,bikini_under_clothes,0,19925,15105,13568,744,793
453768,fairy_wings,0,19565,15092,13630,783,679
584250,summer_uniform,0,27362,15089,13521,798,770
1764,guitar,0,22161,15087,13504,799,784
529493,jack-o'-lantern,0,18782,15068,13569,716,783
479176,bird_wings,0,19235,15041,13580,674,787
331704,bodystocking,0,21007,15010,13461,801,748
375285,winter_clothes,0,20556,14964,13560,677,727
481383,wristwatch,0,21257,14936,13441,755,740
297980,hanging_breasts,0,21810,14918,13438,707,773
10801,android,0,23898,14901,13499,703,699
149791,drinking,0,20556,14869,13366,731,772
558436,silent_comic,0,21244,14864,13254,822,788
1258734,looking_ahead,0,35883,14851,13397,722,732
407056,unbuttoned,0,18266,14838,13337,730,771
670635,cross-laced_clothes,0,22632,14827,13352,753,722
617956,brown_shirt,0,25806,14810,13396,733,681
484924,heart_hands,0,25149,14789,13371,717,701
669725,holding_bag,0,25952,14764,13300,726,738
468449,brown_dress,0,27994,14759,13293,733,733
571873,checkered_clothes,0,20706,14745,13237,756,752
420,onsen,0,19991,14720,13197,731,792
537093,lace-up_boots,0,25587,14706,13233,771,702
133767,swimsuit_under_clothes,0,17412,14654,13278,713,663
1303251,grey_pants,0,26942,14652,13162,706,784
1374209,food-themed_hair_ornament,0,21489,14618,13275,635,708
403785,lowleg,0,17473,14608,13122,759,727
1781,car,0,22214,14566,13177,710,679
3714,cannon,0,17512,14547,13082,715,750
684289,spoken_question_mark,0,21861,14545,13024,715,806
1285325,wrist_scrunchie,0,21057,14463,13066,685,712
1262171,holding_bottle,0,22559,14442,12992,719,731
1314823,black_sweater,0,24566,14408,12940,764,704
5252,cow_ears,0,19919,14396,13002,626,768
8822,eyeball,0,18211,14392,12962,728,702
5626,antlers,0,22154,14336,12926,717,693
11270,mittens,0,17583,14320,12863,675,782
16704,glass,0,19783,14306,12845,727,734
9351,gothic_lolita,0,18473,14287,12849,705,733
455615,cow_print,0,20183,14285,12828,701,756
305065,saliva_trail,0,21425,14282,12895,703,684
2276,pool,0,19729,14279,12906,718,655
392133,heart_censor,0,19328,14265,12915,714,636
484456,back-to-back,0,18616,14258,12828,678,752
414765,hair_over_eyes,0,22618,14246,12910,686,650
1257079,print_kimono,0,21936,14207,12760,738,709
390064,gagged,0,20265,14179,12725,725,729
2181,cheerleader,0,19478,14175,12731,750,694
1571375,poke_ball_(basic),0,21667,14146,12792,678,676
3468,classroom,0,19844,14126,12714,730,682
476771,bush,0,20676,14115,12696,709,710
390591,nipple_slip,0,18577,14110,12670,720,720
450337,ankle_boots,0,19279,14106,12710,672,724
469224,blue_thighhighs,0,19924,14091,12664,700,727
1276712,layered_sleeves,0,29920,14087,12706,674,707
1322401,black_horns,0,33186,14084,12699,738,647
535186,breast_pocket,0,21783,14079,12614,697,768
493887,food_in_mouth,0,20978,14060,12620,712,728
1667541,pom_pom_(cheerleading),0,19405,14056,12603,756,697
413878,electricity,0,20660,14055,12676,658,721
1516549,pink_headwear,0,167,14047,12630,721,696
509,pocky,0,17497,14041,12665,691,685
1410771,artist_logo,0,24719,14020,12645,729,646
9044,leg_lift,0,18000,14014,12645,645,724
10549,clitoris,0,20745,14006,12563,714,729
639717,taut_clothes,0,17305,14001,12597,677,727
477517,chinese_zodiac,0,18465,13998,12622,678,698
414957,confetti,0,21748,13991,12530,720,741
588702,vambraces,0,18960,13975,12487,701,787
607626,hair_stick,0,19070,13974,12665,627,682
379970,bound_wrists,0,21381,13966,12533,717,716
408040,hitodama,0,16990,13959,12587,706,666
526607,print_bikini,0,23516,13953,12587,654,712
5214,overalls,0,23067,13925,12592,665,668
526025,pleated_dress,0,23750,13917,12515,718,684
661340,holding_poke_ball,0,18708,13869,12536,684,649
665407,hand_to_own_mouth,0,17831,13857,12524,675,658
1501454,tinted_eyewear,0,27501,13795,12418,667,710
42918,scales,0,20596,13793,12475,645,673
1648,oekaki,0,25326,13786,12443,660,683
1447858,feather_hair_ornament,0,20207,13769,12378,688,703
406034,arm_grab,0,15206,13760,12355,703,702
375026,headdress,0,17458,13750,12271,754,725
2586,witch,0,19145,13744,12412,669,663
613947,toeless_legwear,0,19887,13724,12371,707,646
1297657,zipper_pull_tab,0,21606,13721,12290,694,737
576287,blood_on_clothes,0,24591,13707,12315,679,713
11030,silhouette,0,18463,13701,12386,645,670
1297465,pulled_by_self,0,0,13691,12348,663,680
574501,ringed_eyes,0,23146,13689,12426,643,620
682963,claw_pose,0,20270,13653,12316,651,686
423612,wedding_ring,0,17247,13618,12268,671,679
391568,assault_rifle,0,18605,13612,12277,678,657
871328,black_kimono,0,21675,13610,12102,783,725
1339640,midriff_peek,0,21953,13605,12256,644,705
704492,armored_boots,0,18673,13591,12230,648,713
377998,petite,0,20804,13588,12322,643,623
84427,reading,0,18734,13588,12234,677,677
393028,controller,0,19033,13582,12185,690,707
378454,wind_lift,0,16386,13568,12192,690,686
843857,red_kimono,0,19129,13545,12186,694,665
720760,holding_tray,0,20761,13544,12220,632,692
488078,purple_jacket,0,21639,13529,12152,711,666
713203,crotch_seam,0,19188,13505,12150,689,666
416906,bangle,0,18161,13487,12136,687,664
11173,sundress,0,17217,13485,12114,703,668
485597,grey_dress,0,22033,13481,12130,749,602
4572,candle,0,20020,13480,12127,646,707
464543,cable,0,20854,13440,12108,649,683
232297,gohei,0,16956,13435,12040,694,701
646445,mask_on_head,0,21033,13431,12160,588,683
435550,headpat,0,18656,13424,12077,651,696
517935,purple_bikini,0,18020,13415,12064,696,655
644684,chestnut_mouth,0,16589,13413,12048,656,709
1250483,holding_fan,0,21139,13408,12033,701,674
394881,school_desk,0,18784,13371,12060,659,652
10280,flag,0,18291,13367,11995,701,671
663804,armored_dress,0,15916,13346,11976,665,705
397948,road,0,18836,13333,11953,688,692
458819,talking,0,18247,13319,12042,632,645
1804525,bridal_garter,0,0,13304,11968,632,704
1230896,horn_ornament,0,16876,13289,11938,663,688
578,lactation,0,20488,13285,11925,657,703
616593,purple_gloves,0,20658,13273,11965,668,640
699839,halloween_costume,0,19221,13260,11952,633,675
568920,+++,0,18742,13249,11948,636,665
1574,magic,0,18705,13249,11871,683,695
374936,lamp,0,18218,13208,11938,624,646
529429,covered_eyes,0,19487,13193,11899,638,656
498201,mini_crown,0,18372,13151,11791,702,658
1396655,white_capelet,0,22265,13148,11823,659,666
394150,blue_rose,0,18094,13148,11810,649,689
442577,ahegao,0,21353,13119,11825,646,648
12457,tatami,0,17627,13111,11750,663,698
785234,shoulder_cutout,0,23145,13104,11803,634,667
1509969,hip_focus,0,15458,13100,11715,713,672
2780,beachball,0,16936,13094,11751,724,619
377169,stuffed_rabbit,0,16901,13064,11806,652,606
10713,unzipped,0,16389,13063,11832,626,605
461439,tube_top,0,20386,13056,11745,679,632
446289,cow_horns,0,18297,13040,11767,568,705
408359,bare_back,0,18386,13022,11754,672,596
211409,wet_shirt,0,16902,12987,11601,686,700
686321,half_gloves,0,20714,12984,11669,646,669
412037,open_fly,0,17068,12980,11613,655,712
4974,gangbang,0,19571,12963,11584,718,661
493832,military_vehicle,0,19273,12947,11641,654,652
614827,tachi-e,0,23389,12932,11620,626,686
4436,bench,0,17413,12921,11649,668,604
2231,fairy,0,17404,12909,11635,656,618
669033,triangle_mouth,0,17470,12901,11627,621,653
280408,salute,0,16986,12901,11654,656,591
545704,blue_hairband,0,20557,12884,11573,634,677
482857,joints,0,20189,12878,11642,603,633
11883,cityscape,0,18649,12846,11575,677,594
374533,creature,0,22352,12830,11600,592,638
484631,naked_shirt,0,16599,12830,11557,667,606
8318,nipple_tweak,0,18216,12827,11600,563,664
1685910,painting_(medium),0,22052,12819,11504,683,632
445092,wince,0,15474,12819,11423,694,702
1342276,blue_halo,0,36116,12804,11587,579,638
2319,fantasy,0,17031,12797,11503,626,668
1379926,black_hoodie,0,20391,12781,11472,643,666
572672,japanese_armor,0,19695,12781,11484,638,659
1367435,falling_petals,0,27520,12751,11522,640,589
1257811,on_couch,0,22351,12739,11523,617,599
656166,hands_on_own_face,0,18840,12712,11438,636,638
3880,light,0,15039,12700,11452,629,619
617541,brown_pants,0,23139,12685,11388,633,664
185924,key,0,16766,12666,11375,655,636
525152,white_fur,0,22942,12661,11352,684,625
3992,bucket,0,16780,12635,11325,643,667
498546,male_underwear,0,17544,12614,11283,651,680
1303436,red_choker,0,18746,12610,11377,626,607
1609981,uneven_legwear,0,15813,12610,11405,584,621
461639,happy_new_year,0,16557,12606,11353,611,642
251010,tiger_ears,0,16917,12593,11292,671,630
375110,haori,0,18263,12586,11354,609,623
376451,inverted_nipples,0,17368,12549,11219,655,675
656170,hands_on_own_chest,0,16392,12549,11297,611,641
675233,open_cardigan,0,19385,12545,11310,671,564
678558,hand_on_own_chin,0,20155,12521,11217,644,660
500740,very_short_hair,0,24323,12514,11231,621,662
811495,undercut,0,17327,12499,11139,715,645
43263,anchor,0,14153,12486,11181,634,671
624352,strap_gap,0,14609,12480,11227,639,614
15131,riding,0,17678,12468,11206,620,642
615659,blue_vest,0,18986,12467,11261,592,614
1267724,symbol_in_eye,0,22337,12458,11235,621,602
638006,thighlet,0,16562,12423,11137,647,639
2880,scythe,0,16770,12420,11199,621,600
1420938,holding_polearm,0,22350,12407,11198,618,591
450702,naval_uniform,0,13597,12396,11206,608,582
416331,animal_costume,0,17054,12395,11138,645,612
933253,on_chair,0,25825,12386,11167,599,620
1388797,blue_neckerchief,0,19834,12358,11205,559,594
838605,animal_focus,0,28600,12346,11069,637,640
449932,w,0,19527,12339,11113,622,604
715118,ear_covers,0,22866,12330,11123,579,628
492202,flat_cap,0,14027,12314,11017,632,665
473301,bow_bra,0,15335,12312,11121,582,609
458,nurse,0,17441,12277,11076,616,585
1429562,two-tone_dress,0,21805,12272,11053,622,597
14859,pointless_censoring,0,15283,12263,11021,614,628
2802,earmuffs,0,14673,12257,11116,547,594
288161,office_lady,0,17346,12236,11088,553,595
473213,red_thighhighs,0,22558,12221,11061,584,576
389456,holster,0,16839,12213,10999,631,583
551848,polka_dot_background,0,17418,12209,10996,618,595
5104,shade,0,16069,12186,10971,593,622
1601823,retro_artstyle,0,19314,12185,11032,593,560
394722,wet_hair,0,15954,12173,10942,615,616
480027,purple_thighhighs,0,21364,12166,11046,571,549
394368,bouncing_breasts,0,29129,12141,10920,587,634
1516550,purple_headwear,0,4973,12130,10943,629,558
461530,balloon,0,19572,12127,10900,587,640
547893,indian_style,0,16479,12126,10952,585,589
656167,hand_on_another's_face,0,21326,12117,10886,656,575
1278425,rigging,0,14305,12115,10971,580,564
507378,yellow_bikini,0,16633,12097,10857,615,625
430066,id_card,0,18884,12083,10918,583,582
1253894,holding_microphone,0,21018,12071,10878,605,588
468789,paw_gloves,0,17120,12055,10851,615,589
1456682,armpit_crease,0,22990,12039,10896,577,566
672705,pink_kimono,0,16902,12039,10813,649,577
576561,alternate_eye_color,0,16013,12039,10819,588,632
15272,bridal_veil,0,16341,12015,10838,577,600
30851,3koma,0,18354,11984,10755,605,624
466325,autumn_leaves,0,15686,11981,10799,608,574
688713,snake_hair_ornament,0,14824,11973,10869,580,524
1308012,red_hakama,0,15275,11964,10729,630,605
723097,after_vaginal,0,18521,11957,10838,588,531
1310698,curled_horns,0,17986,11951,10736,585,630
558230,ice_wings,0,14328,11925,10743,591,591
602796,star_print,0,16624,11919,10714,602,603
464674,stretching,0,17214,11914,10709,632,573
469422,paw_print,0,16661,11900,10760,577,563
1795966,cone_hair_bun,0,15937,11900,10697,601,602
4965,dagger,0,16330,11893,10652,628,613
648077,heart_of_string,0,15187,11874,10649,645,580
450266,wine_glass,0,16870,11866,10664,567,635
463399,randoseru,0,15450,11865,10715,599,551
1669227,hugging_own_legs,0,15271,11850,10648,610,592
3242,airplane,0,15019,11834,10638,602,594
441419,:>,0,15751,11830,10620,624,586
1462380,disposable_cup,0,17953,11816,10701,576,539
466142,fishnet_thighhighs,0,17840,11782,10584,601,597
1393212,yellow_neckerchief,0,20380,11781,10564,620,597
152,ninja,0,17596,11775,10578,579,618
659072,muneate,0,12996,11771,10537,640,594
464560,frog,0,14402,11759,10593,574,592
396079,looking_afar,0,17196,11750,10590,542,618
599873,air_bubble,0,15499,11742,10508,611,623
390148,green_skin,0,21726,11741,10511,613,617
533391,open_hand,0,17715,11691,10527,569,595
230,waitress,0,14905,11691,10533,571,587
1246198,mechanical_halo,0,16923,11662,10444,622,596
7495,sarong,0,15211,11662,10499,607,556
393840,purple_panties,0,14840,11662,10547,580,535
407744,happy_sex,0,17079,11652,10545,549,558
1611664,oil-paper_umbrella,0,15211,11643,10450,575,618
544390,>:),0,14145,11642,10407,615,620
613998,mismatched_legwear,0,15956,11634,10458,615,561
499324,red_shorts,0,16712,11625,10476,537,612
394136,red_panties,0,15580,11621,10428,577,616
567329,limited_palette,0,18963,11620,10338,615,667
166945,yellow_dress,0,17659,11613,10446,608,559
1693074,own_hands_clasped,0,16004,11596,10387,622,587
666816,hand_on_own_head,0,17435,11593,10411,596,586
1685196,hakama_short_skirt,0,13189,11583,10350,631,602
626241,triangular_headpiece,0,16197,11576,10385,626,565
1260354,text_focus,0,17995,11566,10348,578,640
589024,arm_strap,0,17683,11554,10400,556,598
1302741,red_ascot,0,17656,11536,10415,535,586
16149,sack,0,14146,11534,10363,578,593
412080,sleeve_cuffs,0,19264,11523,10430,571,522
5861,bishounen,0,21809,11500,10426,532,542
8180,drunk,0,15873,11483,10282,605,596
528129,one_breast_out,0,15164,11482,10358,563,561
3748,slippers,0,16788,11473,10353,555,565
459290,snowflakes,0,14568,11465,10371,544,550
1812672,pink_halo,0,30128,11463,10342,546,575
6318,space,0,17648,11462,10316,565,581
888554,cropped_shirt,0,24333,11447,10284,564,599
532943,covering_crotch,0,13874,11439,10261,548,630
1316394,hip_vent,0,15862,11433,10239,613,581
472448,highleg_bikini,0,16565,11432,10308,576,548
466164,laughing,0,17119,11404,10298,558,548
555246,black_border,0,17664,11402,10261,568,573
375915,animal_hat,0,15450,11400,10201,591,608
390180,bathing,0,15097,11369,10219,557,593
23249,everyone,0,15600,11364,10167,571,626
516299,style_parody,0,16123,11356,10221,509,626
1257081,scar_on_cheek,0,17353,11312,10113,588,611
639869,white_cape,0,19247,11311,10238,520,553
720163,partially_unbuttoned,0,17231,11311,10228,537,546
592643,navel_cutout,0,15369,11308,10166,577,565
1617412,bare_pectorals,0,15544,11297,10090,583,624
1370047,white_choker,0,18229,11291,10166,580,545
404958,pilot_suit,0,1160,11291,10196,549,546
464545,carrot,0,14938,11290,10162,560,568
6158,orgasm,0,17718,11272,10112,568,592
9481,teapot,0,15433,11218,10067,589,562
1450619,wide_shot,0,17265,11208,10011,606,591
386389,bracer,0,15499,11204,10063,569,572
15771,raccoon_ears,0,15071,11199,10057,581,561
525747,lolita_hairband,0,13915,11198,10031,577,590
464726,tight_clothes,0,18369,11194,10107,528,559
4939,precum,0,16825,11165,10043,574,548
2006742,unworn_eyewear,0,16000,11144,10026,565,553
461736,alternate_hair_color,0,14862,11139,10005,523,611
421188,against_wall,0,15655,11127,9992,561,574
576693,tile_floor,0,17650,11123,10102,504,517
6182,shibari,0,16516,11099,9968,534,597
546667,print_shirt,0,19430,11064,9950,559,555
492982,layered_dress,0,16147,11058,9907,562,589
375461,belly,0,17476,11043,9924,569,550
502136,whisker_markings,0,15764,11042,9914,562,566
541599,mechanical_arms,0,17578,11025,9953,534,538
558653,casual_one-piece_swimsuit,0,12870,11018,9906,575,537
480899,5boys,0,16538,11014,9879,549,586
411560,sexually_suggestive,0,14393,11010,9932,550,528
451190,layered_skirt,0,15751,10993,9906,531,556
447310,green_nails,0,16260,10980,9944,539,497
726825,shoulder_tattoo,0,17992,10974,9835,600,539
483988,condom_wrapper,0,14543,10956,9849,519,588
15020,hibiscus,0,13616,10940,9810,603,527
462974,squiggle,0,16886,10931,9806,553,572
419116,tied_shirt,0,15327,10929,9810,534,585
547199,bikini_skirt,0,14388,10908,9777,559,572
125420,bald,0,16918,10895,9839,553,503
158473,string_panties,0,13856,10893,9814,531,548
1470809,red_horns,0,18041,10888,9788,540,560
1256688,bandaged_leg,0,16236,10880,9805,536,539
521120,backless_dress,0,15802,10859,9819,532,508
4787,axe,0,15963,10851,9687,575,589
1248463,brown_coat,0,18230,10833,9687,582,564
394083,knee_pads,0,14573,10830,9706,549,575
1278539,long_sideburns,0,12709,10816,9667,605,544
650433,invisible_chair,0,17198,10815,9720,556,539
409720,scabbard,0,14581,10810,9737,519,554
2559,incest,0,16466,10802,9705,621,476
13810,torii,0,13617,10796,9707,562,527
506,dark,0,15784,10789,9740,548,501
1222476,crescent_hair_ornament,0,13247,10789,9648,577,564
456270,tasuki,0,12108,10780,9664,551,565
1349338,red_leotard,0,15902,10779,9689,527,563
6312,femdom,0,17527,10773,9693,550,530
594366,bat_(animal),0,14305,10768,9695,521,552
484880,architecture,0,16159,10767,9676,566,525
745997,holding_animal,0,17571,10759,9706,557,496
408438,hair_up,0,13549,10749,9615,584,550
411657,torn_thighhighs,0,17464,10745,9710,526,509
462351,animal_nose,0,16503,10742,9622,560,560
434704,string,0,14593,10741,9667,567,507
1382120,holding_instrument,0,19273,10715,9652,554,509
538023,on_ground,0,17241,10715,9653,524,538
617315,pantyhose_under_shorts,0,14165,10696,9632,533,531
3138,bread,0,16095,10690,9636,518,536
388762,sleeveless_turtleneck,0,15690,10686,9623,539,524
3444,computer,0,15729,10683,9605,559,519
1468069,multiple_others,0,19033,10674,9659,475,540
469551,facepaint,0,15159,10661,9614,537,510
1416387,kita_high_school_uniform,0,12724,10647,9573,574,500
1260880,fang_out,0,14052,10643,9602,515,526
474210,leg_ribbon,0,13614,10629,9675,439,515
572821,star_earrings,0,14620,10626,9569,582,475
428808,wagashi,0,13912,10606,9581,516,509
4026,pumpkin,0,13741,10598,9540,509,549
530962,arm_under_breasts,0,16887,10596,9525,539,532
7580,mecha_musume,0,13269,10595,9542,518,535
562575,green_bikini,0,14523,10587,9585,512,490
397156,presenting,0,16311,10580,9527,521,532
675356,multicolored_background,0,14273,10579,9538,512,529
1328025,fur-trimmed_coat,0,17070,10569,9515,496,558
474598,tate_eboshi,0,12310,10569,9507,517,545
496617,marker_(medium),0,13582,10564,9559,500,505
470269,on_one_knee,0,14297,10562,9482,535,545
500472,evil_smile,0,16422,10559,9550,499,510
1410613,patreon_logo,0,17935,10554,9526,554,474
2565,battle,0,17337,10537,9527,475,535
400382,mouse_tail,0,15638,10535,9511,514,510
2570,idol,0,14865,10530,9411,545,574
1488686,tilted_headwear,0,14542,10522,9473,515,534
2414,vampire,0,14995,10497,9413,542,542
464570,peach,0,12155,10493,9403,528,562
538586,hat_feather,0,15278,10458,9369,563,526
1290625,single_bare_shoulder,0,21949,10454,9402,517,535
411770,cum_in_ass,0,16074,10453,9421,545,487
12724,field,0,15467,10451,9423,498,530
412048,ribbon_choker,0,13424,10435,9375,513,547
375526,short_kimono,0,14849,10424,9354,559,511
1320887,anal_object_insertion,0,14820,10404,9337,512,555
5199,leggings,0,18028,10403,9314,556,533
426594,lace-trimmed_panties,0,12874,10393,9338,538,517
448185,garrison_cap,0,12940,10376,9291,555,530
395583,mother_and_daughter,0,15836,10373,9410,464,499
9504,magatama,0,12475,10371,9299,525,547
558829,animal_on_head,0,13990,10370,9326,517,527
454128,head_wreath,0,15738,10363,9310,517,536
490069,disembodied_limb,0,0,10354,9306,531,517
578891,shoulder_blades,0,14651,10346,9317,519,510
1369967,watercraft,0,14577,10312,9274,522,516
481547,holding_hair,0,0,10304,9264,537,503
547384,tail_raised,0,14182,10302,9295,499,508
1081137,imminent_penetration,0,15324,10299,9342,493,464
684956,frilled_bow,0,17538,10297,9191,562,544
524381,ear_ornament,0,18206,10294,9199,534,561
728807,animification,0,18288,10287,9268,543,476
15202,nipple_piercing,0,16607,10287,9285,514,488
516029,shimenawa,0,13606,10285,9288,498,499
606748,chibi_inset,0,18801,10277,9236,475,566
408248,transparent,0,12485,10270,9210,562,498
473218,lace-trimmed_bra,0,13413,10263,9223,499,541
8301,black_cat,0,15019,10258,9205,568,485
11019,scared,0,15867,10251,9269,475,507
380303,bound_arms,0,15309,10243,9238,460,545
411966,used_condom,0,14897,10241,9143,594,504
461159,reference_sheet,0,16462,10237,9171,521,545
1369553,blunt_ends,0,28927,10234,9303,483,448
515909,asymmetrical_clothes,0,13295,10219,9188,519,512
8577,paintbrush,0,14262,10214,9160,515,539
614271,lace-trimmed_legwear,0,10948,10208,9169,534,505
4960,parasol,0,13078,10197,9179,504,514
397155,huge_ass,0,22420,10167,9209,488,470
504750,princess_carry,0,14514,10167,9173,507,487
507586,yellow_skirt,0,14495,10156,9131,499,526
536,bukkake,0,13894,10137,9117,483,537
578643,striped_background,0,13324,10128,9123,503,502
1749079,sample_watermark,0,19627,10109,9181,503,425
1441860,grey_footwear,0,3460,10109,9101,504,504
1441862,purple_footwear,0,8659,10053,9071,494,488
596854,blue_scarf,0,16008,10047,9043,509,495
726933,clothes_around_waist,0,15636,10037,9064,480,493
443796,under_covers,0,16022,10017,9029,492,496
646363,company_name,0,15498,10011,8921,506,584
473248,blue_bra,0,12977,9999,9004,489,506
513428,watercolor_(medium),0,16181,9998,8954,533,511
715545,duel_monster,0,20784,9994,8994,473,527
456515,tiger_print,0,12305,9991,9001,501,489
1228172,asymmetrical_gloves,0,16045,9981,9043,480,458
13851,halftone,0,14551,9964,8933,526,505
6235,harness,0,17607,9939,8966,454,519
473742,two_tails,0,13638,9926,8949,506,471
493064,over_shoulder,0,13051,9924,8865,507,552
376034,white_eyes,0,18097,9919,8912,474,533
1383260,purple_kimono,0,14636,9882,8819,555,508
881062,grabbing_own_breast,0,15042,9864,8869,508,487
562151,short_over_long_sleeves,0,16247,9854,8872,482,500
1400566,toned_male,0,17539,9840,8786,524,530
414233,cum_on_clothes,0,13114,9836,8822,469,545
372,bath,0,13067,9823,8872,473,478
682686,spoken_exclamation_mark,0,14683,9816,8864,471,481
835846,white_collar,0,17297,9813,8794,470,549
5857,leather,0,14931,9806,8828,536,442
574178,o-ring_top,0,12087,9804,8861,492,451
485014,white_rose,0,15461,9795,8827,490,478
1574663,two-sided_fabric,0,21093,9789,8770,505,514
1262142,holding_bouquet,0,16745,9789,8818,501,470
1392820,black_neckerchief,0,13953,9784,8804,500,480
10369,bedroom,0,15335,9768,8906,435,427
1672,tea,0,13138,9763,8823,464,476
474306,headphones_around_neck,0,14494,9750,8808,470,472
547394,o-ring_bikini,0,12777,9749,8840,479,430
416486,photo_(object),0,14292,9743,8731,515,497
1355714,crescent_hat_ornament,0,11610,9739,8816,446,477
1397428,white_tank_top,0,16761,9717,8792,486,439
1328011,fur-trimmed_sleeves,0,13565,9717,8759,458,500
1271756,black_scarf,0,13766,9714,8758,467,489
376270,pantyhose_pull,0,12048,9707,8787,475,445
8433,thumbs_up,0,14776,9699,8725,490,484
412376,stitches,0,14180,9694,8703,474,517
596449,pigeon-toed,0,11906,9693,8704,459,530
1269062,mitakihara_school_uniform,0,12428,9670,8729,479,462
1233477,crop_top_overhang,0,12193,9665,8661,484,520
563862,gameplay_mechanics,0,14367,9648,8635,501,512
522720,naked_towel,0,13764,9638,8690,486,462
14461,open_kimono,0,14371,9635,8636,518,481
1041483,split_mouth,0,22987,9629,8669,475,485
6203,vines,0,13657,9627,8703,482,442
544230,asymmetrical_wings,0,11891,9616,8693,473,450
514087,cross_necklace,0,15024,9614,8572,537,505
75228,aura,0,14225,9614,8664,475,475
593165,out-of-frame_censoring,0,12221,9602,8660,479,463
1385413,white_hoodie,0,15915,9587,8634,479,474
406340,oversized_clothes,0,13567,9565,8604,489,472
484616,maple_leaf,0,11722,9563,8606,450,507
661337,aqua_nails,0,14580,9556,8619,482,455
1431068,holding_stuffed_toy,0,16140,9552,8625,474,453
390530,grey_skin,0,15936,9539,8600,477,462
515552,striped_dress,0,12984,9537,8554,511,472
4964,nosebleed,0,13317,9517,8504,499,514
4358,plugsuit,0,0,9515,8631,415,469
488261,blue_cape,0,18267,9511,8577,454,480
665739,holding_gift,0,13726,9510,8527,490,493
610074,platform_footwear,0,9718,9504,8561,501,442
388908,raglan_sleeves,0,12749,9480,8519,482,479
724764,hand_on_own_thigh,0,15153,9466,8489,498,479
1689923,pectoral_cleavage,0,14478,9466,8531,438,497
444507,deep_skin,0,12831,9452,8558,455,439
595503,facial_tattoo,0,15309,9450,8530,457,463
1719049,split-color_hair,0,17375,9425,8495,455,475
469978,glowing_eye,0,12775,9410,8447,444,519
392495,tiptoes,0,13781,9408,8451,469,488
421507,leg_grab,0,13283,9407,8426,497,484
1375840,rabbit_hair_ornament,0,16152,9404,8441,500,463
1451201,draph,0,10728,9399,8470,479,450
519374,white_belt,0,16773,9396,8478,478,440
16791,strap,0,12839,9370,8440,470,460
1318267,public_indecency,0,14329,9359,8373,483,503
439130,anniversary,0,14260,9332,8352,489,491
516432,imminent_kiss,0,13744,9328,8392,467,469
501583,in_container,0,13107,9327,8372,508,447
1244676,one-piece_tan,0,11268,9317,8403,452,462
614744,red_pants,0,15754,9312,8356,452,504
459097,cowbell,0,12982,9310,8377,446,487
1313352,brown_sweater,0,15012,9302,8384,446,472
710372,orange_shirt,0,14605,9283,8381,439,463
1320534,pink_bowtie,0,16454,9279,8338,423,518
11651,annoyed,0,14402,9276,8318,453,505
491645,head_fins,0,13609,9275,8338,467,470
3473,giant,0,13991,9274,8304,464,506
703196,leaf_hair_ornament,0,14826,9252,8367,457,428
1260411,holding_plate,0,15502,9227,8301,441,485
666125,holding_fruit,0,14319,9227,8314,462,451
612000,constricted_pupils,0,14103,9221,8297,445,479
1238881,yellow_necktie,0,14646,9217,8343,438,436
374961,no_pupils,0,14979,9212,8220,481,511
1418952,colored_tips,0,16598,9205,8312,436,457
493164,forehead_jewel,0,18212,9187,8220,481,486
483436,fish_tail,0,18600,9181,8330,415,436
423348,chest_hair,0,11882,9179,8169,532,478
681480,light_frown,0,16318,9151,8215,476,460
1740,mermaid,0,12189,9106,8193,447,466
1354336,grey_shorts,0,14656,9092,8185,449,458
482927,belt_pouch,0,13772,9085,8119,484,482
496894,face-to-face,0,14677,9073,8203,465,405
1301235,pubic_tattoo,0,13000,9067,8206,446,415
379375,red_coat,0,15849,9064,8117,456,491
491802,standing_sex,0,15392,9062,8133,485,444
698860,hand_on_own_knee,0,13202,9062,8156,458,448
4429,pencil,0,12371,9057,8200,423,434
53988,fox_mask,0,14769,9048,8176,394,478
492645,gyaru,0,19890,9043,8132,467,444
460555,hair_censor,0,10726,9043,8149,459,435
495147,hair_slicked_back,0,14911,9037,8051,470,516
415106,neck_ring,0,12758,9036,8113,455,468
499772,copyright_notice,0,27286,9029,8097,478,454
10704,bamboo,0,11365,9017,8119,420,478
390893,water_bottle,0,12157,9016,8087,464,465
569780,pink_rose,0,13853,9003,8125,420,458
490606,afterimage,0,13120,9002,8187,407,408
462735,old,0,13715,8997,8096,421,480
2006746,unworn_shoes,0,12983,8992,8081,454,457
7929,shackles,0,12036,8988,8106,454,428
1554924,m_legs,0,12499,8986,8014,466,506
2215,house,0,12832,8979,8100,451,428
663521,shoe_soles,0,13715,8966,8077,441,448
471436,doughnut,0,0,8963,8090,415,458
559585,playing_instrument,0,13510,8956,8047,430,479
1379635,mmf_threesome,0,14194,8954,8057,443,454
440369,multiple_persona,0,12739,8950,8028,468,454
662950,name_connection,0,11280,8948,8056,453,439
590917,leaf_on_head,0,11220,8945,8077,486,382
732590,interspecies,0,15657,8925,8032,484,409
659487,black_tank_top,0,16917,8915,8030,436,449
374955,ruins,0,11910,8912,7998,476,438
3971,handcuffs,0,13458,8906,8080,413,413
395294,head_scarf,0,0,8885,7934,448,503
403904,french_kiss,0,15165,8879,8005,430,444
6202,winter,0,13089,8874,8035,413,426
3102,greaves,0,11375,8865,7986,409,470
474715,crescent_moon,0,12540,8862,7943,445,474
2100,summer,0,11874,8847,7973,438,436
1701063,holding_another's_wrist,0,14035,8835,7996,434,405
718360,polka_dot_bow,0,10464,8833,8007,431,395
403779,navel_piercing,0,13542,8828,7968,403,457
1320207,white_bowtie,0,14036,8823,7940,452,431
629455,striped_necktie,0,12046,8821,7935,416,470
465707,biting,0,12650,8817,7954,451,412
1326379,red_capelet,0,12977,8813,7905,462,446
669790,futa_with_female,0,16533,8794,7925,406,463
430765,sunbeam,0,11411,8779,7907,427,445
2566,mushroom,0,12245,8778,7918,428,432
643811,micro_shorts,0,13260,8759,7892,419,448
420828,sliding_doors,0,12084,8755,7884,436,435
2918,fireworks,0,13496,8753,7833,455,465
543207,east_asian_architecture,0,12939,8746,7867,472,407
443371,raccoon_tail,0,11419,8743,7868,457,418
1152618,bandaid_on_leg,0,14430,8740,7962,386,392
658791,necktie_between_breasts,0,12199,8740,7812,433,495
393891,no_shirt,0,11329,8740,7908,424,408
447060,spiked_collar,0,13519,8736,7865,436,435
466015,kitsune,0,12318,8735,7862,425,448
400657,one-eyed,0,12986,8734,7805,384,545
1261156,green_vest,0,12605,8731,7830,446,455
1422110,ears_through_headwear,0,12118,8728,7840,469,419
530616,checkered_floor,0,11109,8719,7805,451,463
1330221,fur-trimmed_gloves,0,12293,8715,7854,426,435
11555,bathroom,0,12504,8706,7813,453,440
1750248,onee-shota,0,12759,8686,7875,392,419
1379636,ffm_threesome,0,13591,8679,7825,421,433
560578,multicolored_skin,0,17115,8677,7818,434,425
384906,asymmetrical_docking,0,11459,8665,7726,460,479
200140,magic_circle,0,11146,8657,7742,476,439
1401801,black_capelet,0,14190,8638,7740,455,443
1390702,multicolored_jacket,0,16332,8632,7740,462,430
4633,singing,0,12887,8622,7756,426,440
436870,:/,0,12833,8607,7771,406,430
468991,kicking,0,12544,8603,7742,451,410
606828,bead_necklace,0,13893,8592,7756,435,401
490261,partially_colored,0,14969,8590,7702,444,444
15258,torpedo,0,9297,8574,7728,416,430
537886,shorts_under_skirt,0,10916,8569,7699,450,420
532949,trigger_discipline,0,10646,8561,7746,410,405
12286,badge,0,12101,8559,7688,457,414
1385535,grey_sweater,0,13517,8551,7692,453,406
1312164,green_necktie,0,16203,8542,7743,388,411
5157,sad,0,13036,8540,7671,471,398
673732,goat_horns,0,11845,8540,7677,407,456
1437338,brown_cardigan,0,15000,8539,7739,399,401
15959,loose_socks,0,14152,8533,7702,370,461
384905,symmetrical_docking,0,11375,8532,7689,434,409
238471,babydoll,0,10948,8532,7678,418,436
9331,falling,0,12453,8526,7787,353,386
381114,red_skin,0,14196,8510,7672,431,407
546385,heart_earrings,0,13100,8508,7664,417,427
1915731,double-parted_bangs,0,32915,8495,7675,401,419
268105,pants_pull,0,12280,8488,7690,422,376
1484630,see-through_sleeves,0,13839,8481,7675,420,386
1169097,frilled_hairband,0,14336,8479,7601,450,428
1302909,brown_shorts,0,14067,8475,7647,412,416
54490,monitor,0,13107,8462,7621,433,408
1415843,white_ascot,0,17482,8456,7540,465,451
464551,cookie,0,11749,8455,7614,421,420
575497,starry_background,0,3790,8451,7647,396,408
452549,!!,0,12329,8446,7625,415,406
1314745,blue_choker,0,12580,8439,7534,446,459
395658,christmas_tree,0,12043,8439,7608,409,422
1481917,sakuragaoka_high_school_uniform,0,10430,8436,7655,403,378
4924,camouflage,0,11329,8428,7628,378,422
478328,rolling_eyes,0,14110,8425,7636,392,397
1393342,erune,0,9419,8423,7611,424,388
501739,folded,0,11933,8422,7553,435,434
16170,television,0,12071,8416,7584,409,423
148527,stool,0,11787,8410,7538,427,445
1230827,dark_blue_hair,0,16956,8405,7592,383,430
1329446,green_shorts,0,12480,8405,7582,437,386
399391,spiked_bracelet,0,12273,8398,7516,468,414
534254,brick_wall,0,12217,8391,7564,408,419
1510922,other_focus,0,19467,8387,7574,387,426
724584,hooded_cloak,0,12759,8375,7544,403,428
69696,undershirt,0,12402,8374,7502,433,439
465393,pee,0,11072,8372,7517,413,442
1261355,bead_bracelet,0,12466,8370,7528,421,421
1303018,blue_coat,0,14567,8363,7504,407,452
1320888,vaginal_object_insertion,0,12181,8359,7519,445,395
511662,arm_guards,0,10723,8349,7565,380,404
3356,peeing,0,11547,8348,7522,382,444
498950,orange_skirt,0,11306,8342,7515,403,424
491474,gym_shirt,0,13301,8327,7460,443,424
486934,no_mouth,0,14884,8326,7442,461,423
393313,nervous,0,13145,8307,7472,361,474
1269638,handheld_game_console,0,11947,8307,7470,424,413
666377,hair_spread_out,0,29942,8303,7470,407,426
464580,split,0,12131,8303,7486,407,410
10802,bonnet,0,11806,8296,7460,427,409
4065,explosion,0,12152,8286,7447,409,430
604394,pointing_at_viewer,0,12318,8277,7424,427,426
186201,skirt_pull,0,9886,8275,7438,393,444
9983,dancing,0,16962,8271,7387,433,451
1409552,ooarai_school_uniform,0,9694,8263,7455,420,388
513423,graphite_(medium),0,11192,8260,7398,443,419
16507,lion_ears,0,11886,8255,7426,389,440
402799,tiger_tail,0,10734,8254,7380,478,396
396470,arm_cannon,0,11814,8248,7454,400,394
7834,naked_apron,0,10758,8245,7400,400,445
637674,slingshot_swimsuit,0,11262,8230,7420,413,397
502731,hachimaki,0,9275,8229,7405,398,426
581500,plaid_vest,0,9261,8227,7417,414,396
472069,cross-section,0,12848,8215,7424,392,399
644510,dark_background,0,12563,8212,7356,432,424
1320446,facing_another,0,13525,8211,7400,420,391
464550,coin,0,12785,8202,7367,434,401
1496184,tassel_earrings,0,12273,8201,7384,394,423
383117,breast_sucking,0,12788,8200,7365,436,399
378581,brothers,0,13796,8195,7345,452,398
11870,manly,0,10036,8190,7377,428,385
460204,hair_over_breasts,0,9938,8168,7403,364,401
1515359,pink_theme,0,12273,8166,7362,399,405
461699,blank_eyes,0,12794,8147,7387,403,357
385088,earphones,0,11470,8145,7363,381,401
1375839,holding_chopsticks,0,12464,8129,7286,407,436
706995,erection_under_clothes,0,11564,8125,7295,408,422
1318186,braided_bun,0,12131,8110,7246,403,461
556987,sparkling_eyes,0,12886,8109,7310,408,391
493465,playing_card,0,12423,8106,7295,405,406
1326641,purple_bowtie,0,12819,8100,7270,419,411
2089747,argyle_clothes,0,10875,8100,7309,396,395
463475,iron_cross,0,9649,8096,7271,422,403
560670,narrow_waist,0,12258,8094,7282,454,358
606296,dappled_sunlight,0,11620,8090,7303,374,413
421031,huge_weapon,0,10965,8084,7266,442,376
1363856,star_hat_ornament,0,10659,8075,7226,444,405
108777,bra_lift,0,10008,8075,7200,447,428
465836,cutoffs,0,11513,8073,7250,419,404
1304069,yellow_bowtie,0,12487,8069,7290,353,426
510068,splashing,0,10566,8053,7230,418,405
581653,smoking_pipe,0,10747,8044,7202,402,440
392034,dripping,0,10799,8019,7228,376,415
395929,bikini_pull,0,9385,8019,7216,394,409
487745,sitting_on_lap,0,12778,8018,7223,388,407
1248639,grey_gloves,0,12235,8005,7186,429,390
462594,bobby_socks,0,9614,8003,7174,430,399
1491182,vehicle_focus,0,13257,7999,7312,345,342
640872,pov_crotch,0,14545,7997,7233,400,364
1313798,blue_sweater,0,12735,7985,7157,417,411
615907,pink_gloves,0,11801,7976,7158,395,423
434799,0_0,0,9756,7974,7167,395,412
418177,ripples,0,11522,7972,7211,373,388
1474967,grey_headwear,0,3841,7971,7120,449,402
1380647,drink_can,0,12657,7969,7177,407,385
401680,sweater_dress,0,10222,7961,7218,378,365
500,fundoshi,0,10372,7957,7176,374,407
1465099,black_sports_bra,0,12526,7953,7124,403,426
385431,submachine_gun,0,10559,7947,7141,390,416
279773,body_writing,0,11648,7945,7154,374,417
420298,big_hair,0,10663,7930,7107,398,425
393361,seductive_smile,0,11695,7927,7112,409,406
665765,animal_collar,0,12684,7925,7146,384,395
414159,x-ray,0,12147,7919,7105,349,465
1396773,fur-trimmed_capelet,0,11094,7904,7089,391,424
483418,mini_top_hat,0,10770,7904,7132,360,412
516937,oversized_object,0,10844,7903,7115,384,404
606732,soaking_feet,0,9660,7903,7111,395,397
416507,torn_shirt,0,11680,7891,7091,406,394
660963,diamond_(shape),0,13094,7889,7105,381,403
1490428,fringe_trim,0,10388,7889,7103,393,393
419695,sakazuki,0,9606,7881,7016,448,417
1318935,aqua_necktie,0,13703,7877,7025,419,433
375594,pink_thighhighs,0,14849,7872,7065,394,413
1575551,gap_(touhou),0,9811,7857,7077,372,408
376018,ribs,0,11592,7849,7042,409,398
382729,striped_pantyhose,0,10012,7838,7089,362,387
665137,sandwiched,0,10026,7835,7018,424,393
392008,chalkboard,0,10767,7812,7058,374,380
390703,purple_skin,0,12409,7805,7012,413,380
412952,arm_garter,0,9431,7797,7024,369,404
663579,holding_spoon,0,12228,7791,6972,419,400
551141,arm_ribbon,0,10041,7791,7017,375,399
491943,dark_persona,0,11459,7783,6974,406,403
416892,;o,0,10163,7774,6957,403,414
1548634,braided_bangs,0,11165,7771,6952,427,392
1251101,off-shoulder_sweater,0,10769,7769,7014,383,372
1394264,holding_bow_(weapon),0,11414,7766,6994,354,418
10403,futon,0,9727,7759,7029,363,367
1392012,white_bodysuit,0,13320,7757,6993,375,389
582833,ear_blush,0,13103,7743,7028,365,350
1282122,green_footwear,0,0,7743,6971,367,405
1316159,leaning_to_the_side,0,11192,7739,6991,357,391
482376,game_controller,0,12038,7722,6946,409,367
676529,licking_penis,0,12316,7719,6949,384,386
5006,rice,0,10218,7712,6969,366,377
714822,red_theme,0,11923,7707,6947,395,365
588956,untied_bikini,0,8966,7707,6938,396,373
478321,checkered_background,0,9995,7702,6908,403,391
438708,frilled_panties,0,9346,7702,6931,398,373
408887,shoulder_pads,0,10019,7699,6993,359,347
458210,bikini_armor,0,15736,7695,6939,405,351
457806,artist_self-insert,0,10534,7683,6939,373,371
1637638,heart_brooch,0,9764,7683,6898,392,393
2576,fat,0,13739,7680,6978,386,316
541644,aqua_background,0,12372,7667,6893,388,386
3509,syringe,0,11038,7663,6866,419,378
4803,birthday,0,11761,7659,6918,378,363
511571,zzz,0,11509,7659,6886,392,381
1711150,red_halo,0,20376,7658,6922,358,378
593668,huge_ahoge,0,14587,7657,6924,356,377
467794,cow_girl,0,10867,7655,6924,331,400
552246,red_collar,0,12045,7652,6936,378,338
2298,watermelon,0,10154,7637,6888,390,359
504035,film_grain,0,16601,7636,6919,348,369
1898,hammer,0,11103,7635,6895,360,380
391251,breast_rest,0,10115,7634,6883,386,365
388207,yin_yang,0,10047,7624,6894,375,355
1661326,content_rating,0,9586,7589,6776,424,389
374967,power_lines,0,11026,7579,6833,390,356
1367825,green_kimono,0,11039,7564,6805,371,388
417892,shell,0,11019,7561,6785,386,390
3904,rainbow,0,10424,7560,6818,369,373
509903,tying_hair,0,9999,7557,6773,380,404
142348,wardrobe_malfunction,0,9637,7555,6816,346,393
1364407,genderswap_(ftm),0,10391,7534,6823,312,399
108765,broom_riding,0,9548,7527,6781,384,362
1397927,puff_of_air,0,13159,7520,6742,398,380
526026,multicolored_dress,0,11065,7511,6734,383,394
501783,miqo'te,0,10060,7507,6724,394,389
564515,vertical-striped_thighhighs,0,9121,7507,6831,344,332
109153,saucer,0,10460,7504,6716,417,371
640090,red_eyeshadow,0,15225,7503,6810,346,347
715714,voice_actor_connection,0,11075,7502,6739,387,376
3531,bridge,0,10557,7502,6768,364,370
458796,sheep_horns,0,10030,7500,6700,354,446
3898,tank,0,9579,7499,6723,396,380
464547,cherry,0,10830,7498,6753,383,362
13126,lineart,0,12265,7495,6756,366,373
487559,lamppost,0,10740,7493,6776,353,364
498466,implied_sex,0,11019,7491,6732,346,413
1948371,nervous_sweating,0,15056,7482,6741,403,338
1582095,bow_hairband,0,13473,7481,6762,365,354
666921,holding_fork,0,12294,7478,6798,336,344
538953,zouri,0,11285,7477,6750,368,359
378042,bear_ears,0,11296,7473,6696,371,406
1416880,yellow_footwear,0,0,7473,6700,398,375
394743,cushion,0,9648,7458,6739,361,358
1854325,yellow_halo,0,19594,7444,6646,417,381
8696,bathtub,0,10358,7438,6721,356,361
392117,insect_wings,0,10819,7437,6654,415,368
410002,sheet_grab,0,10176,7437,6668,414,355
603198,red_sweater,0,11711,7436,6715,378,343
423161,object_on_head,0,9804,7432,6706,332,394
473284,frilled_bra,0,9281,7394,6647,366,381
1008745,sanpaku,0,12417,7390,6659,375,356
622607,official_style,0,11472,7389,6729,300,360
1441887,rimless_eyewear,0,9637,7388,6654,361,373
797417,ear_bow,0,10944,7384,6640,372,372
492465,grey_thighhighs,0,12882,7374,6662,350,362
511640,single_shoe,0,9304,7368,6670,355,343
1770616,blue_gemstone,0,15046,7361,6599,361,401
1398298,fur-trimmed_dress,0,11170,7337,6555,370,412
1782390,traditional_bowtie,0,10969,7333,6606,381,346
1732562,bikini_bottom_only,0,9524,7326,6615,336,375
388149,ranguage,0,9334,7323,6607,349,367
390768,old_man,0,11148,7320,6577,342,401
1600,beer,0,9884,7317,6574,347,396
1684829,heads_together,0,11191,7316,6599,351,366
376671,scroll,0,9885,7316,6559,385,372
1269470,chest_tattoo,0,12720,7310,6566,401,343
462578,merry_christmas,0,9653,7303,6560,378,365
466467,burger,0,11409,7301,6569,350,382
1316985,shark_tail,0,15071,7299,6609,337,353
2182,police,0,12404,7296,6605,342,349
8988,sniper_rifle,0,9504,7291,6559,378,354
1264677,anchor_hair_ornament,0,8262,7286,6582,350,354
380747,speed_lines,0,10787,7285,6562,361,362
34553,dirty,0,10801,7280,6559,364,357
1542129,skin-covered_horns,0,15976,7277,6522,371,384
1613133,assertive_female,0,12775,7271,6554,330,387
6425,scissors,0,10572,7263,6528,367,368
1364404,male_swimwear,0,10109,7259,6513,391,355
902927,collared_jacket,0,17093,7247,6541,340,366
6230,latex,0,11742,7242,6494,374,374
1251292,fur-trimmed_cape,0,12120,7241,6484,386,371
2998,cunnilingus,0,11926,7236,6541,354,341
12391,double_penetration,0,11085,7235,6514,378,343
11231,feeding,0,9764,7224,6477,387,360
527888,animalization,0,13621,7216,6487,365,364
1304062,yellow_hairband,0,11780,7205,6511,333,361
413865,planet,0,10704,7198,6462,350,386
414773,aiming,0,11471,7197,6527,313,357
2762,coffee,0,10342,7190,6450,377,363
547756,bare_tree,0,10416,7189,6436,353,400
416268,v-neck,0,11432,7166,6371,405,390
14258,nekomata,0,8944,7162,6476,365,321
396065,green_panties,0,9227,7159,6467,328,364
469544,navel_hair,0,9121,7157,6424,404,329
579943,hair_pulled_back,0,9270,7135,6386,367,382
1389146,white_neckerchief,0,10295,7118,6428,351,339
3569,sleepy,0,10154,7114,6405,373,336
2006743,unworn_skirt,0,8893,7092,6393,359,340
4940,foreskin,0,10455,7073,6297,388,388
374409,bad_anatomy,0,16592,7060,6392,328,340
1384761,blue_hoodie,0,11769,7057,6384,345,328
465523,race_queen,0,9709,7048,6396,335,317
1393856,hooded_coat,0,10970,7032,6310,339,383
435834,torso_grab,0,10269,7027,6320,329,378
2006744,unworn_panties,0,9295,7022,6408,307,307
1618887,infection_monitor_(arknights),0,10001,7018,6314,319,385
605308,between_fingers,0,9233,7014,6296,339,379
464558,egg,0,9907,7007,6298,366,343
16739,clipboard,0,9737,7000,6285,345,370
511642,single_sock,0,9850,6992,6304,353,335
403477,electric_guitar,0,11482,6983,6269,348,366
398297,shouting,0,10177,6976,6297,358,321
1326581,brown_vest,0,11062,6966,6257,373,336
553870,sleeveless_jacket,0,10608,6965,6251,380,334
694174,torogao,0,9478,6965,6234,373,358
493130,plaid_shirt,0,9189,6965,6372,315,278
468075,jiangshi,0,8851,6965,6249,363,353
570005,green_pants,0,12188,6952,6307,339,306
1258905,holding_can,0,11747,6939,6257,332,350
495048,lily_(flower),0,9045,6932,6274,323,335
563425,waist_cape,0,9535,6922,6249,340,333
1447648,sailor_senshi_uniform,0,8287,6920,6184,369,367
516375,biceps,0,10682,6917,6205,391,321
375373,long_coat,0,9482,6917,6180,371,366
1508967,purple_theme,0,10552,6915,6230,328,357
3860,cooking,0,9733,6910,6160,365,385
1346561,holding_cigarette,0,12047,6905,6198,368,339
1345874,weapon_on_back,0,11630,6905,6205,368,332
481294,detached_wings,0,10228,6903,6249,339,315
710056,fox_shadow_puppet,0,9298,6900,6236,293,371
712121,trait_connection,0,10122,6891,6201,348,342
449907,topknot,0,10188,6883,6175,361,347
615718,green_gloves,0,10569,6876,6217,325,334
651810,holding_card,0,11122,6873,6200,333,340
421520,no_eyes,0,9950,6873,6175,382,316
1303914,pink_choker,0,9865,6867,6151,383,333
431532,fake_screenshot,0,10722,6862,6173,367,322
420744,shelf,0,9937,6862,6214,317,331
710095,striped_bowtie,0,9323,6862,6206,338,318
614881,open_vest,0,10458,6860,6221,294,345
467264,yawning,0,10265,6855,6150,339,366
652562,book_stack,0,9702,6853,6221,302,330
439891,d:,0,9167,6836,6099,370,367
490010,extra_arms,0,11014,6834,6138,318,378
508932,side-by-side,0,11508,6833,6168,305,360
578856,pink_sweater,0,12185,6823,6164,324,335
647130,white_necktie,0,9933,6820,6135,311,374
1268860,chest_jewel,0,12462,6817,6139,333,345
492769,picture_frame,0,12755,6812,6150,310,352
3577,motorcycle,0,10068,6800,6134,316,350
547348,extra_eyes,0,10272,6797,6106,344,347
415942,jester_cap,0,9171,6796,6167,326,303
695377,planted,0,9289,6794,6136,308,350
679252,solid_oval_eyes,0,10916,6793,6149,328,316
391915,print_panties,0,8985,6789,6102,343,344
626633,spoken_musical_note,0,9524,6783,6084,337,362
1257578,frilled_collar,0,8641,6777,6083,344,350
706041,cross-shaped_pupils,0,12281,6773,6086,367,320
464537,bruise,0,9586,6772,6097,337,338
507496,chess_piece,0,7761,6766,6048,340,378
8354,reclining,0,8863,6764,6107,350,307
480577,:|,0,10406,6763,6113,298,352
397487,pillow_hug,0,8819,6762,6107,336,319
15994,shirt_pull,0,8697,6762,6102,319,341
547349,heart_ahoge,0,10256,6753,6116,303,334
1708,sake,0,7927,6748,6032,360,356
421658,cardboard_box,0,9427,6746,6035,356,355
1298744,frilled_choker,0,10825,6742,6085,333,324
1669073,official_alternate_hair_length,0,10827,6738,6105,307,326
1551197,1990s_(style),0,10003,6735,6079,351,305
1428556,standing_split,0,9982,6735,6068,325,342
482913,black_suit,0,12626,6734,6060,330,344
642359,faulds,0,8548,6729,6047,334,348
587579,floating_object,0,9984,6725,5999,362,364
664517,kariginu,0,9158,6724,5995,349,380
501384,long_braid,0,10427,6713,6005,349,359
4491,monocle,0,9976,6713,6010,313,390
1827216,cube_hair_ornament,0,11141,6704,6038,336,330
661260,yellow_nails,0,10103,6704,5977,353,374
512713,aqua_bow,0,10928,6698,6021,323,354
713253,cross_hair_ornament,0,12500,6693,5997,339,357
422720,uwabaki,0,8545,6679,6046,319,314
1347239,holding_wand,0,10864,6673,6016,324,333
202427,3:,0,8184,6656,5979,340,337
473775,pointy_hair,0,7862,6653,6003,315,335
1262324,shared_bathing,0,19883,6640,5936,345,359
5011,horse,0,10053,6634,5929,341,364
464571,pillar,0,9529,6632,5952,331,349
1408307,black_blindfold,0,9358,6631,5968,315,348
15670,beach_umbrella,0,9003,6629,5982,341,306
1243442,competition_school_swimsuit,0,8292,6623,6009,319,295
569436,blood_on_hands,0,12105,6621,5969,300,352
381678,broken,0,8482,6611,5970,336,305
656330,hands_on_own_cheeks,0,10105,6606,5949,306,351
615970,yellow_sclera,0,11120,6601,5968,299,334
784749,leotard_under_clothes,0,8533,6592,5950,339,303
5473,tape,0,9663,6587,5906,352,329
375424,the_pose,0,9251,6586,5924,319,343
506311,weapon_over_shoulder,0,9147,6583,5882,344,357
471574,over-kneehighs,0,8318,6573,5871,327,375
474091,downblouse,0,8336,6570,5928,307,335
418912,cum_string,0,9158,6564,5921,345,298
821048,pink_hairband,0,10590,6560,5920,296,344
2648,nightgown,0,9200,6553,5889,318,346
633774,bandaid_on_nose,0,9826,6535,5875,348,312
238935,track_suit,0,10859,6532,5866,331,335
399455,poolside,0,9853,6532,5882,341,309
580402,plaid_scarf,0,8308,6511,5806,332,373
8671,female_ejaculation,0,10443,6498,5851,332,315
379427,skeleton,0,10010,6473,5859,294,320
13859,perspective,0,8350,6472,5850,295,327
520820,female_orgasm,0,10325,6466,5796,333,337
4547,lowleg_panties,0,7312,6464,5784,367,313
14297,cyborg,0,9943,6460,5825,305,330
608355,karakasa_obake,0,7326,6460,5870,302,288
393283,orb,0,8644,6459,5846,305,308
1733109,jaggy_lines,0,9676,6456,5846,296,314
375185,doll_joints,0,9799,6451,5816,314,321
473022,side_braids,0,12251,6450,5808,323,319
568318,bokeh,0,8644,6447,5844,285,318
3249,wine,0,9582,6444,5798,296,350
15117,police_uniform,0,11101,6438,5819,313,306
545136,coat_on_shoulders,0,12831,6429,5744,372,313
408582,expressions,0,0,6424,5780,349,295
1312162,short_necktie,0,9693,6417,5808,272,337
378899,bride,0,8578,6414,5761,325,328
1505172,engrish_text,0,8242,6409,5796,292,321
545740,taut_shirt,0,7642,6408,5776,297,335
471598,tail_bow,0,9437,6405,5747,339,319
495851,open_hoodie,0,8505,6405,5806,312,287
1429011,holding_candy,0,11549,6404,5726,329,349
11067,jumpsuit,0,11051,6404,5756,345,303
398955,flower_field,0,9644,6403,5808,288,307
582827,adjusting_headwear,0,9005,6399,5749,320,330
404056,yukkuri_shiteitte_ne,0,7908,6399,5763,328,308
425624,charm_(object),0,12745,6396,5756,334,306
502301,tail_wagging,0,10250,6395,5753,299,343
1468296,beamed_eighth_notes,0,7924,6393,5759,320,314
511691,sweater_lift,0,8495,6383,5729,324,330
1590671,chest_harness,0,12499,6379,5733,306,340
377360,take_your_pick,0,7924,6379,5707,333,339
1483713,multiple_rings,0,12164,6372,5788,291,293
374606,giantess,0,9343,6370,5725,294,351
540619,holding_hat,0,0,6364,5705,347,312
660644,heart_cutout,0,10401,6362,5748,294,320
695469,plaid_bow,0,9264,6361,5728,318,315
498646,crack,0,9148,6359,5709,317,333
465180,ball_gag,0,9555,6345,5708,319,318
546417,girl_sandwich,0,7871,6340,5683,323,334
440458,xd,0,8572,6339,5713,327,299
707075,tile_wall,0,9288,6338,5702,329,307
1450868,chaldea_uniform,0,7180,6330,5678,354,298
1875949,lower_teeth_only,0,12536,6323,5690,311,322
603226,heart_print,0,9356,6320,5671,334,315
41161,street,0,9086,6320,5679,320,321
377,mouse,0,0,6318,5742,298,278
655244,cross_earrings,0,9402,6309,5648,341,320
410239,superhero,0,0,6304,5609,334,361
420311,\m/,0,8139,6302,5676,307,319
476548,pinky_out,0,8247,6287,5671,329,287
381455,shopping_bag,0,8355,6276,5703,293,280
727102,hand_on_own_stomach,0,9248,6273,5676,303,294
1515356,green_theme,0,9245,6272,5620,330,322
1394528,single_sidelock,0,12126,6260,5628,310,322
473283,purple_bra,0,8094,6255,5666,312,277
9894,lap_pillow,0,8896,6247,5603,314,330
524012,pinstripe_pattern,0,11473,6243,5586,314,343
474204,frilled_thighhighs,0,10819,6243,5613,306,324
509953,holding_paper,0,10693,6236,5615,310,311
466986,horn_ribbon,0,7686,6235,5563,330,342
1276067,floppy_ears,0,10560,6228,5622,303,303
16710,sepia,0,8557,6227,5584,307,336
491550,lanyard,0,10164,6223,5631,297,295
561394,reverse_cowgirl_position,0,9866,6221,5620,295,306
609685,two-tone_skin,0,12849,6213,5594,325,294
439983,knees,0,10422,6212,5615,309,288
651956,clothed_male_nude_female,0,8913,6212,5654,313,245
1312163,purple_necktie,0,10378,6208,5649,239,320
11458,baseball_bat,0,10205,6196,5607,283,306
639323,skull_hair_ornament,0,8472,6186,5521,313,352
1335474,sleeves_past_elbows,0,0,6183,5594,291,298
1424093,otonokizaka_school_uniform,0,7252,6175,5559,315,301
1397752,two-tone_shirt,0,11489,6174,5535,342,297
468509,paper_lantern,0,8783,6173,5567,308,298
1405351,mountainous_horizon,0,10422,6170,5567,319,284
1616,kotatsu,0,7640,6168,5580,318,270
1168235,halter_dress,0,9516,6161,5510,348,303
2008674,artistic_error,0,8202,6161,5557,288,316
456272,dog_tags,0,9034,6160,5546,293,321
1281052,brown_bow,0,8995,6160,5534,295,331
455753,leg_warmers,0,13407,6159,5550,303,306
473214,red_bra,0,8616,6157,5504,318,335
1393858,white_camisole,0,11059,6155,5516,333,306
432914,flat_color,0,9541,6152,5488,356,308
502421,glaring,0,9540,6152,5518,310,324
486149,military_jacket,0,9042,6152,5504,326,322
391704,pervert,0,7920,6152,5555,324,273
549705,red_bodysuit,0,11852,6145,5560,280,305
1076628,holding_ball,0,9575,6130,5518,317,295
485638,blood_splatter,0,9025,6129,5531,309,289
9127,dango,0,8302,6119,5522,308,289
3767,laptop,0,8834,6117,5476,319,322
412879,playing_games,0,8542,6116,5509,293,314
3516,river,0,8347,6115,5473,318,324
10367,prosthesis,0,9434,6109,5496,306,307
1275190,twisted_torso,0,8208,6100,5476,323,301
1915972,medium_bangs,0,0,6099,5468,324,307
1425519,tokiwadai_school_uniform,0,7784,6098,5452,334,312
494456,utility_pole,0,9227,6096,5478,313,305
1531697,mismatched_pupils,0,10261,6087,5429,322,336
11935,whistle,0,9980,6081,5445,315,321
1587249,oripathy_lesion_(arknights),0,8325,6074,5431,323,320
474717,front_ponytail,0,8201,6073,5431,301,341
415545,twilight,0,7456,6071,5463,300,308
511644,single_wing,0,9530,6067,5436,298,333
1399176,two-tone_fur,0,9517,6067,5402,358,307
398888,vase,0,8806,6058,5480,290,288
388210,gold,0,11348,6049,5428,296,325
1444169,yellow_headwear,0,3420,6045,5463,314,268
422021,cow_tail,0,8497,6043,5487,251,305
460159,body_blush,0,7230,6032,5436,293,303
1747766,lapels,0,21434,6027,5446,277,304
466779,belt_collar,0,11558,6024,5398,337,289
2083,meat,0,8884,6023,5447,298,278
398857,mind_control,0,9845,6019,5383,310,326
379609,bra_pull,0,7378,6019,5414,287,318
623300,bubble_skirt,0,7394,6018,5483,264,271
525997,print_dress,0,9330,6009,5426,297,286
399604,fucked_silly,0,8812,6009,5431,286,292
1631734,single_mechanical_arm,0,8554,6007,5408,312,287
539284,heart_pasties,0,9073,6002,5372,306,324
383707,pun,0,7901,5997,5356,343,298
1398817,thighhighs_under_boots,0,7779,5992,5376,323,293
585249,faceless_female,0,10043,5985,5370,326,289
216327,shy,0,10428,5984,5381,292,311
375037,striped_socks,0,8583,5978,5387,279,312
424779,thigh_holster,0,8136,5978,5397,309,272
4119,suitcase,0,8807,5976,5357,323,296
378072,huge_penis,0,11248,5974,5392,279,303
389066,castle,0,8178,5973,5357,294,322
882518,blue_butterfly,0,10060,5970,5338,306,326
2786,loincloth,0,8100,5968,5336,326,306
1258923,star_in_eye,0,10267,5953,5387,278,288
387233,paper_fan,0,7267,5952,5318,313,321
1336152,asymmetrical_sleeves,0,8837,5951,5361,290,300
568650,grey_pantyhose,0,10734,5939,5319,319,301
577266,chain-link_fence,0,8595,5938,5378,282,278
717483,flower-shaped_pupils,0,8581,5931,5360,274,297
3288,penguin,0,7687,5931,5380,279,272
1269471,leg_tattoo,0,10548,5917,5312,294,311
841221,very_dark_skin,0,10488,5917,5312,290,315
389995,red_wings,0,8559,5913,5297,335,281
474502,explosive,0,8340,5911,5297,301,313
1251890,suggestive_fluid,0,7605,5894,5268,304,322
471020,covering_face,0,8170,5893,5295,295,303
436889,stomach_bulge,0,10423,5891,5275,316,300
646772,solid_circle_eyes,0,9100,5891,5290,301,300
409832,robot_joints,0,9580,5881,5341,266,274
413907,;p,0,7968,5879,5260,314,305
12438,grapes,0,7560,5873,5287,286,300
1576265,bra_visible_through_clothes,0,8585,5869,5262,289,318
6188,dressing,0,7424,5869,5316,277,276
668478,holding_pen,0,9740,5859,5281,299,279
407260,polka_dot_panties,0,7027,5858,5205,325,328
396696,evening,0,8960,5853,5305,234,314
1972174,holding_removed_eyewear,0,8375,5853,5258,305,290
5814,autumn,0,7637,5833,5246,312,275
483292,gradient_eyes,0,8539,5825,5195,293,337
9469,noodles,0,8204,5824,5233,286,305
1411020,white_bloomers,0,8995,5821,5327,246,248
379975,bound_legs,0,8798,5820,5210,283,327
379597,shorts_pull,0,7801,5818,5209,306,303
1286651,heart-shaped_box,0,8152,5814,5217,280,317
410885,skyscraper,0,8456,5812,5203,346,263
498156,panty_peek,0,8059,5812,5225,326,261
1234394,see-through_shirt,0,11796,5809,5178,306,325
9449,internal_cumshot,0,8785,5805,5231,280,294
1714873,chest_sarashi,0,9423,5804,5222,287,295
1409996,flower_knot,0,9237,5799,5262,268,269
1385298,animal_ear_headphones,0,9788,5798,5254,293,251
533114,turn_pale,0,8353,5798,5257,279,262
450547,water_gun,0,7565,5788,5206,291,291
481812,teardrop,0,8320,5787,5188,311,288
723993,bird_tail,0,7728,5783,5156,305,322
438177,father_and_daughter,0,8343,5775,5225,273,277
1322968,old_school_swimsuit,0,7398,5773,5195,297,281
725289,multicolored_nails,0,8733,5770,5192,262,316
564680,print_pantyhose,0,7641,5762,5173,282,307
504234,punching,0,8953,5759,5188,300,271
388072,costume_switch,0,8175,5759,5171,307,281
582261,unmoving_pattern,0,7401,5752,5192,277,283
460488,feet_up,0,9180,5751,5194,277,280
665797,hand_on_own_ass,0,8331,5741,5165,294,282
6413,uterus,0,8234,5738,5201,264,273
1313101,green_bowtie,0,10194,5734,5173,276,285
460438,damaged,0,7278,5729,5137,277,315
487850,tentacle_sex,0,9043,5726,5146,277,303
1559670,cow_print_bikini,0,9257,5724,5154,271,299
448399,dougi,0,9225,5723,5139,325,259
414161,cum_on_ass,0,8351,5722,5173,278,271
1356896,armpit_peek,0,6964,5718,5175,282,261
507242,monster_boy,0,10336,5717,5180,269,268
2364,onigiri,0,7744,5716,5169,282,265
430739,large_bow,0,7592,5715,5133,278,304
672073,brown_fur,0,10469,5714,5146,326,242
1390882,blue_sleeves,0,10395,5709,5150,282,277
430114,popped_collar,0,9904,5696,5097,290,309
623331,company_connection,0,8330,5694,5148,301,245
626701,bird_ears,0,7223,5692,5116,282,294
399265,fat_mons,0,7081,5690,5126,273,291
1413412,obijime,0,8242,5674,5117,277,280
417653,convenient_leg,0,7385,5664,5124,276,264
405861,rose_petals,0,7434,5661,5101,240,320
512126,shushing,0,8329,5660,5107,281,272
1574241,dolphin_shorts,0,10547,5659,5075,276,308
416506,torn_pants,0,9693,5652,5129,270,253
383172,train_interior,0,8363,5652,5141,264,247
618610,yellow_gloves,0,10337,5638,5026,285,327
1289945,orange_jacket,0,9203,5637,5050,309,278
10495,cowboy_hat,0,9048,5634,5058,265,311
677008,school_chair,0,8283,5632,5087,294,251
1392010,blue_bodysuit,0,9512,5621,5079,265,277
302968,wet_panties,0,6625,5620,5073,258,289
291535,pearl_necklace,0,10338,5619,5063,296,260
418178,waves,0,7951,5618,5035,269,314
4174,tomboy,0,9459,5614,5047,306,261
434225,purple_lips,0,8937,5614,5038,289,287
2688,knight,0,8450,5612,5034,279,299
821623,female_pervert,0,7008,5610,5072,294,244
2806,exhibitionism,0,8119,5609,5055,265,289
432947,no_socks,0,7121,5606,5038,286,282
1256968,swivel_chair,0,9022,5604,5029,292,283
1356361,grey_vest,0,9230,5603,4987,293,323
1295644,vertical-striped_shirt,0,9480,5598,5015,295,288
568513,animal_on_shoulder,0,8059,5597,5030,284,283
405409,tail_ribbon,0,7161,5597,5065,270,262
626243,aiguillette,0,8097,5592,5002,302,288
1378403,purple_leotard,0,7999,5590,5016,287,287
413872,breast_envy,0,6975,5588,5040,266,282
1555383,fur-trimmed_headwear,0,8760,5580,5013,273,294
2006747,unworn_clothes,0,7951,5575,5013,279,283
456933,microphone_stand,0,7673,5563,4996,301,266
399073,waistcoat,0,7801,5556,5036,290,230
634063,flag_print,0,9364,5554,4994,267,293
11062,fox,0,8232,5549,5016,244,289
475381,striped_scarf,0,7247,5548,4957,303,288
406023,projectile_cum,0,8188,5545,4990,286,269
406885,thong_bikini,0,7621,5543,4978,278,287
1345564,partially_unzipped,0,8853,5541,5023,253,265
459940,beer_mug,0,7810,5538,4972,274,292
479932,strap_pull,0,6977,5537,5026,244,267
10205,notebook,0,7955,5534,5004,245,285
554588,suit_jacket,0,10897,5528,5021,246,261
1303985,blue_buruma,0,7804,5526,4973,301,252
482236,striped_skirt,0,7506,5526,4966,281,279
419682,bra_strap,0,8867,5516,4969,273,274
1419007,stirrup_legwear,0,9764,5515,4954,282,279
10045,family,0,7632,5515,4966,259,290
669436,streaming_tears,0,9080,5511,4948,269,294
2282,footjob,0,8798,5510,5001,259,250
626303,mismatched_gloves,0,8917,5508,4965,278,265
473292,blue_socks,0,10604,5505,4990,291,224
476779,ice_cream_cone,0,8252,5504,4963,264,277
561421,striped_ribbon,0,7007,5497,4940,270,287
172313,time_paradox,0,7631,5495,4940,276,279
546453,cat_boy,0,11758,5492,4901,264,327
1285261,pink_necktie,0,8617,5492,4992,251,249
1471843,waist_bow,0,8866,5468,4937,268,263
538432,full_armor,0,8337,5468,4887,303,278
1411717,medium_skirt,0,8329,5465,4921,275,269
4022,maebari,0,8689,5460,4879,271,310
605808,snout,0,7826,5448,4863,298,287
613923,argyle_legwear,0,0,5444,4916,270,258
492418,orange_dress,0,8465,5440,4843,312,285
10322,albino,0,7619,5434,4879,295,260
329,bestiality,0,9078,5432,4881,273,278
673216,toeless_footwear,0,6009,5424,4885,287,252
521411,husband_and_wife,0,8563,5414,4873,260,281
1454257,2others,0,9632,5406,4880,250,276
449974,fur_hat,0,7480,5400,4807,282,311
531372,mouse_girl,0,11515,5396,4884,263,249
439147,cum_on_tongue,0,7738,5393,4868,248,277
578948,closed_umbrella,0,6632,5392,4897,248,247
675901,frilled_hat,0,8178,5388,4895,225,268
1518573,cable_knit,0,6988,5388,4874,277,237
1632773,heart-shaped_chocolate,0,7379,5386,4775,304,307
374989,quiver,0,6716,5382,4826,263,293
584023,shark_girl,0,11361,5380,4878,257,245
656163,hand_on_another's_cheek,0,8926,5378,4864,283,231
5086,whip,0,7791,5378,4818,299,261
673956,falling_leaves,0,8739,5376,4818,284,274
698475,showgirl_skirt,0,10581,5369,4821,272,276
547742,open_hands,0,8103,5369,4844,252,273
6328,chick,0,6863,5367,4815,284,268
494896,hydrangea,0,6587,5366,4829,269,268
177781,cane,0,8248,5365,4841,253,271
1497310,button_gap,0,8537,5358,4822,259,277
496288,orange_(fruit),0,7593,5355,4813,264,278
1399133,grey_cardigan,0,7894,5345,4815,271,259
494868,black_cloak,0,8625,5344,4829,255,260
399834,forehead_protector,0,8628,5340,4768,300,272
375456,zombie,0,7364,5333,4799,273,261
433344,pussy_peek,0,7140,5332,4803,256,273
1328649,orange_flower,0,10191,5326,4839,230,257
459964,unsheathing,0,6933,5323,4804,265,254
1498357,single_leg_pantyhose,0,8980,5322,4790,278,254
379182,energy,0,7437,5320,4771,273,276
724241,holding_camera,0,9390,5319,4737,301,281
477117,raised_eyebrow,0,8556,5312,4785,236,291
1304117,yellow_sweater,0,9364,5308,4814,244,250
520554,blue_fire,0,8583,5303,4761,275,267
449465,firing,0,8019,5303,4778,271,254
1639310,arthropod_girl,0,7541,5303,4769,274,260
1847367,see-through_cleavage,0,8512,5296,4739,281,276
619558,peeking_out,0,6924,5291,4749,265,277
1553182,grabbing_another's_hair,0,8378,5289,4740,281,268
526806,tengu-geta,0,6340,5285,4777,258,250
571473,bandaid_on_knee,0,8290,5283,4846,205,232
559442,red_buruma,0,7330,5283,4748,253,282
2025918,mixed-sex_bathing,0,7784,5272,4684,284,304
686687,hatching_(texture),0,8116,5262,4718,266,278
485999,coffee_mug,0,7844,5262,4786,254,222
7818,anal_beads,0,7354,5260,4717,254,289
1437532,two-tone_jacket,0,9611,5259,4718,262,279
380477,whiskers,0,9436,5258,4745,245,268
494236,taking_picture,0,8258,5258,4763,255,240
8475,bicycle,0,7305,5258,4713,253,292
4440,wolf,0,8014,5249,4765,247,237
1389971,nintendo_switch,0,7289,5248,4733,247,268
517481,winter_coat,0,6949,5246,4756,244,246
407913,bursting_breasts,0,7238,5244,4729,252,263
1505313,romaji_text,0,7020,5244,4719,261,264
423823,ship,0,7031,5241,4743,252,246
1453261,low_twin_braids,0,12058,5235,4692,269,274
360746,waking_up,0,7396,5229,4746,244,239
1309652,holding_strap,0,6978,5216,4671,271,274
12858,bone,0,7712,5214,4695,250,269
1537333,interface_headset,0,0,5214,4685,234,295
394179,crotchless,0,7614,5207,4685,257,265
410903,black_skin,0,9336,5200,4666,252,282
1406853,serval_print,0,0,5197,4624,318,255
473251,print_thighhighs,0,11965,5196,4607,313,276
427529,fat_man,0,8136,5196,4722,272,202
1319919,hands_on_own_knees,0,7441,5194,4693,246,255
1330707,cake_slice,0,8988,5185,4692,219,274
1263450,print_skirt,0,7141,5175,4590,321,264
511643,single_elbow_glove,0,7852,5171,4670,279,222
8594,ladle,0,6866,5169,4675,229,265
613646,on_desk,0,7353,5167,4634,247,286
1302924,yellow_shorts,0,7317,5160,4644,278,238
1512867,multiple_hair_bows,0,10024,5159,4667,267,225
5723,fedora,0,7362,5156,4685,240,231
538327,black_flower,0,8922,5155,4650,248,257
1298903,half-closed_eye,0,7639,5155,4636,247,272
599652,spoken_blush,0,7631,5154,4656,256,242
248665,money,0,7327,5150,4617,287,246
891436,food_focus,0,12333,5148,4640,252,256
7469,revolver,0,7313,5143,4667,225,251
466143,wine_bottle,0,7249,5141,4650,234,257
3778,amputee,0,7658,5140,4620,249,271
502180,blue_wings,0,7323,5136,4620,272,244
461563,poster_(object),0,7824,5135,4651,219,265
1262158,holding_broom,0,7881,5133,4644,248,241
683424,cat_hair_ornament,0,7351,5131,4602,248,281
392453,butterfly_wings,0,6730,5130,4599,276,255
1373278,black_ascot,0,8832,5128,4578,276,274
405981,breast_suppress,0,6207,5128,4583,274,271
1389116,red_scrunchie,0,6781,5120,4621,242,257
648045,sideways_mouth,0,7691,5113,4606,260,247
674492,dress_bow,0,9307,5112,4593,280,239
403588,pink_skin,0,8752,5111,4611,243,257
2311,pregnant,0,9404,5102,4654,227,221
537720,track_pants,0,7432,5097,4543,282,272
485218,trading_card,0,7045,5083,4559,257,267
374357,yandere,0,7423,5079,4579,258,242
7529,ringlets,0,6821,5077,4531,265,281
2006749,unworn_jacket,0,8505,5075,4542,281,252
648630,boy_on_top,0,7911,5073,4601,228,244
510943,orange_bikini,0,7050,5072,4550,257,265
1391985,grey_hoodie,0,8224,5067,4593,242,232
1770615,red_gemstone,0,10043,5064,4577,253,234
1400488,pink_neckerchief,0,8270,5059,4545,269,245
1291919,holding_shield,0,8117,5053,4566,257,230
579607,towel_around_neck,0,7199,5053,4590,225,238
657475,back_cutout,0,7411,5048,4527,252,269
1328598,holding_bowl,0,8079,5046,4539,257,250
513605,colored_pencil_(medium),0,6142,5041,4590,220,231
1319842,forked_eyebrows,0,6862,5038,4520,244,274
410928,multiple_4koma,0,6178,5034,4530,224,280
500990,torn_dress,0,7080,5029,4514,268,247
1590430,squatting_cowgirl_position,0,7751,5027,4529,245,253
3152,lance,0,5212,5023,4541,213,269
616137,reverse_grip,0,6585,5017,4495,262,260
1235097,blood_on_weapon,0,7769,5015,4512,245,258
1341593,bandaged_hand,0,8441,5005,4471,253,281
390918,elbow_pads,0,7124,5002,4516,263,223
10332,crow,0,7026,4988,4519,252,217
684169,ambiguous_gender,0,7289,4987,4472,273,242
640153,muted_color,0,6948,4981,4435,278,268
548543,arm_hair,0,7001,4980,4448,275,257
375919,demon_boy,0,8546,4979,4482,255,242
11990,spring_onion,0,6929,4975,4519,244,212
399003,skinny,0,7968,4971,4487,233,251
105306,condom_in_mouth,0,6240,4970,4467,232,271
9172,kitchen,0,7400,4969,4481,238,250
415277,recording,0,9371,4967,4446,253,268
667200,hand_on_another's_chin,0,8030,4958,4460,251,247
1337096,white_vest,0,8335,4954,4430,248,276
98920,starfish,0,7022,4951,4453,236,262
2006753,unworn_mask,0,6873,4951,4454,251,246
7770,naked_ribbon,0,6686,4950,4456,256,238
415839,armchair,0,6841,4949,4456,273,220
1408536,holding_lollipop,0,9126,4943,4408,256,279
13099,hot,0,7448,4935,4460,249,226
473410,dragon_wings,0,8483,4932,4475,232,225
1229697,drop_shadow,0,9738,4928,4436,239,253
10049,crotch,0,6577,4928,4451,221,256
1396558,frilled_hair_tubes,0,10419,4927,4424,245,258
378695,statue,0,7071,4925,4436,249,240
405636,locker,0,7008,4925,4428,245,252
9857,throne,0,6859,4924,4431,238,255
1862825,one-piece_swimsuit_pull,0,5947,4920,4430,258,232
5094,snowman,0,6614,4919,4408,259,252
667663,elbow_rest,0,7889,4915,4418,270,227
1636976,footwear_bow,0,8407,4912,4401,242,269
4568,crab,0,6596,4912,4424,246,242
55663,danmaku,0,6134,4912,4410,245,257
1421763,blue_capelet,0,8128,4910,4474,211,225
631542,pointing_at_self,0,7454,4907,4399,238,270
1344144,metal_collar,0,7226,4903,4402,260,241
423074,photo_background,0,9600,4899,4428,244,227
15294,lightning,0,7345,4895,4428,207,260
1291900,yellow_fur,0,8727,4891,4486,205,200
515350,knees_to_chest,0,6167,4889,4385,272,232
2476,hose,0,6345,4886,4419,203,264
375076,crowd,0,6914,4878,4308,301,269
376585,stick,0,6808,4876,4419,242,215
431528,gears,0,6685,4874,4388,237,249
616844,blood_from_mouth,0,8082,4871,4359,260,252
535048,humanization,0,9410,4863,4319,258,286
356574,tower,0,6442,4855,4357,222,276
387742,gourd,0,6143,4853,4334,264,255
1376523,weibo_username,0,681,4853,4368,230,255
1338623,purple_hairband,0,7343,4852,4335,293,224
684687,grabbing_own_ass,0,7184,4846,4328,259,259
550765,wrist_ribbon,0,6128,4846,4317,284,245
396001,pocket_watch,0,6428,4844,4358,246,240
449502,dimples_of_venus,0,7015,4843,4352,268,223
400542,road_sign,0,6821,4841,4366,236,239
394795,baggy_pants,0,8000,4837,4339,241,257
663513,brown_bag,0,8659,4827,4340,248,239
570382,hands_in_hair,0,6822,4827,4311,249,267
1416797,pink_cardigan,0,8222,4826,4334,262,230
446993,open_collar,0,8551,4824,4347,252,225
1582503,scar_on_chest,0,7966,4823,4323,247,253
553763,unbuttoned_shirt,0,6218,4823,4360,215,248
1492952,super_crown,0,5757,4814,4313,250,251
400837,crazy_eyes,0,6903,4813,4354,225,234
516128,backboob,0,7944,4812,4308,292,212
396968,reverse_trap,0,6759,4804,4285,243,276
437197,surgical_mask,0,6091,4800,4313,247,240
1528415,roswaal_mansion_maid_uniform,0,5459,4800,4349,217,234
1477193,lightning_bolt_symbol,0,7434,4797,4320,244,233
1950723,unconventional_maid,0,8017,4794,4345,220,229
1320211,orange_bowtie,0,6430,4792,4253,266,273
400555,business_suit,0,6257,4792,4373,207,212
394089,lock,0,6358,4785,4295,240,250
399131,barcode,0,7654,4781,4309,222,250
1246561,brown_scarf,0,6506,4779,4318,218,243
505613,thigh_grab,0,6458,4775,4279,237,259
1631539,slime_(substance),0,7129,4770,4332,210,228
589889,v_over_eye,0,7100,4768,4284,254,230
1533927,garreg_mach_monastery_uniform,0,6426,4763,4280,223,260
649248,red_pupils,0,12482,4759,4314,225,220
1280405,sleeveless_kimono,0,6955,4758,4280,257,221
566804,single_sleeve,0,7044,4756,4328,187,241
1492981,bikini_bottom_aside,0,6735,4756,4278,247,231
1794320,bow-shaped_hair,0,8610,4747,4298,212,237
85824,pole,0,7288,4740,4261,246,233
12857,wedgie,0,6485,4738,4265,233,240
392700,machine_gun,0,7126,4733,4253,239,241
684190,gradient_sky,0,7163,4730,4248,228,254
522913,multiple_wings,0,7320,4722,4254,243,225
6280,waterfall,0,6235,4719,4290,213,216
9176,boat,0,6802,4713,4209,252,252
1409115,green_sailor_collar,0,7189,4712,4260,239,213
386870,trident,0,6209,4712,4256,234,222
188179,letter,0,6456,4703,4256,213,234
483830,imagining,0,6424,4703,4209,240,254
1257056,holding_towel,0,7072,4698,4221,239,238
524552,shiny_pokemon,0,8605,4695,4242,203,250
643102,loose_necktie,0,7107,4695,4250,227,218
550308,>:(,0,5993,4695,4207,235,253
438648,stand_(jojo),0,6564,4694,4197,228,269
1524489,looking_at_object,0,10626,4690,4186,252,252
591983,disembodied_penis,0,7313,4688,4247,232,209
492359,towel_on_head,0,6108,4688,4231,206,251
406620,pouring,0,6700,4682,4203,222,257
463152,poking,0,6425,4675,4212,226,237
2073,hairpods,0,6414,4671,4221,217,233
422654,gigantic_breasts,0,10431,4669,4178,270,221
415000,impossible_shirt,0,5870,4664,4166,256,242
1342157,fur-trimmed_boots,0,7146,4662,4240,201,221
380931,pirate_hat,0,6561,4661,4204,246,211
1312340,red_rope,0,6173,4660,4224,206,230
1516548,orange_headwear,0,2750,4657,4159,236,262
1518440,mouth_drool,0,8939,4656,4212,221,223
481427,steepled_fingers,0,8073,4647,4200,211,236
8591,bustier,0,5579,4641,4187,224,230
398219,breast_lift,0,5844,4637,4217,202,218
584126,pointing_up,0,6838,4632,4162,223,247
661261,planted_sword,0,6546,4632,4169,216,247
1376935,blue_ascot,0,7807,4630,4148,237,245
1307533,carrot_hair_ornament,0,6102,4621,4214,174,233
535308,body_markings,0,9882,4619,4155,218,246
560881,soap_bubbles,0,6402,4617,4151,232,234
1409116,red_sailor_collar,0,6838,4612,4150,233,229
1229660,multiple_horns,0,8493,4608,4047,318,243
419496,male_masturbation,0,6659,4606,4182,202,222
473300,mandarin_orange,0,5984,4606,4148,248,210
662240,mini_wings,0,6757,4604,4156,235,213
7444,dark_elf,0,7505,4597,4097,265,235
431758,locked_arms,0,6410,4597,4141,228,228
6381,clover,0,6076,4596,4135,226,235
466061,album_cover,0,6595,4594,4163,211,220
652486,v-fin,0,6583,4589,4144,226,219
374379,hairy,0,6918,4582,4093,274,215
383468,lowleg_bikini,0,5476,4582,4125,231,226
391942,long_tongue,0,6952,4576,4132,208,236
589477,argyle_background,0,5942,4571,4116,231,224
432388,leather_jacket,0,7606,4565,4109,243,213
716981,holding_own_arm,0,7074,4560,4126,239,195
151645,evil_grin,0,6870,4560,4135,185,240
631144,halftone_background,0,6135,4558,4070,249,239
618153,pink_scarf,0,6750,4557,4096,233,228
54471,midair,0,7631,4554,4136,199,219
486797,unsheathed,0,5503,4554,4065,222,267
390,demon,0,7296,4550,4124,202,224
1515362,yellow_theme,0,6299,4548,4127,202,219
1299132,holding_box,0,7510,4546,4110,207,229
464548,clone,0,7086,4544,4109,232,203
429487,double_handjob,0,6757,4543,4111,262,170
990162,heart_in_eye,0,8393,4541,4094,226,221
383694,jar,0,6655,4541,4072,229,240
408052,gym_shorts,0,6224,4537,4067,227,243
589286,purple_rose,0,6808,4536,4045,233,258
488003,leg_hair,0,5868,4536,4028,272,236
395984,dress_pull,0,5956,4535,4048,233,254
586284,heart_background,0,6785,4534,4092,220,222
596179,anal_tail,0,6224,4530,4109,193,228
584478,leaf_print,0,6233,4523,4074,229,220
638426,arm_belt,0,8181,4522,4120,215,187
482941,flight_deck,0,5007,4522,4060,240,222
380538,bubble_blowing,0,0,4517,4075,228,214
639592,heart_necklace,0,7060,4513,4052,236,225
1350141,cat_cutout,0,5750,4510,4058,221,231
1374290,covered_collarbone,0,8327,4507,4007,245,255
492671,moaning,0,11581,4504,4072,202,230
675353,frilled_gloves,0,7511,4504,4037,265,202
660422,leaning_on_person,0,7313,4504,4084,206,214
464541,bullet,0,6056,4498,4031,225,242
441477,defeat,0,6688,4497,4023,225,249
1400482,earclip,0,9290,4494,4039,224,231
1298076,winged_arms,0,6333,4486,4065,229,192
475366,trench_coat,0,6375,4485,4072,191,222
1355655,grey_coat,0,9004,4483,4044,206,233
1619425,crescent_pin,0,5380,4481,4040,223,218
403942,earpiece,0,6672,4479,4032,222,225
3997,landscape,0,6491,4479,4051,223,205
1219136,hand_on_own_arm,0,7404,4477,4003,228,246
376168,puddle,0,6233,4473,4031,214,228
1327681,red_sleeves,0,8590,4472,4052,205,215
12570,armpit_hair,0,7387,4471,4040,221,210
553007,strapless_bikini,0,6010,4471,3997,241,233
1256300,multicolored_skirt,0,6082,4470,4033,215,222
636788,frilled_pillow,0,5304,4468,4056,201,211
1161088,2021,0,5088,4468,4011,245,212
526090,checkered_skirt,0,5164,4465,4037,233,195
409818,polka_dot_bikini,0,5228,4454,4019,215,220
540428,arm_around_shoulder,0,7108,4450,4023,235,192
541609,open_door,0,6695,4450,4059,185,206
474982,white_robe,0,9591,4449,4029,199,221
4855,school,0,6873,4446,4029,226,191
1444529,linea_alba,0,8999,4445,4005,227,213
426587,yellow_panties,0,5771,4445,3991,208,246
750849,holding_mask,0,7089,4442,3974,236,232
1350220,cat_lingerie,0,5915,4440,4001,213,226
461372,mobile_suit,0,8143,4438,4003,218,217
390314,nude_cover,0,5658,4433,3996,212,225
500976,netorare,0,7626,4429,3991,246,192
4898,baby,0,6752,4428,3984,218,226
516646,macaron,0,6254,4427,3987,225,215
644588,long_eyelashes,0,8553,4420,3940,249,231
4478,bodypaint,0,5790,4420,3976,237,207
1161089,2022,0,5683,4419,3977,212,230
1422082,digimon_(creature),0,10937,4417,4030,159,228
578084,black_tail,0,10807,4416,3970,224,222
675804,nervous_smile,0,7883,4414,3964,212,238
1035339,red_headband,0,7091,4408,3951,234,223
539465,tiger_girl,0,6388,4406,3960,245,201
379878,thorns,0,6616,4402,3977,221,204
649373,command_spell,0,5939,4401,3975,232,194
1448342,two-tone_gloves,0,7586,4399,3930,230,239
2191,shop,0,6350,4398,3977,198,223
1437301,black_bag,0,9466,4396,3972,206,218
507697,purple_pantyhose,0,9416,4388,3962,219,207
473818,tissue_box,0,5750,4387,3950,220,217
456376,pince-nez,0,5884,4381,3941,221,219
406397,against_glass,0,7136,4380,3911,231,238
1582500,scar_on_arm,0,8252,4375,3900,264,211
1411341,hooded_capelet,0,6376,4375,3941,227,207
664058,orange_ribbon,0,6355,4374,3948,199,227
3093,bear,0,6317,4372,3946,196,230
1415656,grey_sailor_collar,0,7159,4369,3883,283,203
3045,alien,0,8426,4368,3864,242,262
567636,painting_(object),0,6708,4365,3927,203,235
1336138,red_belt,0,7592,4363,3962,188,213
392612,pentagram,0,6211,4355,3966,161,228
1183480,blue_belt,0,7739,4346,3934,205,207
1560432,reverse_outfit,0,6571,4346,3899,210,237
468460,torn_skirt,0,5606,4345,3896,213,236
596219,sagging_breasts,0,7203,4343,3950,199,194
677023,underboob_cutout,0,6192,4342,3907,228,207
4069,sailor,0,5521,4340,3880,240,220
1344732,striped_jacket,0,7827,4339,3851,242,246
1350193,musical_note_hair_ornament,0,7101,4337,3860,231,246
426470,silk,0,6215,4337,3896,218,223
411896,no_nipples,0,6299,4335,3907,206,222
544274,backwards_hat,0,6482,4333,3896,207,230
634393,heart_choker,0,7159,4330,3923,209,198
1335364,stomach_tattoo,0,6861,4329,3907,193,229
405756,hypnosis,0,7130,4324,3873,221,230
581054,keyboard_(computer),0,0,4323,3917,219,187
441110,office_chair,0,6647,4321,3883,222,216
408969,no_pussy,0,5334,4321,3881,176,264
646029,egasumi,0,5648,4320,3927,185,208
1258092,ribbon-trimmed_legwear,0,0,4319,3900,227,192
1161090,2023,0,5964,4312,3871,232,209
616376,assisted_exposure,0,5411,4303,3914,186,203
9618,library,0,5711,4301,3917,174,210
539090,imminent_rape,0,5798,4300,3881,208,211
1766885,demon_slayer_uniform,0,5070,4299,3880,223,196
1141250,black_fur,0,9213,4296,3872,230,194
1421703,small_horns,0,5450,4294,3879,224,191
883683,white_feathers,0,6923,4292,3831,214,247
536524,tablet_pc,0,6641,4291,3893,192,206
638022,see-through_silhouette,0,6014,4288,3873,185,230
2606,milk,0,5783,4284,3828,238,218
560677,arm_rest,0,6408,4277,3830,217,230
1454264,heart-shaped_eyewear,0,6631,4276,3855,211,210
1238711,pink_shorts,0,6741,4275,3823,230,222
451769,toe_scrunch,0,5911,4273,3839,209,225
1205954,looking_at_penis,0,7386,4272,3844,180,248
1438791,holding_pom_poms,0,6996,4269,3815,235,219
395198,test_tube,0,5898,4268,3815,210,243
479792,circle,0,6097,4265,3867,186,212
1489840,white_horns,0,7045,4262,3854,203,205
1235204,bike_shorts_under_skirt,0,6775,4261,3832,222,207
1326150,purple_vest,0,6315,4259,3836,212,211
619493,ears_down,0,6560,4249,3859,202,188
466449,spider_lily,0,5776,4245,3809,222,214
1478255,dangle_earrings,0,0,4243,3807,224,212
619121,hair_beads,0,6193,4242,3826,217,199
472867,arm_hug,0,5826,4236,3819,213,204
11620,spread_anus,0,6365,4232,3784,229,219
1291748,print_bow,0,4809,4232,3745,265,222
1423707,holding_scythe,0,6776,4220,3829,197,194
572,toilet,0,6145,4218,3788,183,247
375225,flaccid,0,6105,4213,3795,225,193
1385010,kissing_cheek,0,7078,4210,3780,208,222
611884,uneven_eyes,0,7263,4204,3777,224,203
6376,lake,0,6017,4202,3757,199,246
446070,lion_tail,0,6205,4199,3781,207,211
634270,bat_print,0,5526,4198,3807,190,201
702916,imminent_vaginal,0,5891,4195,3802,204,189
411148,remote_control,0,5329,4195,3744,196,255
601423,yellow_scarf,0,6704,4191,3758,210,223
460085,mechanical_wings,0,6229,4190,3793,198,199
718139,food_print,0,8270,4187,3783,210,194
443901,shide,0,5481,4178,3761,235,182
151042,envelope,0,5962,4169,3752,185,232
1303383,blue_scrunchie,0,5811,4168,3770,223,175
543455,bolt_action,0,5608,4168,3784,201,183
1257075,number_tattoo,0,8082,4164,3714,227,223
378543,egg_vibrator,0,5752,4162,3705,220,237
392360,stage,0,6708,4156,3745,184,227
621745,brand_name_imitation,0,5593,4154,3717,227,210
11366,policewoman,0,7340,4150,3760,194,196
560091,cat_hood,0,5537,4150,3717,207,226
427758,kiseru,0,4997,4147,3722,213,212
1403308,virgin_killer_sweater,0,5137,4144,3749,210,185
1559152,reverse_bunnysuit,0,6252,4143,3713,203,227
429161,paizuri_under_clothes,0,5924,4143,3735,200,208
405623,dog_boy,0,8345,4141,3722,226,193
1670357,furry_with_non-furry,0,6800,4140,3739,217,184
754200,oppai_loli,0,6654,4137,3752,168,217
376648,fishing_rod,0,5600,4133,3788,166,179
390569,cat_paws,0,6055,4132,3706,209,217
491861,sleeves_pushed_up,0,5084,4129,3672,220,237
382106,fisheye,0,5555,4128,3691,213,224
386432,leaning,0,5603,4122,3702,205,215
449248,scope,0,5531,4115,3740,184,191
1928,tiger,0,5499,4110,3685,216,209
891880,lion_girl,0,6117,4107,3690,185,232
394046,power_armor,0,6823,4102,3678,195,229
554092,food_on_body,0,5816,4099,3667,232,200
1257314,idol_clothes,0,8426,4087,3691,189,207
460863,spider_web,0,5871,4083,3678,203,202
638728,print_gloves,0,9644,4082,3605,290,187
1327007,holding_axe,0,7256,4080,3652,216,212
382125,rapier,0,5410,4079,3693,194,192
1315028,lower_body,0,6095,4077,3691,201,185
424585,viewfinder,0,6767,4075,3629,224,222
467080,thank_you,0,7256,4074,3671,199,204
390579,colorful,0,6114,4062,3627,204,231
576406,folded_fan,0,5557,4059,3634,217,208
506307,thong_leotard,0,5742,4057,3654,206,197
399479,fog,0,5748,4054,3632,209,213
11981,kyuubi,0,5647,4050,3650,205,195
422830,paper_bag,0,5616,4049,3639,203,207
458486,mother_and_son,0,6561,4048,3659,208,181
849024,bikini_top_lift,0,5295,4047,3677,163,207
1455730,raccoon_girl,0,6507,4045,3628,190,227
380805,flashing,0,6077,4045,3640,206,199
623390,glowing_weapon,0,5585,4044,3595,225,224
720478,lifting_person,0,6749,4042,3660,197,185
464577,shooting_star,0,6263,4041,3624,213,204
1530508,scar_on_nose,0,6245,4040,3661,186,193
634638,text_background,0,5748,4040,3615,229,196
553771,cheek-to-cheek,0,5497,4038,3626,198,214
400245,opaque_glasses,0,6031,4031,3641,213,177
1533601,sideless_outfit,0,5646,4031,3615,214,202
1281555,aran_sweater,0,4930,4030,3661,205,164
609122,multiple_belts,0,8200,4029,3624,194,211
1332539,pubic_hair_peek,0,6452,4028,3607,220,201
543339,bandaids_on_nipples,0,5732,4028,3636,205,187
492468,plaid_dress,0,6381,4025,3648,162,215
434827,soccer_uniform,0,5181,4023,3632,188,203
404134,spread_ass,0,5983,4017,3608,206,203
395355,fusion,0,6087,4014,3614,206,194
493348,christmas_ornaments,0,5609,4010,3618,207,185
560040,framed_breasts,0,5594,4010,3589,207,214
525461,smokestack,0,4878,4007,3628,208,171
3375,chicken,0,5163,4005,3607,207,191
2288,octopus,0,5499,3999,3590,206,203
551333,uchiwa,0,4575,3998,3573,214,211
476596,sode,0,4735,3996,3566,205,225
399543,flip-flops,0,6255,3991,3582,193,216
4365,tsundere,0,5450,3991,3569,220,202
399418,shore,0,5993,3988,3602,212,174
723098,after_anal,0,5846,3988,3580,217,191
3291,teacher,0,5359,3988,3585,197,206
222138,shrine,0,5262,3987,3606,190,191
1440623,jacket_partially_removed,0,7497,3983,3550,228,205
385804,lifebuoy,0,4753,3982,3564,179,239
666708,w_arms,0,5724,3980,3565,194,221
1312165,orange_necktie,0,6476,3979,3591,195,193
724362,single_detached_sleeve,0,6487,3978,3537,212,229
11828,flexible,0,5919,3973,3556,226,191
10469,duck,0,5565,3973,3599,167,207
1245131,bikini_tan,0,5027,3972,3557,216,199
1304570,cat_ear_headphones,0,6984,3970,3605,211,154
459009,penis_on_face,0,6202,3970,3604,187,179
1273311,vertical-striped_dress,0,6065,3967,3551,202,214
605145,soul_gem,0,5705,3965,3601,193,171
641554,tomoe_(symbol),0,5957,3964,3595,184,185
1242915,rose_print,0,5987,3955,3517,236,202
582680,unaligned_breasts,0,5439,3955,3551,205,199
400545,red_moon,0,5121,3953,3536,205,212
461542,red_sash,0,8278,3951,3578,184,189
1252645,orange_nails,0,6062,3951,3566,181,204
1387105,pink_leotard,0,6183,3947,3524,187,236
4434,violin,0,5611,3942,3558,187,197
546810,orange_sky,0,6432,3941,3573,176,192
535299,red_sclera,0,6463,3940,3548,174,218
1475826,holding_pokemon,0,5560,3935,3525,202,208
49941,lemon,0,6053,3929,3540,187,202
397397,cum_pool,0,5438,3929,3565,175,189
481088,constellation,0,5478,3913,3536,203,174
11028,swimming,0,5353,3911,3484,218,209
6453,death,0,6228,3908,3547,170,191
676138,asymmetrical_footwear,0,6343,3906,3509,203,194
6424,cage,0,5500,3906,3527,194,185
4191,sushi,0,5279,3904,3516,180,208
614707,no_legwear,0,5033,3904,3526,196,182
1322421,bandaid_on_cheek,0,7172,3902,3501,208,193
9799,kunai,0,5355,3902,3529,188,185
652354,too_many,0,5863,3901,3525,182,194
458711,hand_under_clothes,0,5395,3899,3497,220,182
502536,paint_splatter,0,5647,3892,3479,208,205
377929,sheep_ears,0,5301,3892,3483,184,225
485061,hair_tucking,0,0,3892,3530,190,172
629987,radio_antenna,0,7819,3891,3509,209,173
684686,grabbing_another's_ass,0,19767,3889,3481,207,201
513303,afloat,0,4940,3884,3442,229,213
464585,tomato,0,5959,3877,3494,190,193
262264,tight_pants,0,7152,3876,3488,192,196
8255,dancer,0,5943,3875,3446,200,229
482172,contrail,0,4947,3873,3510,214,149
1770614,green_gemstone,0,7591,3870,3523,180,167
548829,chewing_gum,0,5497,3870,3481,208,181
590039,animal_feet,0,6351,3869,3518,170,181
1468959,horror_(theme),0,6812,3868,3469,195,204
1253174,employee_uniform,0,5044,3868,3444,208,216
2709,needle,0,4773,3865,3446,208,211
404436,ribbed_shirt,0,5782,3862,3502,177,183
5980,rooftop,0,5158,3856,3481,181,194
4768,sheep,0,5386,3855,3459,203,193
1622516,earth_(planet),0,5677,3851,3448,192,211
1217551,black_armor,0,7448,3849,3460,188,201
1319620,wing_hair_ornament,0,7397,3848,3458,198,192
471771,pumps,0,7052,3848,3448,188,212
687681,partially_undressed,0,6662,3848,3464,203,181
599594,prosthetic_arm,0,6264,3848,3457,205,186
7631,harpy,0,5430,3848,3505,184,159
493515,game_console,0,5084,3848,3462,202,184
16144,rubber_duck,0,5531,3847,3458,184,205
425654,beak,0,5998,3846,3416,212,218
10983,shotgun,0,5906,3845,3461,200,184
394619,furisode,0,6128,3844,3419,209,216
446690,gloom_(expression),0,5630,3844,3447,195,202
481604,penis_awe,0,5861,3843,3445,183,215
1227710,tail_through_clothes,0,5823,3841,3444,199,198
1552754,breast_curtains,0,5919,3839,3415,201,223
1467259,diagonal_bangs,0,7998,3837,3453,194,190
568804,anus_peek,0,5886,3836,3453,207,176
447030,candy_apple,0,5188,3836,3452,188,196
1274212,green_cape,0,6888,3827,3444,184,199
1435434,two-tone_skirt,0,5812,3821,3469,177,175
10692,sandwich,0,5463,3818,3415,192,211
464576,seagull,0,5383,3814,3455,193,166
1436828,obiage,0,5140,3813,3472,166,175
1888618,fairy_(sao),0,0,3812,3463,176,173
600421,after_fellatio,0,5790,3809,3414,201,194
549346,blue_pantyhose,0,6514,3808,3431,195,182
419379,bandage_over_one_eye,0,5635,3808,3421,195,192
1233722,maid_bikini,0,5139,3808,3455,174,179
468016,;q,0,4983,3807,3433,188,186
1956240,braided_hair_rings,0,8033,3804,3391,206,207
1782786,median_furrow,0,7755,3803,3431,185,187
1344905,holding_dagger,0,6273,3801,3404,216,181
659834,spoken_squiggle,0,5831,3800,3412,191,197
3759,parfait,0,5458,3800,3426,190,184
558384,on_grass,0,8635,3796,3400,201,195
440347,leopard_print,0,7332,3792,3427,185,180
506137,jacket_around_waist,0,6252,3792,3422,176,194
1835909,frilled_one-piece_swimsuit,0,5276,3792,3392,204,196
758409,taur,0,6042,3791,3404,200,187
411038,:>=,0,5727,3789,3389,189,211
461531,banana,0,5182,3788,3408,204,176
458795,suction_cups,0,6238,3786,3426,197,163
1312614,blue_hakama,0,4637,3785,3384,185,216
5567,pizza,0,5677,3784,3425,187,172
1373356,yellow_kimono,0,5633,3784,3442,159,183
520227,cowlick,0,7390,3783,3410,193,180
769705,holding_another's_arm,0,6153,3783,3438,171,174
379189,floor,0,5647,3778,3390,191,197
7801,lamia,0,5240,3776,3418,160,198
595006,green_sweater,0,6964,3775,3402,204,169
551537,lying_on_person,0,5784,3775,3427,184,164
508193,novelty_censor,0,5354,3774,3366,206,202
1428577,ryouou_school_uniform,0,4833,3774,3387,209,178
465851,defloration,0,5023,3769,3367,228,174
1371311,aqua_bowtie,0,6006,3767,3372,176,219
489904,arms_around_neck,0,7275,3766,3399,192,175
1307725,green_scarf,0,6413,3766,3419,190,157
530963,arms_under_breasts,0,6212,3763,3395,188,180
573688,reindeer_antlers,0,5509,3761,3391,179,191
1339523,bone_hair_ornament,0,5330,3761,3393,192,176
687202,pussy_juice_stain,0,5119,3760,3404,177,179
411223,father_and_son,0,5642,3759,3361,200,198
11912,wrench,0,5196,3757,3405,173,179
507625,calligraphy_brush,0,5054,3757,3394,169,194
447984,vegetable,0,5593,3756,3361,203,192
2006752,unworn_bra,0,5126,3754,3414,173,167
477228,drum,0,5569,3750,3407,171,172
430704,medical_eyepatch,0,6202,3748,3407,167,174
656168,hands_on_another's_face,0,6086,3745,3380,181,184
9510,cream,0,5023,3745,3328,209,208
1282899,improvised_gag,0,6467,3741,3310,221,210
380329,briefcase,0,5145,3736,3386,166,184
411511,adjusting_swimsuit,0,4621,3733,3368,179,186
1517305,presenting_armpit,0,9253,3732,3363,178,191
476448,kote,0,7731,3730,3331,196,203
1441884,rectangular_eyewear,0,7022,3723,3370,183,170
822828,reverse_suspended_congress,0,5887,3722,3326,175,221
459215,finger_gun,0,5577,3722,3331,193,198
662265,object_namesake,0,4421,3722,3360,186,176
605759,skirt_suit,0,4463,3720,3367,189,164
585305,ear_ribbon,0,5333,3717,3373,171,173
387248,banner,0,5022,3717,3324,184,209
619633,baozi,0,0,3715,3352,184,179
703219,multicolored_wings,0,6028,3714,3346,188,180
467500,beer_can,0,5498,3714,3352,185,177
613840,happy_halloween,0,5065,3711,3331,170,210
147971,stylus,0,4926,3710,3315,195,200
1383010,purple_choker,0,5980,3705,3339,171,195
1301494,spoken_interrobang,0,5463,3705,3315,194,196
1417279,holding_underwear,0,4850,3702,3336,177,189
395305,wizard_hat,0,5623,3699,3323,167,209
711562,striped_tail,0,4666,3698,3349,196,153
1441861,orange_footwear,0,0,3696,3273,220,203
413820,deep_penetration,0,6358,3695,3325,179,191
10359,middle_finger,0,5953,3695,3313,192,190
10919,lineup,0,4881,3694,3333,163,198
590746,goggles_around_neck,0,5067,3692,3344,167,181
515648,coattails,0,6635,3691,3333,163,195
468068,spread_toes,0,5607,3688,3369,180,139
375882,cuts,0,5161,3687,3329,188,170
1612103,milestone_celebration,0,5289,3685,3340,197,148
16128,you_gonna_get_raped,0,4646,3684,3316,184,184
511645,single_kneehigh,0,4793,3683,3346,175,162
389804,quad_tails,0,5656,3682,3267,203,212
383173,train,0,4992,3682,3323,182,177
9275,butt_plug,0,5517,3681,3325,168,188
559692,clothed_pokemon,0,5315,3681,3308,180,193
484752,clothes_grab,0,11138,3679,3320,170,189
420283,leotard_aside,0,5688,3675,3300,202,173
483264,yellow_rose,0,5724,3674,3333,185,156
228096,spacesuit,0,5678,3671,3321,160,190
541137,kanzashi,0,4883,3671,3294,191,186
1305030,green_leotard,0,5061,3670,3336,143,191
382440,pantylines,0,4552,3670,3327,154,189
46079,robot_ears,0,6673,3663,3314,184,165
1392011,purple_bodysuit,0,4859,3662,3276,204,182
513153,magazine_(weapon),0,5025,3661,3315,157,189
1336997,green_coat,0,6118,3660,3286,184,190
510576,swim_trunks,0,4913,3660,3307,199,154
522010,character_profile,0,5054,3652,3237,198,217
1280102,single_hair_intake,0,6236,3647,3275,187,185
548910,chain_necklace,0,7292,3643,3276,174,193
5171,map,0,5099,3640,3308,179,153
743282,layered_clothes,0,6972,3638,3266,192,180
682128,hands_on_another's_shoulders,0,5612,3637,3276,157,204
1316028,american_flag_legwear,0,4195,3637,3300,180,157
494260,purple_wings,0,5827,3636,3280,169,187
476371,showering,0,5271,3634,3246,198,190
1316609,mole_on_thigh,0,6091,3630,3249,179,202
1636673,wiffle_gag,0,5164,3628,3285,161,182
383907,swimsuit_aside,0,5424,3627,3221,234,172
2065896,diagonal-striped_clothes,0,8532,3625,3277,186,162
725441,black_headband,0,5996,3625,3274,170,181
488365,letterman_jacket,0,5398,3621,3282,169,170
1641895,gloved_handjob,0,5363,3621,3291,152,178
1308608,bag_charm,0,4886,3621,3260,200,161
575181,o-ring_bottom,0,4553,3616,3271,182,163
583009,arm_around_waist,0,5519,3609,3224,206,179
1400511,fur-trimmed_hood,0,5008,3605,3289,146,170
7641,piggyback,0,5278,3600,3234,171,195
677406,multiple_earrings,0,6304,3598,3275,177,146
12733,thinking,0,5633,3598,3242,191,165
1400382,barbell_piercing,0,8216,3597,3260,160,177
426621,grey_panties,0,5299,3593,3249,168,176
521852,pussy_juice_trail,0,5207,3591,3238,196,157
467674,sake_bottle,0,4563,3591,3234,163,194
493576,feather_boa,0,5374,3590,3200,204,186
1684874,laevatein_(touhou),0,4236,3589,3237,186,166
12336,costume,0,4522,3587,3218,185,184
375886,sheep_girl,0,5041,3585,3190,177,218
1300235,purple_pants,0,6447,3582,3208,202,172
707150,finger_on_trigger,0,4975,3579,3254,152,173
378767,bleeding,0,5478,3576,3232,166,178
650514,wet_swimsuit,0,4574,3571,3195,195,181
380328,pompadour,0,4816,3570,3226,159,185
1450243,weibo_logo,0,0,3563,3230,171,162
1408401,white_scrunchie,0,5194,3560,3250,160,150
1451190,white_wrist_cuffs,0,11719,3545,3194,156,195
1407477,black_scrunchie,0,5162,3544,3184,193,167
1455114,hair_tie_in_mouth,0,5050,3544,3180,170,194
424961,remote_control_vibrator,0,4493,3543,3187,155,201
375460,ceiling,0,5865,3542,3158,196,188
475209,button_badge,0,5181,3541,3161,208,172
470690,pancake,0,5179,3540,3181,195,164
450123,staring,0,5080,3535,3184,184,167
722842,frilled_kimono,0,5259,3533,3179,177,177
1373025,blue-framed_eyewear,0,4553,3531,3150,186,195
586174,neon_trim,0,4487,3528,3126,216,186
410131,perky_breasts,0,4654,3522,3172,176,174
514260,left-handed,0,4629,3522,3170,167,185
1504889,rudder_footwear,0,4585,3519,3182,155,182
1839475,chips_(food),0,4836,3514,3147,187,180
1312757,bra_peek,0,5293,3513,3162,171,180
578557,digital_media_player,0,4734,3513,3180,187,146
847095,sparkle_background,0,4943,3511,3154,193,164
1304169,au_ra,0,5244,3508,3120,211,177
405671,soda_can,0,5020,3508,3153,186,169
519703,alternate_universe,0,6846,3505,3140,184,181
483981,american_flag,0,8970,3503,3171,166,166
551584,updo,0,6905,3498,3171,181,146
1227744,multiple_crossover,0,5034,3497,3167,167,163
375792,kogal,0,8554,3495,3148,184,163
1940092,biting_own_lip,0,5594,3494,3140,195,159
1399079,holding_drink,0,6752,3492,3147,172,173
1251054,okobo,0,5796,3488,3142,180,166
669594,bat_hair_ornament,0,4432,3485,3118,193,174
653049,red_eyeliner,0,10814,3484,3152,175,157
1304208,black_cardigan,0,5155,3484,3176,167,141
460940,lily_pad,0,4977,3483,3111,188,184
1277869,horned_headwear,0,4720,3483,3163,153,167
1582181,string_of_fate,0,4887,3482,3134,182,166
513195,bird_on_head,0,4799,3482,3149,166,167
1319452,hand_on_another's_arm,0,6596,3481,3148,154,179
856710,neck_tattoo,0,6833,3479,3071,204,204
1392360,black_camisole,0,6370,3479,3118,153,208
404857,cupcake,0,5100,3477,3132,182,163
2089095,goth_fashion,0,6370,3476,3136,167,173
1328271,layered_bikini,0,4489,3476,3163,172,141
347508,miniboy,0,5796,3475,3159,159,157
386503,binoculars,0,4318,3475,3133,196,146
1382349,goggles_on_headwear,0,5626,3470,3163,162,145
626084,bangs_pinned_back,0,5098,3470,3142,152,176
442883,city_lights,0,4904,3469,3113,180,176
378993,energy_sword,0,6696,3468,3123,169,176
667185,burn_scar,0,5144,3467,3089,191,187
1413751,print_bowtie,0,3894,3467,3054,226,187
409293,open_dress,0,4418,3461,3109,179,173
1427966,yellow_cardigan,0,5969,3456,3102,182,172
1471518,horseshoe_ornament,0,4491,3453,3154,132,167
398608,hair_twirling,0,0,3453,3107,171,175
461788,scowl,0,5019,3452,3117,155,180
9511,spotlight,0,6109,3449,3112,183,154
471821,debris,0,5520,3447,3087,186,174
1395493,eyepatch_bikini,0,5049,3445,3073,181,191
488,flute,0,4892,3445,3145,145,155
1805482,non-humanoid_robot,0,6023,3443,3061,178,204
1551196,1980s_(style),0,5873,3443,3140,141,162
1623670,diamond_button,0,5977,3441,3088,186,167
1291568,pink_apron,0,5060,3438,3116,165,157
1330167,american_flag_dress,0,3973,3438,3132,166,140
508748,horn_bow,0,4065,3434,3096,163,175
480444,shouji,0,5352,3431,3105,177,149
631299,pillarboxed,0,6152,3429,3085,167,177
1390670,breast_tattoo,0,5822,3425,3081,190,154
13976,frying_pan,0,4953,3424,3032,190,202
1365001,black_robe,0,7544,3419,3096,169,154
656171,hand_on_another's_chest,0,5931,3413,3115,139,159
479397,white_headband,0,6032,3411,3083,177,151
378151,megaphone,0,4950,3411,3042,173,196
420128,upright_straddle,0,5436,3409,3065,171,173
1312906,rei_no_himo,0,3644,3409,3092,137,180
2571,mochi,0,4931,3407,3077,163,167
476787,talons,0,5252,3406,3065,169,172
612379,bubble_tea,0,4618,3406,3066,173,167
486210,tie_clip,0,6212,3405,3049,167,189
588209,irrumatio,0,5501,3405,3062,172,171
375251,egyptian,0,0,3404,3091,170,143
685091,hand_on_another's_back,0,6843,3401,3066,154,181
384248,trefoil,0,3800,3401,3075,152,174
1384369,green_hairband,0,5146,3399,3055,172,172
411566,nightcap,0,4391,3398,3072,154,172
1322674,latin_cross,0,5107,3391,3052,161,178
652707,domino_mask,0,5519,3389,3026,174,189
480578,hagoromo,0,4904,3385,3042,172,171
455038,capri_pants,0,4263,3385,3050,165,170
1379954,diffraction_spikes,0,5029,3383,3043,166,174
12326,owl,0,4591,3381,3037,160,184
1383796,rabbit_hood,0,4375,3374,3037,178,159
1507443,sidelighting,0,7455,3373,3018,179,176
380157,shovel,0,4555,3372,3063,149,160
1791866,holding_smoking_pipe,0,5036,3369,3019,163,187
1468130,paradis_military_uniform,0,3900,3369,3061,134,174
1417504,nanamori_school_uniform,0,4122,3368,3061,157,150
538859,kindergarten_uniform,0,4600,3365,3040,172,153
1579047,rabbit_pose,0,5467,3364,2990,191,183
619145,orange_gloves,0,5145,3360,2993,200,167
1472233,high-waist_shorts,0,6596,3357,3027,158,172
1853327,bar_(place),0,5129,3357,2981,191,185
462978,??,0,5966,3356,3025,134,197
647907,dragon_print,0,6265,3355,3030,165,160
1314965,horizontal_pupils,0,5307,3354,3042,140,172
465450,trash_can,0,4985,3354,3031,178,145
1422860,two-tone_swimsuit,0,4984,3353,3021,165,167
473206,grey_socks,0,7439,3352,3022,170,160
680046,carrying_person,0,9386,3347,3049,153,145
2025977,qingdai_guanmao,0,4444,3347,3018,168,161
4262,surreal,0,5231,3346,3003,177,166
1403286,black_mask,0,8258,3345,2986,186,173
540767,abstract_background,0,6411,3341,3042,143,156
15004,toy,0,4826,3340,3005,164,171
422775,dark_nipples,0,6162,3339,2971,197,171
7994,fighting,0,6083,3339,3032,140,167
403195,squirrel_ears,0,5063,3334,3010,150,174
460475,naked_sweater,0,3808,3333,3000,172,161
602690,stuffed_cat,0,4546,3332,3018,148,166
425142,submerged,0,4148,3330,3023,155,152
380265,skates,0,5226,3328,2983,179,166
585211,energy_gun,0,5275,3324,3050,125,149
588534,in_box,0,4693,3324,2979,200,145
378782,hiding,0,4631,3324,2973,156,195
488487,ankle_socks,0,7216,3321,2966,182,173
1410709,ejaculating_while_penetrated,0,4535,3317,2977,168,172
3237,goldfish,0,4256,3317,2956,173,188
1259682,ribbed_dress,0,4032,3317,2973,162,182
207834,mascara,0,4627,3314,3006,147,161
1425516,uranohoshi_school_uniform,0,4521,3314,3000,140,174
759492,wolf_boy,0,6901,3311,2995,168,148
666648,mitsudomoe_(shape),0,4986,3311,3012,148,151
4807,spill,0,4432,3308,2938,204,166
1410099,purple_sleeves,0,6885,3306,2968,175,163
473427,green_thighhighs,0,6369,3306,3000,159,147
539295,feather_hair,0,5371,3305,2976,153,176
465416,sleeveless_sweater,0,5295,3304,3009,134,161
514768,grey_sky,0,5428,3300,2995,164,141
438208,throwing,0,5274,3299,2999,147,153
1270233,1koma,0,4618,3299,2978,153,168
473217,green_bra,0,4383,3299,2988,155,156
828858,hand_over_own_mouth,0,4977,3295,2968,154,173
11381,frogtie,0,4483,3294,2966,167,161
484394,four-leaf_clover,0,4321,3290,2969,160,161
663385,crossed_ankles,0,5677,3289,2981,172,136
548668,excalibur_(fate/stay_night),0,4016,3289,2965,165,159
405984,snot,0,4570,3287,2949,165,173
491714,santa_dress,0,5672,3285,2949,160,176
447824,doorway,0,6489,3284,2977,140,167
462213,peeing_self,0,4233,3282,2943,146,193
471357,treble_clef,0,4461,3280,2956,164,160
2075860,lifting_another's_clothes,0,4269,3280,2911,183,186
1976321,animal_ear_piercing,0,10371,3277,2972,149,156
1342976,rabbit_print,0,4211,3277,2950,167,160
1408498,japari_symbol,0,4071,3277,2952,179,146
702200,sailor_bikini,0,3813,3276,2965,161,150
5597,newspaper,0,4491,3273,2960,170,143
567734,shikishi,0,4444,3272,3045,121,106
637971,heart_tattoo,0,5027,3270,2952,174,144
1372792,fox_boy,0,6995,3268,2975,139,154
1393855,holding_flag,0,5274,3266,2943,152,171
615041,finger_to_cheek,0,5030,3266,2934,167,165
1697967,tassel_hair_ornament,0,8238,3256,2967,147,142
644051,aiming_at_viewer,0,4881,3251,2932,157,162
2377,piano,0,4751,3249,2936,153,160
13273,stained_glass,0,4659,3248,2892,169,187
474988,speaker,0,4533,3246,2925,160,161
589610,spider_web_print,0,5011,3242,2895,152,195
458132,winged_hat,0,4077,3241,2883,179,179
1762322,greyscale_with_colored_background,0,7323,3240,2906,177,157
402497,lotus,0,4688,3240,2911,159,170
629659,food_on_head,0,4536,3238,2918,153,167
1394292,blue_serafuku,0,5697,3237,2898,170,169
385637,earbuds,0,4402,3236,2937,150,149
1613301,obliques,0,3717,3232,2886,166,180
621930,mandarin_collar,0,10248,3231,2856,176,199
617590,wa_maid,0,5128,3228,2909,156,163
1925724,basketball_(object),0,4706,3228,2910,168,150
1343573,holding_arrow,0,4470,3227,2886,158,183
469445,sleepwear,0,4745,3226,2937,156,133
12721,gas_mask,0,4565,3226,2920,143,163
14111,candy_cane,0,4358,3226,2859,175,192
523488,flower_pot,0,4856,3225,2917,149,159
517255,plum_blossoms,0,4094,3225,2924,148,153
1384365,orange_hairband,0,4964,3223,2868,187,168
577161,in_tree,0,4195,3223,2875,179,169
950553,yoga_pants,0,5141,3220,2914,149,157
1315142,pink_scrunchie,0,4460,3220,2917,139,164
14861,chef_hat,0,5030,3219,2861,178,180
1488457,grey_horns,0,4444,3218,2892,157,169
4550,grenade,0,4434,3218,2891,164,163
4470,duel,0,4093,3216,2929,139,148
572410,ankle_ribbon,0,3953,3216,2895,148,173
502177,bird_girl,0,5024,3214,2858,188,168
7646,slave,0,4439,3213,2920,167,126
440796,triangle,0,6148,3212,2882,157,173
449458,bullpup,0,4368,3212,2929,135,148
1335455,watson_cross,0,4242,3212,2888,160,164
528325,red_pantyhose,0,6577,3211,2885,172,154
1215711,numbered,0,4763,3211,2874,149,188
8808,hallway,0,4783,3210,2896,161,153
5272,dice,0,4555,3209,2879,182,148
1402052,white_cloak,0,5601,3208,2894,149,165
399829,magazine_cover,0,4408,3208,2912,141,155
490993,colored_tongue,0,6135,3206,2895,144,167
670773,happy_valentine,0,4717,3203,2901,155,147
478568,medal,0,4446,3201,2870,155,176
1283223,shibari_over_clothes,0,4691,3198,2893,122,183
16978,writing,0,4640,3197,2894,165,138
1311981,meiji_schoolgirl_uniform,0,3523,3196,2887,147,162
2833,collage,0,5106,3195,2870,150,175
494802,on_shoulder,0,4702,3193,2879,151,163
1318470,yellow_pupils,0,5875,3192,2881,181,130
428664,embers,0,4927,3190,2889,165,136
1342770,strappy_heels,0,4636,3190,2868,154,168
470441,plastic_bag,0,4498,3189,2862,166,161
682638,flower_earrings,0,5685,3187,2869,179,139
406895,tunic,0,11472,3184,2878,139,167
531896,2020,0,3955,3183,2826,180,177
692418,suspender_shorts,0,4712,3182,2854,167,161
1945860,drill_sidelocks,0,5398,3179,2841,166,172
378,cheese,0,5247,3178,2862,160,156
557508,loose_belt,0,4120,3172,2879,138,155
613940,white_cat,0,5984,3170,2865,147,158
682862,hand_on_another's_hip,0,4848,3170,2849,166,155
505313,torn_sleeves,0,4583,3168,2798,193,177
393166,bloom,0,4232,3167,2891,134,142
396737,striped_bra,0,3761,3167,2828,169,170
457141,lace_panties,0,4581,3164,2870,152,142
488260,purple_cape,0,5611,3163,2863,165,135
374959,still_life,0,8119,3159,2801,189,169
1371098,purple_umbrella,0,4067,3159,2860,165,134
688378,multi-tied_hair,0,7075,3154,2856,152,146
350,ramen,0,4404,3154,2822,164,168
1481015,hands_in_opposite_sleeves,0,3761,3154,2828,181,145
503705,paw_shoes,0,4378,3153,2863,153,137
1484339,diagonal-striped_bow,0,5100,3152,2846,163,143
1280149,crescent_earrings,0,4479,3148,2840,163,145
1514281,shark_hair_ornament,0,4697,3144,2851,151,142
1430633,two-tone_bikini,0,4624,3144,2830,160,154
1448570,gold_earrings,0,8386,3141,2839,157,145
487143,bamboo_forest,0,3919,3141,2838,124,179
375231,shirt_tug,0,3937,3136,2861,126,149
458232,flats,0,4511,3134,2847,156,131
1289525,cross_scar,0,5380,3132,2821,146,165
1443349,blue_cardigan,0,5335,3131,2834,152,145
1397450,plantar_flexion,0,4003,3129,2810,156,163
471929,cum_on_stomach,0,4713,3128,2827,152,149
403196,squirrel_tail,0,4759,3127,2804,156,167
592316,colored_pubic_hair,0,6237,3126,2807,160,159
15667,riding_crop,0,4369,3125,2768,156,201
722453,thumb_ring,0,3779,3125,2781,162,182
144057,harem_outfit,0,4598,3124,2806,147,171
1463294,holding_controller,0,5330,3123,2789,182,152
1344680,holding_doll,0,5314,3123,2856,131,136
540150,puckered_lips,0,4997,3122,2814,167,141
649327,wide_ponytail,0,4102,3120,2820,165,135
546133,ghost_tail,0,3815,3117,2801,150,166
453895,mechanical_parts,0,0,3116,2804,133,179
1383769,dot_mouth,0,6528,3115,2758,190,167
2641,paint,0,4247,3113,2787,152,174
676352,pokephilia,0,5055,3112,2732,214,166
1515727,strap_between_breasts,0,4531,3111,2798,174,139
574719,multicolored_swimsuit,0,4389,3110,2824,126,160
665809,hugging_doll,0,4300,3110,2824,140,146
607667,checkered_scarf,0,5433,3109,2810,142,157
516930,hanfu,0,12533,3105,2805,160,140
1119065,heart-shaped_pillow,0,4145,3103,2780,157,166
1396985,holding_sheath,0,4445,3101,2793,143,165
658525,white_cardigan,0,4780,3098,2776,169,153
440956,fluffy,0,4415,3098,2787,141,170
10624,exercise,0,0,3094,2788,147,159
2025868,cellphone_photo,0,3969,3092,2778,175,139
6339,dusk,0,4500,3090,2787,149,154
390347,flask,0,4427,3088,2760,163,165
1554926,wide_spread_legs,0,4548,3087,2776,156,155
448292,porkpie_hat,0,3825,3086,2804,129,153
463490,spacecraft,0,5487,3084,2754,154,176
520473,beard_stubble,0,7455,3083,2749,157,177
662701,brown_ribbon,0,4375,3083,2777,160,146
586749,mismatched_footwear,0,4457,3082,2768,162,152
1434382,spade_(shape),0,4840,3080,2795,139,146
9002,stethoscope,0,4306,3073,2769,157,147
10731,chainsaw,0,4290,3070,2811,127,132
1253185,snowflake_hair_ornament,0,3818,3070,2732,184,154
482791,tusks,0,5115,3068,2797,133,138
279898,shell_casing,0,4059,3068,2738,179,151
581551,covered_face,0,4842,3067,2777,155,135
9335,5koma,0,4075,3067,2767,146,154
1304064,black_apron,0,4720,3065,2771,138,156
1338640,yellow_scrunchie,0,4149,3064,2751,172,141
1321301,purple_shorts,0,5232,3063,2743,172,148
380173,seashell,0,4177,3062,2750,156,156
1819565,jirai_kei,0,5265,3061,2752,153,156
1201870,prone_bone,0,4812,3059,2754,159,146
1327736,purple_coat,0,5190,3055,2741,140,174
433752,yunomi,0,3874,3053,2730,153,170
526914,licking_finger,0,3844,3050,2725,176,149
665350,microdress,0,5068,3047,2734,159,154
1178138,snowflake_print,0,4016,3047,2725,157,165
587679,vibrator_under_clothes,0,3877,3047,2785,119,143
495857,arm_around_neck,0,5066,3046,2711,193,142
466613,slime_girl,0,4462,3046,2766,127,153
16992,see-through_dress,0,5939,3045,2734,157,154
586819,energy_wings,0,4394,3044,2718,169,157
1438722,plunging_neckline,0,5254,3042,2727,152,163
1480168,white_sports_bra,0,4611,3042,2714,153,175
1928414,high_side_ponytail,0,4586,3042,2729,164,149
721674,purple_scarf,0,4761,3041,2731,150,160
816551,jackal_ears,0,4010,3040,2732,156,152
493584,striped_pants,0,5066,3039,2720,154,165
1441888,over-rim_eyewear,0,3983,3039,2766,144,129
8796,electric_fan,0,4372,3038,2717,149,172
1343802,holding_basket,0,5215,3037,2734,162,141
409789,rubber_boots,0,4241,3036,2730,156,150
11436,deepthroat,0,5566,3034,2769,121,144
406406,shoe_dangle,0,3883,3027,2729,157,141
2006755,unworn_helmet,0,4282,3023,2743,153,127
1431325,mismatched_bikini,0,3950,3023,2714,163,146
604468,eye_mask,0,6745,3022,2699,171,152
640820,spoken_anger_vein,0,5098,3022,2733,145,144
1497777,multi-strapped_bikini_bottom,0,4833,3020,2739,143,138
471577,red_socks,0,6705,3019,2722,143,154
552818,parted_hair,0,5476,3019,2740,126,153
380355,chained,0,4117,3019,2710,154,155
8874,pudding,0,4378,3017,2697,158,162
1447394,whistle_around_neck,0,5753,3014,2700,160,154
1326377,black_corset,0,7295,3011,2721,133,157
1291177,orange_bodysuit,0,3941,3011,2708,157,146
533035,undersized_clothes,0,4243,3009,2722,134,153
1300390,bandaged_head,0,5411,3008,2727,146,135
397935,ladder,0,4121,3007,2675,165,167
1163924,blue_fur,0,6000,3006,2670,164,172
419192,monkey_tail,0,4537,3006,2697,152,157
1551114,covered_abs,0,4398,3005,2702,146,157
578713,giving,0,3975,3004,2708,156,140
390685,darkness,0,3948,2999,2717,141,141
1874313,covering_own_eyes,0,4138,2996,2717,145,134
1261354,feather_trim,0,4092,2996,2711,151,134
547698,sunburst,0,3941,2996,2654,179,163
519804,black_lips,0,5951,2995,2689,146,160
389161,french_fries,0,4680,2995,2690,142,163
511736,heart_in_mouth,0,4205,2994,2704,136,154
521817,black_feathers,0,4912,2992,2686,145,161
1582499,scar_on_forehead,0,4542,2992,2715,150,127
11243,shower_head,0,3972,2992,2676,162,154
1409831,kuromorimine_military_uniform,0,3561,2992,2719,146,127
617471,female_pov,0,5261,2990,2705,149,136
493298,police_hat,0,4658,2989,2708,149,132
776463,enpera,0,3680,2987,2672,173,142
429439,fetal_position,0,3923,2985,2689,142,154
489623,glowstick,0,5409,2984,2649,160,175
523426,hand_grab,0,4556,2983,2694,134,155
4773,puppet,0,4549,2982,2661,161,160
447189,spitroast,0,5070,2980,2673,142,165
15201,soldier,0,4484,2979,2660,155,164
526974,coffee_cup,0,0,2979,2693,145,141
1349485,clover_hair_ornament,0,4088,2978,2705,141,132
667460,real_life_insert,0,3448,2975,2711,144,120
510070,:i,0,4449,2974,2677,138,159
1312065,chinese_knot,0,4468,2973,2689,150,134
464876,bento,0,3913,2972,2673,143,156
590943,neck_ruff,0,4016,2971,2715,140,116
1402835,scene_reference,0,7411,2969,2674,154,141
484121,leg_lock,0,4422,2968,2679,136,153
10631,paddle,0,3763,2968,2686,134,148
1343930,black_hakama,0,4178,2967,2669,144,154
32298,duffel_bag,0,3738,2967,2668,139,160
558702,pinching,0,4292,2964,2671,148,145
4177,lotion,0,4100,2964,2650,176,138
699142,diamond-shaped_pupils,0,6099,2962,2674,128,160
422957,come_hither,0,4212,2962,2697,131,134
1328016,o-ring_choker,0,7417,2958,2737,105,116
433704,super_saiyan,0,5331,2958,2686,133,139
587435,side_cutout,0,6472,2957,2674,153,130
572679,rubbing_eyes,0,4119,2956,2671,155,130
481778,stage_lights,0,4810,2954,2669,125,160
575698,torn_cape,0,4543,2954,2679,140,135
1627141,gae_bolg_(fate),0,3733,2954,2675,153,126
673057,matching_outfits,0,4470,2950,2676,133,141
572264,gold_chain,0,5200,2949,2651,147,151
486062,on_lap,0,4242,2948,2638,154,156
1482386,tiger_boy,0,4606,2947,2617,140,190
1252969,white_nails,0,4517,2947,2678,127,142
402204,holding_panties,0,3723,2947,2664,134,149
378810,grinding,0,4490,2945,2633,182,130
1287705,song_name,0,5230,2944,2678,121,145
1321704,string_of_flags,0,4061,2944,2622,169,153
540545,rod_of_remorse,0,3721,2943,2666,145,132
612542,bow_bikini,0,3949,2942,2618,184,140
610726,shared_clothes,0,3716,2938,2636,143,159
1475838,blue_overalls,0,6653,2937,2660,134,143
713394,hand_on_another's_thigh,0,5720,2936,2630,144,162
1386147,holding_hammer,0,5018,2931,2659,125,147
7526,crotch_rope,0,4009,2931,2612,131,188
675346,frilled_ribbon,0,4066,2930,2637,147,146
1515361,white_theme,0,3910,2930,2625,139,166
400905,talisman,0,3878,2930,2640,154,136
420964,hip_bones,0,3964,2929,2643,146,140
637281,mechanical_legs,0,5151,2927,2633,133,161
381372,cold,0,3991,2926,2649,125,152
1856853,asticassia_school_uniform,0,3978,2926,2659,152,115
1449257,gem_uniform_(houseki_no_kuni),0,3440,2924,2640,131,153
1411720,medium_dress,0,8802,2921,2598,166,157
653053,strapless_shirt,0,4801,2921,2640,132,149
1389873,orange_kimono,0,4186,2921,2621,145,155
1258390,holding_leash,0,5889,2919,2630,161,128
505860,tally,0,4291,2917,2659,122,136
581705,sitting_on_desk,0,0,2917,2616,132,169
633092,arm_held_back,0,4245,2916,2604,163,149
10769,transformation,0,6048,2915,2610,143,162
13958,locker_room,0,4197,2915,2591,156,168
10412,shaved_ice,0,3758,2915,2634,152,129
379595,breast_slip,0,3501,2913,2645,134,134
2316,carpet,0,4116,2912,2618,149,145
1457889,red_armband,0,6998,2910,2610,150,150
1434570,hadanugi_dousa,0,3467,2906,2614,145,147
472424,skull_and_crossbones,0,3951,2904,2574,171,159
417408,keyhole,0,3646,2904,2614,148,142
1268348,pawpads,0,5870,2901,2596,179,126
684621,puffy_detached_sleeves,0,4866,2901,2645,128,128
699975,shoulder_spikes,0,4783,2901,2642,118,141
1350232,orange_shorts,0,4537,2901,2626,143,132
1521615,skin_fangs,0,4461,2900,2603,156,141
1344462,blue_apron,0,4393,2900,2600,147,153
497966,penis_grab,0,4932,2899,2670,111,118
2006756,unworn_shirt,0,4945,2898,2625,143,130
12396,ice_cube,0,4207,2897,2602,138,157
2848,wedding,0,3976,2895,2589,163,143
709557,torn_bodysuit,0,4374,2894,2621,138,135
15996,moonlight,0,3822,2890,2597,138,155
961827,pink_hoodie,0,4757,2887,2627,123,137
1305007,chest_belt,0,5561,2886,2584,144,158
633519,american_flag_bikini,0,3806,2884,2580,140,164
474252,path,0,4216,2881,2604,127,150
1422416,twitter_logo,0,5302,2880,2642,112,126
410379,praying,0,4340,2878,2591,147,140
1330014,year_of_the_tiger,0,3223,2876,2578,130,168
456655,broken_glass,0,4409,2874,2588,140,146
501057,breastless_clothes,0,3956,2874,2583,140,151
468817,flower_wreath,0,6159,2873,2597,131,145
876681,year_of_the_rabbit,0,3419,2873,2608,149,116
400527,skirt_tug,0,3669,2872,2591,151,130
515468,head-mounted_display,0,4380,2870,2585,139,146
1631337,shimakaze_(kancolle)_(cosplay),0,3786,2870,2579,141,150
447780,peeking,0,3793,2869,2604,128,137
569544,condom_on_penis,0,4089,2867,2540,166,161
717296,hand_in_another's_hair,0,5729,2861,2545,166,150
514239,holding_condom,0,4244,2861,2558,160,143
449624,bass_guitar,0,4664,2859,2584,146,129
484124,deer_ears,0,4602,2859,2563,151,145
1515357,orange_theme,0,4107,2854,2591,116,147
616023,aqua_dress,0,5299,2851,2554,146,151
11433,nipple_rings,0,4769,2851,2575,138,138
1499947,looking_over_eyewear,0,4691,2848,2571,144,133
482447,tailcoat,0,3794,2847,2527,144,176
380573,quill,0,4015,2846,2518,166,162
1975377,loose_hair_strand,0,6206,2845,2576,142,127
10309,fashion,0,7155,2838,2581,127,130
556999,two-footed_footjob,0,5586,2837,2606,103,128
3874,sink,0,4152,2836,2555,137,144
618149,yugake,0,3157,2836,2555,143,138
9101,cigar,0,4218,2835,2535,151,149
9554,g-string,0,3586,2835,2531,144,160
549590,uneven_gloves,0,4109,2834,2606,128,100
1723482,flame-tipped_tail,0,4074,2834,2537,149,148
656916,animal_penis,0,5145,2833,2542,141,150
470159,jealous,0,4163,2832,2553,138,141
395226,shoulder_carry,0,3564,2830,2546,151,133
644284,holding_sign,0,4417,2829,2568,127,134
554120,dirty_face,0,4400,2829,2550,127,152
390993,sigh,0,3713,2828,2540,136,152
482936,long_pointy_ears,0,5774,2827,2574,137,116
1467949,single_ear_cover,0,5554,2826,2566,128,132
1984282,cum_on_male,0,3417,2826,2539,159,128
640801,clothes_in_mouth,0,4769,2824,2557,134,133
374334,open_shorts,0,3767,2824,2530,151,143
1468295,quarter_note,0,3376,2821,2538,145,138
859661,red_cloak,0,4725,2819,2538,146,135
513765,broken_horn,0,3890,2819,2518,162,139
530091,corruption,0,4807,2818,2554,116,148
1234797,foot_up,0,5283,2817,2565,120,132
1427258,holding_sack,0,4196,2817,2508,145,164
1315557,grey_bow,0,4485,2814,2537,137,140
419258,child_on_child,0,0,2814,2522,142,150
438849,pill,0,4504,2812,2512,155,145
664440,lace-trimmed_dress,0,4241,2812,2533,133,146
1667891,pom_pom_hair_ornament,0,6119,2807,2541,146,120
662965,tokkuri,0,3401,2807,2516,154,137
1403936,bodysuit_under_clothes,0,4478,2806,2534,130,142
10340,shark,0,4112,2806,2506,136,164
473040,tombstone,0,3839,2805,2500,153,152
1446284,looking_at_animal,0,5932,2804,2553,122,129
702226,holding_cat,0,4903,2804,2519,135,150
379306,public_nudity,0,4311,2804,2500,168,136
427771,omelet,0,4346,2803,2549,121,133
1403984,brown_capelet,0,4491,2801,2489,153,159
645791,patterned_background,0,4045,2798,2542,137,119
1392007,pink_bodysuit,0,3935,2798,2508,147,143
160066,driving,0,4578,2794,2527,126,141
1373030,pink-framed_eyewear,0,3870,2794,2526,119,149
437149,tongue_piercing,0,4809,2793,2529,132,132
407041,profanity,0,4494,2793,2513,138,142
643426,reverse_upright_straddle,0,4275,2790,2525,135,130
1502082,brown_sweater_vest,0,5392,2789,2467,164,158
633809,eastern_dragon,0,5244,2789,2503,143,143
477184,large_hat,0,4599,2789,2509,131,149
413035,soccer_ball,0,3680,2788,2524,155,109
7867,orc,0,4014,2787,2527,128,132
9921,panda,0,3805,2786,2480,172,134
525182,santa_bikini,0,3471,2785,2484,131,170
393321,scratches,0,4149,2783,2503,143,137
580695,big_belly,0,5517,2780,2510,138,132
673352,flaming_eye,0,3574,2780,2512,135,133
376473,mallet,0,3545,2780,2492,134,154
379713,bad_feet,0,3616,2779,2501,114,164
375272,evening_gown,0,4673,2778,2511,138,129
512534,squirrel_girl,0,4311,2778,2515,124,139
5871,restaurant,0,4099,2777,2528,137,112
1298625,open-chest_sweater,0,3136,2775,2436,168,171
1350604,cat_ear_panties,0,3343,2774,2508,133,133
14074,raincoat,0,5070,2773,2490,134,149
661191,aqua_skirt,0,5476,2772,2474,157,141
844443,red_umbrella,0,4488,2772,2509,134,129
628271,turning_head,0,6866,2771,2487,148,136
409034,bite_mark,0,5721,2771,2491,136,144
426146,fur_coat,0,3978,2771,2491,138,142
595850,hooded_cape,0,4220,2769,2525,138,106
570082,swirl_lollipop,0,3700,2769,2485,146,138
1076181,flower_(symbol),0,0,2768,2494,173,101
3917,toothbrush,0,4092,2764,2487,144,133
475709,bandaid_on_pussy,0,3629,2763,2477,148,138
1261917,looking_at_phone,0,4935,2762,2511,121,130
3537,sticker,0,4503,2759,2465,146,148
1334708,holding_paintbrush,0,5006,2755,2476,130,149
676653,mouse_(computer),0,0,2753,2499,140,114
619992,world_war_ii,0,3527,2752,2438,161,153
862221,club_(weapon),0,4097,2751,2465,136,150
692860,alternate_legwear,0,3459,2751,2474,141,136
414783,padlock,0,3581,2750,2488,124,138
398229,people,0,5575,2744,2441,156,147
405207,arch,0,4078,2743,2467,138,138
1474162,gekkoukan_high_school_uniform,0,4646,2742,2504,122,116
11717,mohawk,0,4300,2742,2467,137,138
695265,clitoral_stimulation,0,4169,2741,2469,148,124
397148,huge_nipples,0,5451,2740,2450,146,144
691977,egyptian_clothes,0,0,2740,2462,129,149
1637933,evolutionary_line,0,5053,2739,2429,150,160
1307801,feather_earrings,0,4356,2739,2476,132,131
2490,pirate,0,3725,2735,2462,134,139
588453,laurel_crown,0,5252,2734,2479,114,141
400119,melting,0,3764,2733,2484,125,124
382047,sunrise,0,3797,2732,2447,142,143
622943,cover_image,0,3339,2732,2447,132,153
407322,smell,0,4327,2731,2466,155,110
686220,pink_sleeves,0,4841,2730,2457,144,129
1578780,diagonal-striped_necktie,0,6243,2729,2470,138,121
466731,ear_tag,0,4866,2727,2461,124,142
700189,finger_in_another's_mouth,0,4419,2724,2450,130,144
605757,pant_suit,0,3455,2723,2448,134,141
540097,turtle_shell,0,3791,2720,2417,176,127
619600,zombie_pose,0,3433,2719,2459,134,126
688904,overskirt,0,4543,2718,2420,156,142
11486,jellyfish,0,4370,2717,2443,139,135
573757,beach_towel,0,3822,2717,2474,125,118
1390886,brown_kimono,0,3660,2717,2446,127,144
469020,rice_bowl,0,3460,2715,2452,119,144
390096,hill,0,4086,2714,2431,143,140
1262166,seamed_legwear,0,3129,2712,2437,139,136
1438761,high-waist_pants,0,6597,2710,2450,126,134
297185,drumsticks,0,4207,2709,2464,141,104
615392,hair_horns,0,4908,2708,2401,147,160
468765,pith_helmet,0,3145,2708,2434,145,129
426384,clitoral_hood,0,5001,2706,2419,185,102
1404865,brown_sailor_collar,0,4317,2706,2427,149,130
1338653,fur_scarf,0,4253,2706,2453,125,128
1338775,patterned_clothing,0,4398,2704,2423,129,152
543351,crossed_bandaids,0,3950,2702,2470,107,125
553947,>_o,0,4277,2698,2439,125,134
1253523,\||/,0,5484,2695,2408,146,141
388452,sweets,0,3681,2694,2421,145,128
1446770,instant_loss,0,4654,2693,2456,125,112
687728,hands_on_own_head,0,4179,2691,2418,141,132
622606,anime_coloring,0,12554,2689,2429,135,125
664066,aqua_ribbon,0,4299,2687,2416,132,139
613439,roman_numeral,0,3694,2687,2413,131,143
1331430,bandaid_on_arm,0,4252,2678,2405,135,138
1768472,borrowed_clothes,0,4117,2675,2430,111,134
25477,chemise,0,3201,2671,2410,128,133
1333530,grey_fur,0,5382,2670,2367,176,127
1330708,purple_sweater,0,4431,2669,2385,155,129
1416804,orange_scrunchie,0,3236,2669,2388,156,125
477241,birthday_cake,0,4470,2667,2393,127,147
1374594,grey-framed_eyewear,0,3969,2666,2426,126,114
700045,stray_pubic_hair,0,4057,2665,2380,140,145
1399795,no_eyewear,0,3588,2661,2373,155,133
564233,hand_on_hilt,0,3417,2658,2375,145,138
528555,flat_ass,0,3279,2658,2401,121,136
909672,star_halo,0,4324,2657,2422,114,121
697213,averting_eyes,0,7089,2656,2395,145,116
459289,blue_lips,0,5074,2656,2375,138,143
422126,moss,0,3974,2653,2399,125,129
422821,safety_pin,0,3720,2653,2383,114,156
410525,typo,0,3590,2653,2411,121,121
13691,bomber_jacket,0,3365,2653,2374,155,124
784913,wife_and_wife,0,3950,2651,2398,125,128
14927,dessert,0,3889,2651,2359,139,153
1286664,kabedon,0,3818,2651,2412,112,127
1538888,kitauji_high_school_uniform,0,3226,2650,2431,117,102
673610,green_choker,0,3746,2649,2405,112,132
1253396,character_hair_ornament,0,4095,2648,2389,140,119
104991,have_to_pee,0,3115,2648,2351,123,174
1793456,cooperative_fellatio,0,4174,2646,2402,126,118
1247633,narrowed_eyes,0,5110,2643,2388,142,113
519626,on_table,0,4349,2642,2375,148,119
467696,black_rose,0,3615,2639,2379,125,135
1416546,red_hoodie,0,4427,2638,2352,150,136
1423058,facing_to_the_side,0,5316,2636,2365,139,132
663171,sun_symbol,0,3655,2636,2373,138,125
1673151,uneven_sleeves,0,3572,2636,2373,131,132
666929,light_trail,0,4202,2635,2404,117,114
444189,arabian_clothes,0,3934,2635,2378,134,123
518423,black_leggings,0,6277,2634,2352,142,140
1268355,carrot_necklace,0,3188,2633,2398,117,118
1344665,yellow_vest,0,4124,2630,2366,111,153
598410,ceiling_light,0,4473,2628,2369,111,148
396726,wreath,0,3329,2625,2364,138,123
657424,candlestand,0,4235,2624,2369,115,140
821841,2019,0,3282,2624,2370,133,121
527607,magazine_(object),0,3419,2623,2344,122,157
539585,sleeping_upright,0,3430,2621,2370,122,129
602427,wrestling_outfit,0,3342,2621,2370,128,123
1606642,white_male_underwear,0,3358,2619,2325,165,129
481514,white_suit,0,4504,2618,2352,139,127
69844,pig,0,3700,2617,2380,111,126
404541,hexagram,0,3305,2617,2355,140,122
1277599,ribbon-trimmed_skirt,0,3613,2614,2348,133,133
1241321,striped_horns,0,3457,2612,2332,139,141
1260991,pink_pants,0,4720,2611,2355,135,121
494832,faux_traditional_media,0,3788,2605,2299,151,155
1356833,frilled_capelet,0,3903,2604,2333,127,144
1581461,bread_slice,0,3979,2603,2367,108,128
555933,sword_of_hisou,0,2953,2603,2306,133,164
1393295,orange_choker,0,3035,2602,2330,133,139
835764,untied_panties,0,3053,2600,2328,129,143
413033,gaping,0,5158,2599,2352,120,127
4031,negligee,0,3214,2599,2328,151,120
1901,orgy,0,6243,2598,2321,136,141
601821,nape,0,3489,2597,2354,139,104
1285391,turtleneck_dress,0,4200,2596,2349,122,125
511515,grimace,0,3789,2596,2305,142,149
109323,cliff,0,3699,2596,2339,126,131
484578,disembodied_head,0,3617,2596,2365,106,125
1438860,black_sash,0,5551,2595,2308,146,141
514196,cat_print,0,3819,2595,2338,131,126
1240596,mole_on_neck,0,7944,2594,2327,136,131
16335,spatula,0,3737,2594,2310,139,145
683211,carrying_over_shoulder,0,3514,2592,2336,133,123
1476167,holding_handheld_game_console,0,4328,2591,2342,122,127
1397369,year_of_the_ox,0,2869,2591,2318,139,134
521350,color_guide,0,5146,2587,2322,153,112
911862,mask_pull,0,5666,2586,2332,128,126
673694,large_tail,0,3920,2585,2341,112,132
10168,suspension,0,3902,2584,2315,127,142
1328259,multiple_moles,0,7640,2581,2330,118,133
499060,ainu_clothes,0,3227,2580,2311,127,142
1700602,thick_arms,0,4096,2578,2339,119,120
646637,cocktail_glass,0,3646,2578,2315,126,137
1161083,2018,0,3063,2578,2339,115,124
551169,transparent_umbrella,0,3607,2576,2306,141,129
1270535,curtained_hair,0,12293,2575,2329,111,135
1426454,holding_clipboard,0,4502,2575,2315,120,140
1052255,drawing_(object),0,4042,2575,2346,127,102
379555,graffiti,0,4155,2574,2311,146,117
478965,light_bulb,0,3785,2574,2324,124,126
457376,milk_bottle,0,3637,2573,2316,133,124
534340,calendar_(object),0,3553,2573,2322,115,136
378452,hand_in_panties,0,3238,2573,2328,130,115
1305912,notched_lapels,0,10533,2572,2302,123,147
374542,daisy,0,3985,2571,2326,121,124
662500,caterpillar_tracks,0,3229,2571,2348,112,111
390154,left-to-right_manga,0,2739,2569,2284,140,145
1597364,chain_leash,0,4166,2564,2318,125,121
1231015,character_print,0,3993,2564,2309,119,136
1360724,brown_cape,0,4246,2563,2321,114,128
473703,car_interior,0,4096,2562,2328,118,116
377197,desert,0,4003,2562,2265,159,138
1204400,playing_with_own_hair,0,3650,2562,2313,133,116
3054,curry,0,3272,2561,2298,134,129
1336227,red_bag,0,4583,2560,2335,114,111
490692,shading_eyes,0,3412,2559,2288,136,135
560724,belly_chain,0,4170,2557,2319,128,110
660754,aqua_shirt,0,6097,2556,2266,140,150
379208,smelling,0,5111,2556,2291,141,124
1695986,tied_up_(nonsexual),0,3361,2553,2290,138,125
625484,glitch,0,5060,2552,2260,134,158
1345684,holding_syringe,0,4363,2552,2274,146,132
485269,clothes_hanger,0,3879,2552,2313,119,120
530881,spilling,0,3411,2551,2304,114,133
495234,inflatable_toy,0,3390,2551,2270,159,122
409526,thigh_sex,0,3982,2550,2308,129,113
666137,aqua_bikini,0,3776,2550,2264,146,140
2230,guro,0,5134,2549,2301,121,127
1410787,st._gloriana's_school_uniform,0,2943,2549,2274,119,156
643401,dragon_boy,0,6368,2547,2297,142,108
1422826,sangvis_ferri,0,3068,2547,2300,122,125
1414514,purple_sailor_collar,0,3914,2546,2323,119,104
2075856,pulling_another's_clothes,0,3462,2546,2276,132,138
375083,tuxedo,0,3458,2546,2291,118,137
498627,short_sword,0,3175,2546,2299,129,118
724196,thigh_pouch,0,4359,2545,2290,139,116
1370858,mechanical_horns,0,3815,2545,2291,133,121
418007,o3o,0,3530,2545,2288,136,121
421506,head_grab,0,4366,2543,2283,111,149
631055,tree_shade,0,3311,2543,2286,128,129
879036,false_smile,0,3717,2542,2295,116,131
466898,strangling,0,4287,2541,2314,116,111
1289190,vertical-striped_skirt,0,3290,2541,2289,126,126
1609053,twitching_penis,0,3909,2539,2304,133,102
222208,eraser,0,3362,2539,2291,128,120
495002,skirt_around_one_leg,0,2916,2537,2277,139,121
423600,bit_gag,0,3331,2536,2260,146,130
398742,pastry,0,3424,2535,2298,121,116
3993,mop,0,3528,2534,2286,116,132
461720,buzz_cut,0,3619,2531,2291,110,130
644564,butterfly_print,0,3399,2531,2266,144,121
854287,ribbed_legwear,0,2954,2531,2308,113,110
480812,steam_censor,0,3319,2529,2263,141,125
632927,alternate_headwear,0,2923,2529,2237,140,152
643796,power_symbol,0,3065,2527,2225,168,134
1408089,star_choker,0,3533,2524,2284,114,126
550560,oni_mask,0,3166,2524,2274,117,133
506895,ankle_cuffs,0,3404,2522,2290,106,126
10638,boxers,0,3322,2522,2260,136,126
478424,striker_unit,0,2841,2522,2272,133,117
1515354,brown_theme,0,4105,2521,2284,105,132
1943362,very_sweaty,0,5925,2520,2288,121,111
1418114,green_hoodie,0,4324,2520,2248,141,131
491230,horseback_riding,0,3744,2516,2254,126,136
647581,look-alike,0,3267,2516,2247,140,129
1665195,reference_inset,0,6929,2515,2220,151,144
475076,cat_hat,0,4432,2515,2267,124,124
462454,small_penis,0,4417,2515,2269,118,128
653262,back_tattoo,0,4181,2515,2258,128,129
475212,very_long_sleeves,0,4237,2514,2236,141,137
433470,fanny_pack,0,3908,2514,2263,105,146
427930,liquid,0,3371,2514,2249,139,126
519346,short_bangs,0,5024,2513,2284,120,109
377993,petting,0,4419,2513,2297,108,108
16614,diadem,0,3183,2510,2249,128,133
417809,denim_skirt,0,4011,2508,2246,139,123
478305,striped_sleeves,0,3891,2507,2264,118,125
1451957,naoetsu_high_school_uniform,0,3377,2504,2239,144,121
695921,white_sash,0,4325,2503,2276,115,112
399594,urethra,0,3495,2502,2242,122,138
1605926,see-through_legwear,0,3196,2501,2244,131,126
1916192,traditional_nun,0,3125,2498,2257,102,139
1513962,tam_o'_shanter,0,3028,2498,2255,125,118
2626,volleyball,0,3288,2496,2230,141,125
2553,basketball,0,3176,2495,2251,130,114
452530,ok_sign,0,4105,2493,2245,132,116
87501,wire,0,3537,2493,2247,127,119
448198,shako_cap,0,3858,2491,2242,138,111
1614785,finger_to_own_chin,0,3727,2489,2241,127,121
562075,plaid_bikini,0,3091,2487,2238,120,129
1420004,blur_censor,0,3764,2485,2232,124,129
648389,spread_fingers,0,3485,2484,2229,129,126
667586,single_pauldron,0,5486,2483,2246,114,123
514943,torn_shorts,0,3963,2483,2229,140,114
550621,head_back,0,4217,2482,2227,126,129
546937,cracked_skin,0,4293,2481,2237,117,127
711978,clothed_animal,0,4523,2480,2207,155,118
374503,strawberry_shortcake,0,3628,2480,2221,124,135
655271,naked_jacket,0,3790,2478,2214,132,132
667237,oversized_animal,0,3625,2478,2186,138,154
379744,counter,0,3544,2478,2244,130,104
1494963,orange-tinted_eyewear,0,4721,2477,2253,107,117
419919,diving_mask,0,2901,2477,2234,100,143
1557673,pendant_choker,0,4444,2476,2244,121,111
839099,green_lips,0,3500,2476,2214,130,132
550123,sitting_on_face,0,3967,2475,2233,144,98
10861,town,0,3555,2474,2221,141,112
455175,smiley_face,0,3441,2474,2224,133,117
420749,turban,0,3376,2474,2197,142,135
399308,walk-in,0,3519,2471,2238,108,125
1835734,red_one-piece_swimsuit,0,3267,2467,2187,138,142
381796,satchel,0,3043,2463,2211,122,130
690509,purple_sky,0,4171,2460,2209,117,134
8279,church,0,3479,2459,2218,113,128
389909,potato_chips,0,3360,2459,2200,128,131
1793517,legwear_garter,0,3759,2458,2207,119,132
880368,humanoid_robot,0,5714,2456,2185,123,148
1373028,yellow-framed_eyewear,0,4542,2456,2184,145,127
514885,after_kiss,0,4489,2456,2238,127,91
1726780,egg_(food),0,3465,2455,2233,102,120
379432,lights,0,2841,2454,2202,120,132
420294,yellow_skin,0,4822,2451,2167,137,147
11316,abstract,0,4000,2450,2164,139,147
876848,bandage_on_face,0,3560,2449,2165,128,156
398959,trick_or_treat,0,3039,2448,2193,124,131
1448374,reflective_water,0,4889,2446,2213,122,111
442279,vial,0,3321,2446,2186,131,129
1577661,dynamax_band,0,2916,2445,2198,121,126
669534,clothes_down,0,3295,2444,2211,127,106
1412053,magatama_necklace,0,3461,2443,2190,122,131
712510,bare_hips,0,3799,2442,2203,118,121
1268086,pink_bag,0,4613,2441,2212,123,106
623327,creator_connection,0,3477,2440,2194,116,130
1281997,asymmetrical_horns,0,5002,2439,2214,115,110
555866,pillow_grab,0,3529,2439,2202,106,131
381887,caught,0,3699,2435,2192,114,129
521722,nengajou,0,2949,2435,2191,118,126
3139,samurai,0,3297,2433,2191,122,120
502382,hyur,0,3136,2432,2166,137,129
551641,thigh_ribbon,0,3200,2431,2192,125,114
556491,convenient_arm,0,2954,2431,2179,125,127
526532,oversized_shirt,0,4042,2430,2179,130,121
395568,cyberpunk,0,3547,2429,2183,120,126
674367,starry_sky_print,0,3634,2428,2189,114,125
453756,;3,0,3517,2428,2187,123,118
1342607,holding_lantern,0,4281,2426,2192,133,101
1513986,creature_and_personification,0,3450,2426,2165,140,121
1574672,two-sided_cape,0,5942,2425,2161,132,132
433619,dreadlocks,0,3870,2423,2179,128,116
453104,cameo,0,3096,2422,2180,104,138
1598810,nontraditional_playboy_bunny,0,4551,2421,2164,146,111
670532,holding_pencil,0,3806,2419,2188,111,120
492858,lemon_slice,0,3763,2419,2200,103,116
631042,pool_ladder,0,3116,2419,2187,110,122
468923,screaming,0,4227,2416,2180,116,120
1262479,plaid_bowtie,0,4292,2415,2180,113,122
1409556,ooarai_military_uniform,0,2756,2415,2195,125,95
458230,strapless_bra,0,2954,2413,2164,103,146
461237,skewer,0,3606,2412,2159,138,115
561087,covering_nipples,0,3083,2412,2159,122,131
453886,cosmetics,0,4573,2410,2172,125,113
541224,heart_hands_duo,0,3809,2410,2196,99,115
419890,rug,0,3794,2409,2159,128,122
576093,hands_on_lap,0,3478,2409,2147,136,126
410605,shared_scarf,0,2963,2408,2160,125,123
377200,balcony,0,3571,2404,2168,118,118
1505132,russian_text,0,3391,2402,2121,143,138
1161081,2016,0,2809,2400,2167,105,128
1174935,hand_on_own_leg,0,4132,2398,2158,113,127
399776,torch,0,3174,2397,2160,133,104
394155,instrument_case,0,3869,2396,2148,125,123
612699,dirty_clothes,0,3642,2394,2154,130,110
455722,curtain_grab,0,2792,2393,2158,134,101
5058,surfboard,0,3344,2392,2120,153,119
539771,incoming_gift,0,2993,2391,2142,120,129
470701,cube,0,3343,2390,2159,101,130
1608327,mixed-language_text,0,5836,2389,2156,135,98
9032,attack,0,4175,2389,2156,110,123
381727,open_skirt,0,2888,2389,2158,113,118
1730,what,0,4034,2388,2140,123,125
1332003,champagne_flute,0,3638,2388,2178,111,99
403183,nail,0,0,2387,2165,111,111
429442,patch,0,3537,2386,2156,120,110
519892,naked_coat,0,3070,2385,2144,127,114
428250,plectrum,0,3646,2384,2163,112,109
242,princess,0,4124,2383,2096,134,153
1276335,fur-trimmed_legwear,0,2840,2383,2161,101,121
540105,fleeing,0,3408,2382,2138,104,140
8371,hamster,0,3356,2381,2138,123,120
539390,insignia,0,3349,2379,2161,103,115
423171,prayer_beads,0,2981,2376,2141,116,119
1373024,white-framed_eyewear,0,4351,2374,2152,100,122
6267,whale,0,3096,2374,2120,128,126
1098217,drawing_tablet,0,3083,2373,2134,120,119
1409793,grey_kimono,0,3960,2372,2112,131,129
1362227,holding_stick,0,3561,2372,2164,109,99
641695,aerial_fireworks,0,4451,2371,2071,156,144
564526,vertical-striped_pantyhose,0,3128,2370,2161,97,112
413782,d-pad,0,2843,2370,2110,129,131
493037,drawer,0,3173,2368,2093,129,146
541927,manga_(object),0,3086,2368,2143,119,106
1739,shrimp,0,3787,2367,2133,113,121
1161082,2017,0,2764,2367,2123,131,113
1330230,black_wristband,0,0,2367,2162,104,101
445826,phimosis,0,3411,2364,2062,148,154
2281,festival,0,2956,2364,2090,144,130
547292,reflective_floor,0,3696,2363,2130,112,121
1314744,yellow_choker,0,3203,2361,2119,127,115
454425,juice_box,0,3275,2360,2113,136,111
1317604,panty_straps,0,4423,2359,2105,104,150
1233843,impossible_bodysuit,0,3810,2358,2115,115,128
434965,studded_belt,0,3613,2356,2121,124,111
416493,red_sky,0,3513,2354,2103,131,120
498823,burning,0,3603,2353,2115,115,123
447322,korean_clothes,0,3468,2353,2130,107,116
410599,crotchless_panties,0,3159,2353,2108,130,115
1391834,feather-trimmed_sleeves,0,2928,2350,2111,126,113
542457,2015,0,2730,2350,2134,120,96
4381,ufo,0,3132,2349,2107,117,125
148824,dove,0,3681,2348,2115,115,118
1343849,fellatio_gesture,0,3836,2347,2114,118,115
2909,cyclops,0,3052,2347,2120,94,133
439517,nose_bubble,0,3513,2342,2098,123,121
661899,glowing_sword,0,3250,2338,2082,134,122
460050,sleep_molestation,0,3409,2337,2090,117,130
1392029,multicolored_bodysuit,0,3447,2336,2068,138,130
1279634,mating_press,0,4111,2332,2100,117,115
396063,asphyxiation,0,3442,2332,2105,120,107
1610038,o-ring_thigh_strap,0,4758,2330,2107,120,103
442051,dust,0,3315,2330,2085,115,130
488259,skull_mask,0,3000,2330,2117,99,114
416356,corpse,0,3797,2329,2104,105,120
565089,caustics,0,3080,2329,2111,122,96
5983,briefs,0,2988,2329,2077,111,141
405548,tail_bell,0,2952,2328,2107,103,118
425236,pulling,0,3034,2327,2107,104,116
1269637,hands_on_headwear,0,2833,2327,2108,114,105
1243347,mega_pokemon,0,4889,2324,2056,125,143
1396796,green_neckerchief,0,4126,2324,2092,128,104
528616,drone,0,3430,2324,2064,132,128
536151,snake_tail,0,3675,2323,2074,116,133
533490,adjusting_gloves,0,3278,2322,2078,133,111
1787327,shuuchiin_academy_school_uniform,0,2716,2320,2115,110,95
396962,sweatband,0,2954,2319,2107,114,98
1618015,slime_(creature),0,3990,2318,2060,145,113
488880,fourth_wall,0,3151,2318,2082,114,122
1372686,shark_hood,0,2999,2318,2080,95,143
1383226,ofuda_on_clothes,0,3313,2317,2073,148,96
1912119,champion's_tunic_(zelda),0,2938,2313,2091,111,111
468635,coral,0,3213,2312,2081,116,115
484182,nose_piercing,0,3885,2311,2080,109,122
4510,crepe,0,3162,2308,2064,119,125
543193,spread_wings,0,2993,2307,2074,132,101
466441,sweet_potato,0,2909,2304,2085,117,102
383903,vending_machine,0,3428,2303,2110,96,97
1926062,millennium_cheerleader_outfit_(blue_archive),0,3128,2300,2046,123,131
1353605,standing_on_liquid,0,2963,2298,2075,116,107
413859,footprints,0,3351,2296,2037,141,118
1609998,after_ejaculation,0,3698,2295,2104,94,97
506562,tri_tails,0,2638,2294,2082,106,106
480182,keyboard_(instrument),0,3186,2293,2060,106,127
523897,fried_egg,0,3415,2291,2079,104,108
421313,product_placement,0,3026,2291,2082,86,123
501554,sweater_around_waist,0,2991,2291,2089,105,97
403072,rocket_launcher,0,3149,2290,2062,110,118
423438,racket,0,2965,2290,2074,118,98
379983,under_table,0,3241,2288,2099,100,89
381083,sketchbook,0,3056,2288,2065,112,111
1964758,fake_phone_screenshot,0,3348,2287,2037,142,108
585851,bound_ankles,0,3748,2285,2025,131,129
617893,sleeping_on_person,0,3400,2284,2073,113,98
548895,frilled_socks,0,5323,2283,2067,99,117
585,taiyaki,0,2957,2283,2071,108,104
1574674,two-sided_jacket,0,5516,2282,2051,114,117
1282702,wooden_bucket,0,2946,2282,2048,109,125
189096,anal_fingering,0,3474,2281,2052,116,113
498946,turnaround,0,3630,2280,2047,108,125
379794,cafe,0,3278,2280,2051,120,109
559145,school_hat,0,3229,2280,2059,114,107
1320208,grey_necktie,0,3632,2278,2051,110,117
430139,single_vertical_stripe,0,2906,2278,2061,120,97
1227460,hands_on_another's_head,0,3582,2277,2042,108,127
16150,keychain,0,0,2277,2066,117,94
664405,plaid_necktie,0,3885,2276,2045,120,111
401614,tennis_uniform,0,2876,2276,2056,126,94
589583,kappougi,0,2674,2275,2064,101,110
1416333,cherry_blossom_print,0,3196,2274,2044,123,107
384086,jet,0,0,2274,2048,107,119
2060120,holding_swim_ring,0,3634,2271,2030,120,121
77315,worried,0,4047,2270,2079,83,108
635980,impossible_leotard,0,2904,2270,2047,107,116
1402473,blue_sash,0,5072,2268,2065,105,98
1552758,breast_curtain,0,2859,2266,2000,133,133
530877,lace_bra,0,3454,2264,2038,113,113
819855,puffy_shorts,0,3437,2262,2042,110,110
669792,futa_with_male,0,3580,2261,2008,136,117
2022435,cone_horns,0,4229,2260,2029,125,106
1617800,see-through_leotard,0,3496,2259,2050,103,106
385780,high_contrast,0,3476,2259,2022,104,133
8235,shuriken,0,3096,2259,2007,117,135
1514953,cropped_shoulders,0,4917,2257,2046,115,96
12284,gown,0,3836,2255,2033,110,112
479466,fine_art_parody,0,3312,2255,2032,110,113
499,toast,0,3301,2255,2045,96,114
460720,wind_chime,0,2875,2255,2028,106,121
469082,milk_carton,0,3385,2254,2035,107,112
1378575,monsterification,0,3600,2252,2025,120,107
1304010,pink_pupils,0,7821,2251,2007,131,113
1506804,pearl_(gemstone),0,3220,2250,2022,122,106
1769934,finger_in_own_mouth,0,3065,2249,2017,114,118
670645,tactical_clothes,0,3018,2247,2028,118,101
699964,pocky_day,0,2921,2247,2027,106,114
645771,seigaiha,0,3032,2245,2037,118,90
440361,lipstick_mark,0,4995,2244,2019,104,121
481420,blood_stain,0,3109,2244,2029,102,113
478938,impossible_dress,0,2985,2244,2028,109,107
376636,confused,0,4018,2242,1984,140,118
393832,impregnation,0,3789,2241,1991,119,131
513424,millipen_(medium),0,2472,2241,1990,150,101
11943,zero_suit,0,3404,2239,2014,116,109
1442709,fewer_digits,0,3903,2238,2010,102,126
613216,multicolored_legwear,0,2310,2238,1994,130,114
560134,u_u,0,4956,2237,2027,109,101
570969,red_armor,0,4737,2236,2012,91,133
1570687,starter_pokemon_trio,0,2945,2234,2033,109,92
14562,holly,0,2973,2231,2005,108,118
1307551,holstered,0,3177,2229,2007,105,117
380490,alarm_clock,0,3038,2229,1999,116,114
635465,twitching,0,4744,2226,2004,115,107
1306104,orange_scarf,0,3444,2224,1976,130,118
175633,comb,0,3075,2223,1985,121,117
7827,whisk,0,3234,2222,1956,109,157
1447450,d-pad_hair_ornament,0,2643,2222,1982,117,123
1791862,industrial_pipe,0,3280,2221,1993,112,116
494944,flexing,0,3580,2220,2018,98,104
1826631,tracen_training_uniform,0,6091,2216,1975,121,120
457115,when_you_see_it,0,2838,2215,1985,112,118
379758,cave,0,3244,2213,1976,116,121
593715,bird_on_hand,0,3361,2212,1994,107,111
435549,veranda,0,2607,2212,1985,113,114
2130,tanuki,0,2755,2211,1976,123,112
13606,cervix,0,3431,2208,1990,107,111
558703,cheek_pinching,0,3203,2208,1982,114,112
460146,hitachi_magic_wand,0,3266,2207,1971,118,118
1606641,black_male_underwear,0,3158,2207,1973,123,111
639779,mechanical_tail,0,4131,2205,2023,104,78
414749,helm,0,3479,2205,2002,99,104
466439,sparks,0,3144,2204,1959,113,132
1296384,multicolored_gloves,0,3107,2204,1973,109,122
600284,cheek_poking,0,3121,2203,1959,118,126
701781,calendar_(medium),0,2751,2203,1988,112,103
1321158,brown_necktie,0,3659,2202,1990,116,96
1781330,nijigasaki_academy_school_uniform,0,0,2201,1989,106,106
546293,happy_tears,0,3141,2200,1988,101,111
378768,dreaming,0,3093,2198,1968,117,113
5494,harem,0,3356,2197,2006,97,94
9534,trumpet,0,2984,2196,1988,95,113
478170,anti-materiel_rifle,0,2724,2195,1985,98,112
667138,hikimayu,0,3247,2192,1962,115,115
1333731,hands_on_own_thighs,0,3256,2190,1955,123,112
566340,loose_clothes,0,3072,2190,1958,117,115
1456557,hair_through_headwear,0,2855,2190,1970,106,114
1323958,pink_vest,0,3322,2189,1938,128,123
390242,variations,0,2639,2189,1936,130,123
638777,ritual_baton,0,2438,2189,1990,82,117
1691759,censored_nipples,0,3276,2188,1950,125,113
465814,video_camera,0,2889,2186,1945,120,121
1434344,pencil_dress,0,3008,2185,1973,93,119
1409106,head_on_pillow,0,4970,2183,1968,117,98
1499389,patchwork_skin,0,3125,2183,1995,99,89
440374,leg_belt,0,3021,2180,1973,98,109
1317359,floating_clothes,0,7538,2177,1969,94,114
610198,leotard_pull,0,3240,2177,1953,115,109
585021,spoken_sweatdrop,0,2949,2177,1971,105,101
1401971,backless_leotard,0,3720,2174,1948,127,99
1455250,chest_strap,0,4049,2172,1976,100,96
1636694,sleeve_garter,0,3243,2171,1946,109,116
380358,setsubun,0,2650,2170,1962,99,109
1411023,st._gloriana's_military_uniform,0,2545,2169,1942,115,112
378083,barrel,0,3112,2168,1946,107,115
1240137,swim_briefs,0,2860,2168,1946,108,114
1768621,heart_o-ring,0,4041,2167,1975,111,81
974780,stomach_cutout,0,5211,2165,1942,107,116
12650,subtitled,0,5424,2163,1973,105,85
1088997,bear_hair_ornament,0,3340,2163,1932,102,129
1346997,holding_whip,0,3249,2162,1929,129,104
5114,turtle,0,3078,2162,1940,109,113
412950,rubble,0,3132,2161,1930,127,104
645001,assault_visor,0,5983,2160,1925,109,126
1394090,see-through_skirt,0,4085,2159,1951,108,100
843166,yellow_hoodie,0,3843,2159,1938,115,106
599839,horned_helmet,0,4911,2156,1938,102,116
470025,open_pants,0,2855,2156,1958,98,100
1999097,little_busters!_school_uniform,0,2841,2155,1947,104,104
683983,poke_ball_print,0,3304,2154,1927,117,110
711883,checkered_kimono,0,2654,2153,1874,123,156
1257581,bowl_hat,0,2418,2153,1947,95,111
476158,traffic_light,0,3000,2152,1930,105,117
1484368,white_bag,0,4303,2150,1949,93,108
287085,boxing_gloves,0,3233,2150,1976,89,85
378821,watering_can,0,2996,2150,1922,129,99
1314693,grey_scarf,0,3349,2149,1928,122,99
8721,breast_bondage,0,2857,2149,1924,116,109
1274842,two-handed,0,4011,2148,1956,98,94
1344701,grey_border,0,3795,2148,1909,110,129
521422,skull_print,0,3216,2147,1921,100,126
494375,shared_umbrella,0,2570,2147,1951,108,88
511657,alternate_form,0,4773,2145,1939,105,101
1308909,barcode_tattoo,0,3165,2145,1927,99,119
1378645,constellation_print,0,3094,2145,1923,90,132
1345660,leaning_on_object,0,3169,2144,1914,115,115
1383063,clover_print,0,2456,2142,1937,106,99
657500,fish_hair_ornament,0,3630,2140,1931,92,117
1743,baseball,0,3186,2140,1941,85,114
1478253,drop_earrings,0,0,2140,1921,110,109
1504868,eyebrow_cut,0,3786,2138,1972,96,70
15412,refrigerator,0,3079,2138,1929,112,97
390436,birdcage,0,3065,2138,1929,109,100
3946,faucet,0,2963,2138,1898,119,121
1411065,anzio_school_uniform,0,2387,2138,1910,113,115
1452744,collared_coat,0,6132,2137,1932,99,106
419280,between_thighs,0,2719,2135,1922,98,115
1495030,red-tinted_eyewear,0,4880,2133,1926,93,114
638540,multicolored_bikini,0,7564,2132,1883,131,118
1113198,latex_bodysuit,0,3873,2132,1862,130,140
1353409,fine_fabric_emphasis,0,3195,2132,1912,109,111
1793464,cheating_(relationship),0,3587,2131,1904,106,121
1543640,inverted_bob,0,6360,2128,1952,74,102
540139,different_reflection,0,3465,2128,1928,100,100
567592,untucked_shirt,0,3386,2128,1912,107,109
1464685,collared_cape,0,3480,2126,1891,124,111
15222,alley,0,3308,2124,1885,122,117
445622,leopard_ears,0,2230,2124,1934,90,100
1492898,green_sleeves,0,5444,2122,1894,112,116
586859,beckoning,0,2938,2122,1898,125,99
1613886,animal_ear_headwear,0,4782,2121,1899,107,115
527651,naked_sheet,0,2648,2121,1932,95,94
1286826,cloud_print,0,3129,2120,1918,84,118
1242767,star_necklace,0,3117,2118,1907,98,113
399999,whipped_cream,0,3521,2116,1910,102,104
1824446,lycoris_uniform,0,3161,2115,1895,137,83
396859,budget_sarashi,0,2437,2115,1880,101,134
1333955,side-tie_leotard,0,2900,2114,1884,121,109
1468298,beamed_sixteenth_notes,0,2587,2111,1854,137,120
565996,goat_ears,0,3329,2109,1916,93,100
1853211,single_hair_ring,0,4881,2107,1909,105,93
422427,sports_bikini,0,2685,2106,1900,106,100
1496652,gold_hairband,0,2983,2104,1889,104,111
423281,mini-hakkero,0,2619,2104,1913,97,94
1582504,scar_on_neck,0,3276,2103,1917,95,91
657469,rainbow_order,0,2478,2103,1918,93,92
1320347,octarian,0,0,2103,1865,136,102
1675931,kalashnikov_rifle,0,2888,2102,1871,117,114
10736,spandex,0,2940,2101,1922,95,84
408254,tripping,0,2938,2101,1899,98,104
721109,visible_air,0,2538,2101,1893,105,103
391066,roller_skates,0,3334,2100,1886,112,102
1670355,furry_with_furry,0,3923,2099,1898,102,99
380154,squirrel,0,3112,2099,1904,95,100
43623,scepter,0,2873,2096,1868,118,110
472623,hammer_and_sickle,0,2379,2096,1851,124,121
10911,pond,0,3005,2093,1893,102,98
1837805,traditional_youkai,0,2289,2093,1882,113,98
1378370,black_buruma,0,3003,2091,1877,104,110
1369179,orange_fur,0,3827,2090,1835,157,98
1439570,tall_female,0,3936,2089,1863,115,111
389904,cabinet,0,3043,2088,1847,129,112
1770613,purple_gemstone,0,4622,2087,1863,117,107
1454154,black_pubic_hair,0,3708,2087,1907,101,79
577309,multiple_condoms,0,2884,2086,1864,114,108
1339894,fishnet_top,0,3476,2084,1867,99,118
605455,volleyball_uniform,0,2854,2084,1865,112,107
1509564,holding_game_controller,0,3937,2083,1849,131,103
512488,crotch_plate,0,2955,2083,1882,105,96
440406,buck_teeth,0,3077,2082,1857,115,110
633435,magical_musket,0,2278,2082,1905,96,81
1440529,two-tone_ribbon,0,2938,2081,1888,93,100
679014,greatsword,0,3341,2080,1855,115,110
548540,puckered_anus,0,2909,2080,1882,84,114
453979,gusset,0,2381,2079,1884,82,113
1568979,plaid_headwear,0,1193,2079,1873,104,102
381921,energy_ball,0,2970,2078,1880,93,105
1281566,spiked_armlet,0,2798,2076,1879,96,101
473239,yellow_bra,0,2769,2076,1871,95,110
473421,pink_socks,0,4360,2073,1904,71,98
11395,swing,0,3187,2073,1841,111,121
1854324,green_halo,0,8227,2071,1862,103,106
706581,condom_packet_strip,0,2674,2071,1857,97,117
473417,yellow_thighhighs,0,4094,2070,1842,124,104
435180,bad_hands,0,2971,2068,1847,107,114
603414,space_helmet,0,3403,2065,1869,103,93
1396461,brown_hairband,0,3386,2065,1874,87,104
608539,column_lineup,0,2756,2065,1866,101,98
1399019,multicolored_fur,0,3737,2064,1885,109,70
542055,polka_dot_dress,0,2921,2062,1825,118,119
628220,claw_ring,0,2862,2062,1865,101,96
642312,handsfree_ejaculation,0,2781,2062,1838,113,111
6327,afro,0,3421,2061,1879,84,98
692799,choko_(cup),0,2735,2060,1882,87,91
992674,emoji,0,3897,2058,1833,102,123
716395,dixie_cup_hat,0,2498,2058,1850,104,104
705551,pixiv_id,0,2864,2057,1847,86,124
590886,bird_legs,0,3208,2056,1877,91,88
892083,green_apron,0,3106,2056,1853,97,106
10415,railroad_tracks,0,2891,2056,1854,98,104
1624910,sidepec,0,2741,2054,1840,108,106
403432,hooves,0,3510,2053,1848,96,109
1405888,harvin,0,2327,2053,1862,97,94
415735,sideways,0,3394,2051,1841,102,108
1274924,hand_on_another's_ass,0,4104,2048,1842,96,110
418677,gate,0,2656,2048,1832,100,116
991822,blue_eyeshadow,0,3669,2047,1828,114,105
594938,window_blinds,0,2968,2046,1852,98,96
418987,park_bench,0,2832,2045,1820,135,90
535055,warship,0,2842,2043,1868,93,82
1298573,sanshoku_dango,0,2831,2043,1855,96,92
719573,doyagao,0,2671,2042,1826,109,107
699609,frilled_cuffs,0,2776,2041,1847,103,91
1796972,e.g.o_(project_moon),0,5052,2040,1796,104,140
495020,crazy_smile,0,3480,2040,1842,98,100
5707,chaps,0,2907,2040,1846,99,95
397906,party_hat,0,3494,2038,1825,103,110
708792,checkered_necktie,0,2878,2038,1830,95,113
478617,stripper_pole,0,3532,2037,1827,112,98
1039733,licking_nipple,0,3287,2034,1832,102,100
548122,strawberry_print,0,2775,2034,1834,101,99
512237,identity_censor,0,0,2034,1807,105,122
379311,chandelier,0,3115,2033,1814,114,105
485953,puffy_pants,0,3005,2031,1845,91,95
416114,symmetry,0,2723,2031,1837,111,83
477329,brushing_hair,0,2937,2030,1823,104,103
499937,lip_piercing,0,3353,2029,1849,91,89
14637,tight_shirt,0,2991,2029,1814,100,115
397626,guitar_case,0,3124,2028,1817,110,101
1279653,holding_brush,0,3038,2027,1842,86,99
585203,veiny_breasts,0,3319,2026,1774,116,136
1713028,two-tone_bowtie,0,2579,2024,1780,136,108
8806,train_station,0,2706,2022,1823,81,118
414746,spider_girl,0,2583,2022,1821,109,92
377843,cousins,0,3551,2020,1790,114,116
663528,wooden_wall,0,2917,2020,1825,99,96
534507,two-tone_eyes,0,10395,2017,1814,118,85
1853,tribadism,0,3490,2017,1787,119,111
521377,winged_helmet,0,3246,2017,1833,89,95
1307800,skull_earrings,0,2837,2017,1808,115,94
1651209,fanbox_username,0,3439,2016,1812,98,106
396795,menu,0,2805,2016,1823,107,86
2684,fishing,0,2704,2015,1848,79,88
402726,spanked,0,4466,2014,1852,67,95
1557024,mouth_veil,0,3228,2014,1823,100,91
662800,fake_antlers,0,3084,2014,1820,101,93
1768427,black_halo,0,8518,2013,1781,121,111
462556,cuddling,0,3649,2013,1822,80,111
565136,projected_inset,0,2643,2012,1821,88,103
1349615,red_fur,0,3985,2011,1822,78,111
1265860,pink_blood,0,3146,2011,1842,94,75
459931,prostitution,0,2993,2009,1806,109,94
592444,mars_symbol,0,2884,2008,1824,96,88
1039289,gold_necklace,0,5426,2002,1778,113,111
483095,birthmark,0,2517,2002,1792,97,113
622601,window_shade,0,0,2002,1815,81,106
490349,head_bump,0,2577,2000,1834,82,84
543247,eyebrow_piercing,0,3507,1999,1840,81,78
413866,breasts_on_glass,0,3147,1999,1758,118,123
155336,poncho,0,2883,1999,1786,89,124
421489,ushanka,0,2711,1998,1771,105,122
726943,pink_coat,0,3355,1997,1796,103,98
228746,spider,0,2901,1997,1794,103,100
470667,board_game,0,2821,1997,1784,100,113
617246,leather_belt,0,2762,1995,1795,114,86
4948,mimikaki,0,2692,1995,1785,107,103
1400049,on_bench,0,5320,1994,1787,111,96
1401067,face_to_breasts,0,2835,1992,1794,98,100
2232,tarot,0,3102,1990,1827,71,92
1419859,fur-trimmed_cloak,0,3007,1990,1779,104,107
512928,white_tail,0,4374,1989,1786,95,108
10293,marker,0,2794,1988,1817,73,98
610495,bondage_outfit,0,2892,1987,1827,90,70
377878,hairdressing,0,2667,1987,1777,96,114
1023384,white_serafuku,0,2445,1987,1816,101,70
673730,palm_leaf,0,3062,1985,1789,100,96
7728,tankini,0,2313,1985,1794,97,94
535613,upturned_eyes,0,3868,1983,1774,107,102
1296314,single_gauntlet,0,3342,1983,1768,97,118
1721304,dyed_bangs,0,0,1982,1795,90,97
499376,wrinkled_skin,0,3293,1981,1792,82,107
1441880,hand_on_eyewear,0,2984,1980,1775,97,108
10884,crotch_rub,0,2773,1980,1795,86,99
644441,fiery_hair,0,3335,1978,1802,80,96
1426521,white_veil,0,7012,1975,1782,96,97
375862,butler,0,3185,1975,1773,101,101
431012,tangzhuang,0,3047,1974,1736,140,98
614243,plaid_background,0,2784,1973,1763,120,90
450205,prehensile_hair,0,2757,1973,1765,103,105
549321,cum_on_penis,0,3717,1971,1783,95,93
668887,shallow_water,0,2448,1971,1754,118,99
549629,ankle_lace-up,0,2162,1969,1756,90,123
1298471,blood_from_eyes,0,3226,1968,1783,96,89
180889,morning,0,3091,1968,1783,92,93
16006,union_jack,0,2455,1968,1772,94,102
700119,cropped_vest,0,3300,1966,1776,85,105
1445710,shoulder_boards,0,3455,1965,1758,115,92
443220,you're_doing_it_wrong,0,2431,1965,1783,93,89
1470700,black_undershirt,0,4927,1964,1769,97,98
1476489,pokemon_on_head,0,2674,1963,1763,101,99
451262,notepad,0,2594,1963,1754,116,93
118742,team_rocket,0,3252,1961,1768,86,107
403478,suppressor,0,2778,1961,1767,96,98
385733,baseball_uniform,0,3600,1960,1751,108,101
29555,office,0,3078,1960,1784,89,87
1179281,bear_girl,0,2830,1959,1776,87,96
16279,air_conditioner,0,2613,1958,1763,94,101
412179,polka_dot_bra,0,2254,1958,1736,118,104
632853,fake_wings,0,3361,1957,1772,97,88
412890,tissue,0,2498,1957,1736,110,111
495137,tulip,0,3630,1956,1779,91,86
650139,clothed_female_nude_female,0,3449,1956,1761,95,100
538746,lipstick_tube,0,3033,1954,1761,99,94
15614,tube,0,2649,1953,1735,96,122
3532,ink,0,2777,1952,1766,100,86
1363208,blue_bag,0,4134,1951,1753,89,109
1267456,holding_leaf,0,2827,1951,1781,78,92
1274419,spoken_character,0,3752,1950,1773,96,81
473475,orange_thighhighs,0,3357,1949,1748,100,101
1605421,halloween_bucket,0,2985,1949,1769,82,98
1323483,fangs_out,0,2866,1949,1749,106,94
1648167,x-shaped_pupils,0,4848,1947,1764,96,87
379603,hair_brush,0,2753,1946,1725,101,120
539536,blue_headband,0,3160,1944,1761,90,93
388868,m4_carbine,0,2547,1944,1759,79,106
1438305,holding_baseball_bat,0,4450,1943,1737,89,117
1397563,fur-trimmed_skirt,0,2909,1943,1757,96,90
1258088,ribbon-trimmed_clothes,0,2149,1942,1732,95,115
8781,bomb,0,2825,1941,1747,83,111
394771,utility_belt,0,2799,1940,1755,92,93
5001,squid,0,2328,1940,1767,77,96
507379,yellow_belt,0,3507,1939,1762,91,86
550124,sitting_in_tree,0,2536,1939,1726,111,102
415621,blueberry,0,3098,1938,1756,103,79
714422,sports_car,0,3033,1938,1772,91,75
712381,thigh_cutout,0,2911,1938,1756,88,94
660019,color_connection,0,2771,1937,1722,102,113
1637,failure,0,2666,1937,1740,101,96
633053,hooded_sweater,0,2409,1937,1756,93,88
11353,twincest,0,2673,1936,1706,113,117
526083,brown_socks,0,3926,1935,1742,94,99
1561753,yellow_armband,0,2612,1935,1736,94,105
1279772,yellow_wings,0,2867,1930,1768,70,92
660778,knees_apart_feet_together,0,3104,1929,1752,87,90
1613542,electrokinesis,0,2774,1929,1751,87,91
664546,taut_dress,0,2760,1929,1730,86,113
500760,flower_ornament,0,3256,1928,1732,114,82
4864,lion,0,2848,1928,1727,101,100
1405177,purple_belt,0,3735,1927,1729,110,88
406727,against_tree,0,2533,1927,1725,81,121
534991,pillbox_hat,0,2659,1925,1730,103,92
400230,akeome,0,2154,1924,1729,99,96
514889,polo_shirt,0,2745,1923,1729,77,117
1231742,three-dimensional_maneuver_gear,0,2186,1923,1755,79,89
1475076,blue_horns,0,3641,1920,1717,100,103
399875,beach_chair,0,2907,1920,1743,88,89
492105,groin_tendon,0,2666,1920,1726,95,99
544204,bowl_cut,0,3199,1918,1732,91,95
655903,fake_facial_hair,0,2783,1918,1727,91,100
524875,nail_art,0,2540,1918,1738,96,84
1738,figure,0,4636,1917,1749,89,79
1469769,grey_sleeves,0,3634,1917,1713,110,94
721724,gold_bracelet,0,5410,1915,1732,85,98
4313,pointer,0,2478,1915,1738,88,89
493288,chasing,0,2785,1914,1711,91,112
622860,spring_(season),0,2899,1913,1710,115,88
638838,in_food,0,2370,1912,1723,112,77
683789,wooden_table,0,3299,1909,1714,108,87
452130,neon_lights,0,2844,1909,1707,89,113
473312,camellia,0,2720,1909,1724,84,101
671484,stuffed_shark,0,2582,1909,1727,95,87
1275036,german_clothes,0,2522,1908,1744,81,83
480324,staff_(music),0,0,1906,1706,99,101
450208,chocolate_bar,0,2626,1904,1702,103,99
408365,tape_gag,0,3178,1903,1692,114,97
1489808,poke_ball_symbol,0,2654,1903,1692,97,114
1373018,striped_kimono,0,2547,1903,1720,94,89
1283900,single_fingerless_glove,0,3940,1901,1727,85,89
658254,holding_helmet,0,3072,1900,1717,98,85
723924,very_long_fingernails,0,2512,1900,1704,93,103
1161092,2024,0,5576,1898,1733,81,84
1414389,pink_sailor_collar,0,2852,1897,1691,102,104
380828,open_bra,0,2591,1897,1701,92,104
684567,looking_at_mirror,0,3563,1896,1684,107,105
433424,if_they_mated,0,2843,1896,1730,85,81
593552,plaid_pants,0,3048,1895,1710,86,99
1365638,bandaid_on_hand,0,2765,1895,1689,94,112
629486,used_tissue,0,2535,1893,1684,114,95
516894,tokusatsu,0,4244,1892,1684,91,117
572579,cooking_pot,0,3336,1892,1711,82,99
465863,cum_on_legs,0,3965,1891,1703,91,97
1265402,heart_balloon,0,3766,1891,1690,90,111
544708,fish_girl,0,2710,1891,1688,107,96
528496,holding_shoes,0,3117,1889,1697,90,102
473259,artificial_vagina,0,2592,1888,1653,113,122
1326818,fur-trimmed_kimono,0,2738,1887,1711,83,93
472861,ovum,0,3130,1886,1679,96,111
188238,crossbow,0,2444,1886,1711,94,81
547081,incoming_attack,0,3412,1884,1706,86,92
1238376,multicolored_shirt,0,3397,1883,1682,110,91
1413210,blue_collar,0,3244,1883,1687,109,87
550778,checkerboard_cookie,0,2339,1882,1689,99,94
1533721,fish_(food),0,2869,1881,1693,106,82
83990,tennis_racket,0,2436,1880,1692,104,84
400296,gatling_gun,0,2527,1879,1708,84,87
621654,pale_color,0,3061,1878,1695,84,99
1284171,after_paizuri,0,2704,1877,1692,93,92
464556,dolphin,0,2464,1877,1669,101,107
486179,naked_cape,0,2320,1877,1698,68,111
602058,shoulder_strap,0,3017,1873,1686,99,88
1518970,pectoral_grab,0,2468,1871,1637,128,106
1901538,scissor_blade_(kill_la_kill),0,2248,1871,1694,91,86
2560,wrestling,0,2743,1869,1673,106,90
430228,pole_dancing,0,2772,1868,1676,102,90
469368,striped_gloves,0,2329,1868,1688,73,107
476602,kusazuri,0,2292,1868,1655,98,115
1339824,cropped_hoodie,0,3257,1867,1683,105,79
523847,omurice,0,2919,1866,1683,86,97
8309,straitjacket,0,1672,1866,1666,91,109
1782264,sticker_on_face,0,3426,1865,1681,92,92
542882,against_railing,0,3083,1865,1676,90,99
1324692,pink_fur,0,3798,1864,1708,81,75
1233871,circle_name,0,2480,1863,1682,102,79
11960,tanabata,0,2339,1863,1685,88,90
542357,red_cross,0,2650,1861,1636,116,109
400313,beam_rifle,0,3067,1860,1712,72,76
1373026,green-framed_eyewear,0,2425,1860,1670,104,86
467618,belt_bra,0,2355,1860,1689,86,85
593466,flame_print,0,3112,1857,1695,75,87
4654,flustered,0,4056,1856,1713,64,79
443879,gorget,0,3356,1856,1693,82,81
461218,selfcest,0,2930,1856,1652,110,94
643516,pyrokinesis,0,3238,1855,1678,84,93
472201,baguette,0,3103,1855,1671,81,103
430449,spine,0,2521,1855,1693,93,69
452157,hagoita,0,2224,1855,1666,84,105
626479,orange_slice,0,2777,1854,1662,96,96
612104,respirator,0,2778,1853,1656,104,93
670994,chocolate_on_body,0,2656,1852,1647,108,97
545758,wisteria,0,2550,1852,1649,95,108
412925,cupless_bra,0,2501,1852,1648,100,104
1435804,bisexual_female,0,3359,1851,1676,95,80
1361800,bow_earrings,0,3008,1851,1663,86,102
1372846,pink_pajamas,0,3457,1850,1661,101,88
607798,arm_wrap,0,3046,1850,1668,103,79
585543,pussy_juice_puddle,0,2611,1850,1682,97,71
416448,yagasuri,0,2225,1850,1661,94,95
1415469,torpedo_tubes,0,2197,1850,1661,108,81
478821,teasing,0,3180,1849,1668,96,85
400656,red_hood,0,3060,1847,1652,101,94
472,monkey,0,2659,1847,1664,91,92
544443,penis_out,0,2581,1847,1674,72,101
1657712,veiny_arms,0,3656,1846,1645,96,105
415310,overgrown,0,2642,1845,1658,109,78
4144,mace,0,2542,1845,1679,80,86
556841,sitting_on_stairs,0,2747,1843,1663,82,98
1293722,bandaged_neck,0,4074,1842,1697,67,78
1501189,stitched_face,0,3337,1842,1666,81,95
1457953,sparse_pubic_hair,0,3375,1841,1676,95,70
501689,body_hair,0,2222,1841,1637,112,92
589659,in_bucket,0,2205,1840,1644,108,88
419998,:x,0,0,1840,1643,80,117
610944,mixed_media,0,3076,1838,1682,69,87
1641903,eye_focus,0,3055,1838,1645,106,87
1452471,hikarizaka_private_high_school_uniform,0,2578,1838,1636,100,102
557675,no_wings,0,2318,1838,1648,90,100
555276,surprise_kiss,0,2593,1837,1641,101,95
376486,skyline,0,2843,1836,1653,89,94
486968,red_bandana,0,4227,1835,1643,90,102
2812,ramune,0,2247,1835,1637,92,106
13185,spitting,0,2366,1834,1656,89,89
7737,soap,0,2365,1834,1651,86,97
475729,through_clothes,0,2647,1833,1679,81,73
1637843,crescent_facial_mark,0,2286,1833,1640,105,88
671651,hair_ears,0,3062,1831,1648,101,82
1342774,rabbit_house_uniform,0,2035,1831,1622,118,91
412641,steering_wheel,0,3517,1830,1654,79,97
2006757,unworn_bikini_top,0,2307,1829,1634,113,82
537025,thigh_belt,0,5762,1828,1630,111,87
524796,age_progression,0,2993,1828,1641,83,104
418420,stuck,0,3174,1827,1627,94,106
1402459,blue_cloak,0,2899,1827,1627,95,105
399302,drying,0,2568,1827,1663,79,85
408976,bat_ears,0,3362,1826,1643,103,80
714136,hand_on_another's_stomach,0,3288,1824,1643,100,81
8989,viera,0,2704,1824,1659,83,82
444545,pocky_kiss,0,2348,1824,1640,88,96
659938,poker_chip,0,2863,1821,1657,73,91
582361,head_between_breasts,0,3079,1820,1622,97,101
450823,x_x,0,2487,1820,1633,89,98
487161,breasts_on_head,0,2426,1820,1630,95,95
600401,wooden_fence,0,2731,1818,1605,106,107
1598686,male_playboy_bunny,0,2619,1818,1632,96,90
541729,rotational_symmetry,0,2477,1818,1625,95,98
549041,vocaloid_append,0,2043,1818,1631,79,108
603830,on_person,0,2194,1817,1647,87,83
760104,hand_on_another's_waist,0,5278,1816,1647,90,79
423915,wooden_sword,0,2224,1816,1623,98,95
394997,sweatpants,0,3154,1815,1619,96,100
10399,x,0,2824,1813,1613,85,115
403915,wheel,0,2593,1809,1630,87,92
459174,dress_tug,0,2244,1808,1623,88,97
1349162,holding_balloon,0,3028,1807,1626,87,94
664350,tail_censor,0,2298,1807,1606,85,116
587990,bodice,0,2505,1806,1628,78,100
1515352,aqua_theme,0,2607,1805,1616,88,101
594785,blowing_kiss,0,3495,1803,1600,90,113
508969,cow_boy,0,2263,1803,1627,57,119
1488134,brown_horns,0,5863,1802,1622,89,91
612635,sidesaddle,0,2060,1802,1603,107,92
574422,claw_(weapon),0,3049,1801,1607,101,93
6389,tickling,0,2992,1801,1653,74,74
1924272,buttoned_cuffs,0,2917,1801,1625,88,88
483333,pavement,0,2463,1801,1638,86,77
1307726,magatama_earrings,0,2013,1801,1636,83,82
587202,shoelaces,0,2781,1800,1620,94,86
1373027,brown-framed_eyewear,0,2777,1800,1646,70,84
1637102,doughnut_hair_bun,0,0,1800,1619,96,85
1086828,bow_(music),0,3001,1799,1612,103,84
1514129,sunburst_background,0,2346,1798,1601,103,94
1602480,index_fingers_together,0,2859,1796,1635,81,80
2006761,unworn_boots,0,2708,1795,1617,101,77
1375732,snap-fit_buckle,0,2412,1795,1603,104,88
1414657,purple_capelet,0,3148,1793,1599,83,111
1442004,eyewear_on_headwear,0,2831,1793,1615,84,94
411198,leg_hold,0,2463,1793,1597,90,106
2834,69,0,2731,1791,1623,75,93
16695,magnifying_glass,0,2708,1791,1605,85,101
538158,shared_food,0,2085,1789,1601,100,88
1304063,yellow_bag,0,3465,1788,1632,69,87
475794,column,0,2613,1786,1603,90,93
516012,clothed_masturbation,0,2319,1784,1637,76,71
1490146,yellow_horns,0,4124,1782,1605,89,88
688960,holding_pillow,0,3037,1782,1618,84,80
489995,bulletproof_vest,0,4124,1780,1616,89,75
1262922,head_on_another's_shoulder,0,3378,1780,1623,72,85
1464853,blue-tinted_eyewear,0,3122,1780,1607,90,83
1505167,simplified_chinese_text,0,2413,1780,1608,89,83
581056,multiple_braids,0,3069,1779,1623,89,67
1342945,behind_another,0,3507,1777,1596,101,80
1296346,stationary_restraints,0,2718,1777,1541,98,138
382271,destruction,0,2612,1776,1614,90,72
615369,blue_sclera,0,2660,1775,1608,84,83
1686527,jack-o'_challenge,0,2378,1775,1596,97,82
688139,implied_futanari,0,2726,1773,1597,91,85
628115,open_window,0,2543,1772,1616,80,76
1329387,deviantart_username,0,3423,1771,1608,75,88
9781,pacifier,0,2623,1770,1575,86,109
420546,spear_the_gungnir,0,2164,1769,1591,89,89
1314748,pink_collar,0,2992,1766,1581,106,79
1678267,palette_(object),0,0,1766,1596,76,94
1696268,cowboy_western,0,2251,1765,1558,100,107
1672391,viewer_holding_leash,0,2397,1764,1585,81,98
497917,thrusters,0,3233,1761,1611,68,82
1288040,incoming_food,0,2574,1760,1585,90,85
695246,hakama_pants,0,2982,1759,1609,67,83
395436,reindeer_costume,0,2240,1759,1577,79,103
520939,wiping_tears,0,2466,1758,1579,85,94
665766,carrying_under_arm,0,2363,1758,1610,88,60
493565,timestamp,0,2795,1757,1572,103,82
2075818,nike_(company),0,2495,1756,1565,92,99
1684797,grabbing_another's_chin,0,2383,1755,1586,79,90
1537058,diamond_cutout,0,2501,1752,1562,106,84
661864,pink_belt,0,3796,1749,1563,89,97
444634,torn,0,2138,1747,1550,96,101
1326209,yellow_sash,0,3914,1745,1582,82,81
1367101,holding_scissors,0,3194,1745,1555,86,104
1467809,3others,0,3066,1745,1596,73,76
396286,cockpit,0,2321,1744,1560,81,103
1493305,heel_up,0,2788,1743,1565,85,93
461401,treasure_chest,0,2546,1742,1569,88,85
387935,spirit,0,2501,1742,1603,66,73
399246,stadium,0,2412,1741,1571,72,98
1410984,kuromorimine_school_uniform,0,2060,1739,1568,93,78
1349438,animal_bag,0,2946,1737,1564,92,81
705858,partially_underwater_shot,0,2276,1737,1555,89,93
10429,shinsengumi,0,1983,1737,1572,81,84
427833,palms,0,2580,1736,1569,93,74
1258091,ribbon-trimmed_collar,0,2416,1736,1577,71,88
600210,perineum,0,2785,1735,1562,87,86
4651,dominatrix,0,2574,1735,1578,78,79
1302628,ace_(playing_card),0,3168,1734,1554,99,81
396872,ribbon_bondage,0,2450,1733,1573,76,84
487203,overcast,0,3002,1731,1566,86,79
9587,love_letter,0,2392,1731,1562,75,94
406767,super_robot,0,2747,1730,1554,83,93
615984,bendy_straw,0,2147,1730,1543,89,98
1399177,brown_cloak,0,2746,1729,1542,92,95
568512,bird_on_shoulder,0,2575,1729,1564,94,71
10562,truck,0,2565,1729,1559,83,87
476495,dowsing_rod,0,1968,1729,1566,81,82
709214,alternate_skin_color,0,3363,1728,1558,74,96
1317361,multicolored_bow,0,2815,1728,1546,85,97
379633,fertilization,0,2811,1728,1537,89,102
442852,old_woman,0,2581,1728,1562,83,83
1413926,orange_sailor_collar,0,2128,1728,1557,81,90
8775,mahjong,0,2289,1727,1559,78,90
1452545,kibito_high_school_uniform,0,2103,1727,1563,80,84
1806377,homurahara_academy_school_uniform,0,0,1727,1563,86,78
393579,mechanical_pencil,0,2288,1726,1578,83,65
1185237,hair_in_own_mouth,0,2268,1726,1563,84,79
1376893,pink_eyeshadow,0,3904,1725,1570,73,82
646459,striped_shorts,0,2807,1723,1564,85,74
504308,redesign,0,2920,1722,1519,86,117
609657,animal_hug,0,2527,1722,1551,85,86
624870,imminent_fellatio,0,2394,1722,1575,81,66
1478379,dress_flower,0,4225,1721,1567,69,85
2431,missile,0,2460,1721,1536,72,113
585009,sword_over_shoulder,0,2376,1720,1530,103,87
453719,plant_girl,0,2601,1719,1560,87,72
410111,bowing,0,2366,1719,1563,70,86
16135,cotton_candy,0,2321,1719,1550,83,86
392935,tree_stump,0,2392,1718,1545,76,97
1354736,green_flower,0,2635,1717,1550,83,84
394047,circle_cut,0,2368,1716,1542,88,86
1424925,holding_needle,0,2030,1714,1533,94,87
695232,mismatched_pubic_hair,0,2875,1712,1548,94,70
457418,fighter_jet,0,2862,1712,1533,80,99
723185,stone_floor,0,2479,1712,1558,68,86
5323,kettle,0,2473,1712,1526,84,102
689483,plaid_jacket,0,2843,1711,1556,85,70
501344,fallen_down,0,2391,1711,1538,76,97
629555,desk_lamp,0,2701,1710,1572,70,68
686531,undone_necktie,0,2502,1710,1542,88,80
511641,single_pantsleg,0,2883,1709,1553,77,79
661553,grey_belt,0,3279,1708,1528,91,89
478228,title,0,3258,1708,1545,85,78
1410489,shower_(place),0,2970,1708,1523,90,95
877384,hooded_robe,0,2884,1708,1544,78,86
412357,lounge_chair,0,2087,1708,1505,111,92
585862,reach-around,0,2889,1707,1503,106,98
661926,ankle_strap,0,2471,1706,1537,95,74
12083,graveyard,0,2251,1705,1514,102,89
1835746,pink_one-piece_swimsuit,0,2114,1705,1543,91,71
362945,garden,0,2323,1704,1542,82,80
564789,romper,0,4050,1703,1547,82,74
723472,stiletto_heels,0,3261,1703,1545,81,77
663896,hand_on_another's_neck,0,3775,1702,1540,68,94
15578,eagle,0,2210,1702,1512,102,88
1411229,orange_neckerchief,0,4218,1700,1545,76,79
613128,embellished_costume,0,1978,1700,1528,84,88
1399082,heart_button,0,3109,1699,1545,78,76
1409636,furrification,0,2818,1699,1544,68,87
1259665,bow_choker,0,3476,1698,1551,56,91
508957,health_bar,0,2909,1698,1532,93,73
406104,psychic,0,2186,1698,1525,88,85
419304,crosswalk,0,2605,1697,1513,98,86
1237065,sunflower_hair_ornament,0,2309,1694,1515,74,105
609486,single_strap,0,2304,1694,1492,110,92
389374,cat_teaser,0,2271,1694,1529,82,83
1559079,light_areolae,0,2035,1694,1551,79,64
1592986,rabbit_boy,0,3004,1693,1535,79,79
526470,thighhighs_pull,0,1957,1693,1494,100,99
565907,utaite,0,3577,1692,1539,77,76
444567,tail_wrap,0,2881,1692,1505,79,108
1223536,banknote,0,2879,1692,1515,96,81
903375,flip_phone,0,2818,1688,1508,92,88
1076157,futanari_masturbation,0,2744,1688,1496,102,90
454517,unconscious,0,2660,1688,1527,95,66
501337,39,0,2128,1687,1511,92,84
1515355,black_theme,0,2329,1686,1512,86,88
533100,sitting_on_object,0,2233,1686,1511,87,88
1379633,fff_threesome,0,3053,1685,1518,85,82
668383,lace-trimmed_sleeves,0,3463,1684,1529,91,64
1440480,holding_water_gun,0,2753,1684,1537,68,79
618406,yellow_pants,0,3079,1682,1521,60,101
6303,naginata,0,2516,1682,1521,81,80
1276269,ribbed_sleeves,0,2235,1682,1509,86,87
1349919,brown_bowtie,0,2670,1681,1498,83,100
1441520,horns_through_headwear,0,2252,1681,1521,94,66
507655,freediving,0,1946,1681,1491,94,96
578012,talking_on_phone,0,2503,1679,1497,85,97
14860,chef,0,2487,1679,1515,84,80
1781886,stroking_own_chin,0,2387,1678,1523,77,78
379164,messy,0,2172,1678,1504,94,80
442232,scarlet_devil_mansion,0,2033,1677,1524,69,84
1494956,purple-tinted_eyewear,0,3104,1676,1504,80,92
1820926,sleeveless_turtleneck_leotard,0,2724,1675,1500,76,99
330013,pie,0,2617,1672,1509,70,93
492764,heart_tail,0,2287,1672,1506,87,79
1501551,sakuramon,0,2019,1672,1509,89,74
545201,micro_panties,0,2326,1671,1501,93,77
482956,caution_tape,0,2499,1670,1498,80,92
1553320,two-tone_headwear,0,2304,1669,1488,76,105
667190,plate_armor,0,2714,1668,1497,83,88
401422,screen,0,2641,1667,1496,84,87
531186,gold_armor,0,3350,1666,1480,89,97
374515,hawaiian_shirt,0,2926,1666,1513,72,81
2660,lettuce,0,2668,1666,1488,88,90
1791857,painting_(action),0,2320,1666,1487,80,99
701996,nipple_bar,0,4263,1665,1514,83,68
494932,hickey,0,3578,1665,1518,75,72
431361,baseball_mitt,0,2691,1665,1502,78,85
598269,kissing_forehead,0,2448,1665,1496,85,84
1940710,mustache_stubble,0,3147,1664,1500,80,84
391175,stove,0,2278,1664,1513,73,78
464552,cucumber,0,2290,1663,1507,72,84
1425103,body_freckles,0,3193,1662,1485,81,96
405498,panda_ears,0,2312,1662,1504,70,88
397693,shikigami,0,1945,1662,1502,80,80
476416,biker_clothes,0,3067,1661,1493,75,93
543408,real_world_location,0,2663,1661,1526,81,54
580394,dirndl,0,2317,1661,1516,69,76
11754,neck,0,2559,1659,1491,80,88
488375,rainbow_gradient,0,2316,1659,1507,80,72
437614,boned_meat,0,2253,1659,1491,86,82
15227,screentones,0,3190,1658,1487,89,82
384969,intravenous_drip,0,2480,1658,1483,90,85
439406,shiba_inu,0,2273,1658,1520,59,79
601192,mechanical_hands,0,3052,1657,1487,69,101
600460,group_picture,0,3185,1656,1482,99,75
1516826,drinking_straw_in_mouth,0,3058,1656,1508,63,85
586366,prosthetic_leg,0,2596,1656,1486,92,78
475249,large_wings,0,0,1656,1493,93,70
1373454,instagram_username,0,3694,1655,1510,74,71
479250,tricorne,0,3174,1654,1490,76,88
1504221,purple_tail,0,2749,1653,1498,70,85
414232,cum_on_hands,0,2535,1653,1502,76,75
1374895,spiked_tail,0,2308,1651,1474,86,91
488193,slap_mark,0,2918,1650,1500,66,84
1318253,purple_fur,0,2883,1650,1469,93,88
1295529,frilled_shorts,0,2730,1650,1491,83,76
1791399,neck_fur,0,2781,1649,1526,63,60
660817,opening_door,0,2604,1649,1470,77,102
1470859,black_garter_straps,0,3798,1647,1476,91,80
1373700,grid_background,0,7066,1646,1491,83,72
1505130,german_text,0,2006,1643,1463,95,85
467745,japanese_flag,0,2331,1642,1449,82,111
1810603,back_focus,0,2188,1641,1485,83,73
1251057,ginkgo_leaf,0,2312,1640,1468,85,87
1397373,year_of_the_dragon,0,2305,1639,1502,60,77
418781,pet_play,0,2685,1638,1484,71,83
442863,heckler_&_koch,0,1826,1638,1486,88,64
399269,tablecloth,0,2452,1637,1483,92,62
391475,fireflies,0,2231,1637,1456,76,105
503126,ribbon_in_mouth,0,2103,1637,1467,89,81
8234,radio,0,1721,1637,1482,63,92
1761435,onee-loli,0,4164,1636,1424,112,100
1957010,strongman_waist,0,2601,1636,1506,62,68
11745,breast_smother,0,2180,1636,1459,85,92
460511,hand_puppet,0,2523,1635,1455,90,90
374909,whispering,0,2576,1634,1481,71,82
546044,sleeveless_hoodie,0,2357,1634,1476,71,87
58241,platform_heels,0,2810,1633,1456,96,81
492677,bolo_tie,0,2491,1633,1505,66,62
1467811,6+others,0,2903,1632,1475,63,94
600052,butterfly_on_hand,0,2752,1632,1453,97,82
1340897,blue_feathers,0,2439,1632,1468,90,74
631074,tropical_fish,0,1959,1632,1471,73,88
1235654,gradient_clothes,0,7142,1631,1433,103,95
696698,gold_bikini,0,4390,1631,1451,101,79
656303,shirt_in_mouth,0,2065,1631,1470,81,80
1377225,bruise_on_face,0,2769,1630,1435,92,103
420884,countdown,0,2751,1630,1483,72,75
457562,fake_mustache,0,2390,1629,1469,76,84
632854,naked_hoodie,0,1933,1629,1479,73,77
15124,pain,0,2682,1628,1451,98,79
1551,drill,0,2337,1627,1460,85,82
547320,excessive_cum,0,2770,1626,1485,61,80
380,priest,0,2444,1626,1429,98,99
1334561,loose_bowtie,0,2955,1623,1478,77,68
1287846,ammunition_pouch,0,2725,1623,1459,76,88
1542756,turtleneck_leotard,0,2350,1623,1457,76,90
410544,handkerchief,0,2438,1622,1424,85,113
500820,stone_lantern,0,2067,1622,1474,74,74
1593160,unusually_open_eyes,0,3410,1621,1456,84,81
1861756,straddling_paizuri,0,3397,1621,1468,84,69
1465373,triangle_earrings,0,3306,1621,1451,82,88
1372592,bath_yukata,0,2135,1621,1452,77,92
389416,impaled,0,2536,1618,1477,64,77
3197,takoyaki,0,2200,1618,1463,80,75
559601,cheering,0,2506,1617,1455,76,86
614276,bow_legwear,0,2930,1616,1452,73,91
496388,._.,0,2618,1616,1462,71,83
578544,leg_armor,0,2618,1616,1468,76,72
636872,lizard_tail,0,2583,1616,1447,72,97
451782,brushing_teeth,0,2253,1616,1450,90,76
1249520,drawing_bow,0,2250,1613,1451,71,91
590941,santa_boots,0,1836,1613,1457,85,71
2006135,greco-roman_clothes,0,4399,1612,1453,73,86
1797270,colored_shoe_soles,0,2804,1612,1460,78,74
1328688,moon_(ornament),0,2108,1611,1452,85,74
380988,goblin,0,2925,1610,1463,73,74
592445,venus_symbol,0,2313,1610,1446,85,79
662045,lotion_bottle,0,2286,1610,1454,79,77
394989,hexagon,0,2048,1610,1468,64,78
1409470,multicolored_coat,0,2939,1609,1427,86,96
420607,delinquent,0,2399,1608,1437,84,87
1325039,oral_invitation,0,2114,1608,1468,53,87
656250,arm_between_breasts,0,2092,1608,1448,78,82
421056,spiked_club,0,2137,1607,1431,85,91
1436311,u.a._school_uniform,0,2040,1607,1456,79,72
671725,purple_eyeshadow,0,3343,1606,1431,111,64
1259138,mole_on_ass,0,2525,1606,1460,64,82
536429,cupping_hands,0,2185,1606,1438,83,85
398110,diving_suit,0,2229,1604,1436,80,88
1347286,yellow_coat,0,3020,1603,1455,76,72
437999,full_nelson,0,2933,1603,1459,72,72
468159,sparkler,0,2786,1603,1446,79,78
3489,dinosaur,0,2746,1603,1445,65,93
1560,mascot,0,2548,1603,1453,76,74
1465616,eyewear_strap,0,2949,1602,1436,72,94
1373313,excessive_pubic_hair,0,2735,1602,1448,72,82
541262,disgust,0,2703,1602,1448,69,85
501095,berry,0,2522,1602,1459,66,77
2006849,unworn_bag,0,2252,1602,1435,77,90
469396,role_reversal,0,2215,1602,1437,95,70
8411,sheet_music,0,2243,1601,1446,77,78
663848,naked_kimono,0,2091,1600,1437,93,70
1392009,green_bodysuit,0,2527,1599,1467,74,58
477355,chainmail,0,2902,1598,1446,75,77
410102,yes,0,2154,1598,1428,83,87
656386,hands_on_another's_cheeks,0,2693,1597,1433,89,75
452581,vibrator_under_panties,0,1950,1597,1467,69,61
1424211,sakugawa_school_uniform,0,1850,1597,1416,94,87
8617,potion,0,2596,1596,1439,77,80
541092,tegaki,0,2072,1596,1453,78,65
376147,hanging,0,2197,1595,1445,70,80
434522,gym_storeroom,0,2735,1594,1423,84,87
629461,duffel_coat,0,1937,1593,1432,72,89
1531641,light_blue_background,0,0,1593,1442,78,73
669791,futa_with_futa,0,2533,1592,1403,95,94
995808,penis_size_difference,0,2435,1592,1443,91,58
549142,yes-no_pillow,0,2190,1592,1428,81,83
1353065,falling_feathers,0,3433,1591,1417,86,88
2145,juice,0,2353,1591,1428,71,92
416904,cat_on_head,0,2121,1590,1420,88,82
478497,sleep_mask,0,3037,1588,1448,71,69
468165,mixing_bowl,0,2138,1586,1440,75,71
11998,open_robe,0,2625,1583,1451,63,69
497295,happi,0,2172,1583,1400,94,89
510646,blue_pupils,0,4863,1582,1449,71,62
457946,stone_wall,0,2482,1582,1400,91,91
1386173,pixiv_username,0,2670,1580,1453,71,56
569173,spread_pussy_under_clothes,0,2114,1580,1422,86,72
825568,shortstack,0,4187,1579,1433,83,63
162717,triforce,0,2510,1579,1401,98,80
8803,cleaning,0,2162,1579,1410,87,82
395712,christmas_lights,0,2277,1578,1420,69,89
10125,halberd,0,2225,1578,1406,94,78
815986,fortissimo,0,2097,1576,1408,78,90
12086,globe,0,2074,1576,1397,95,84
713479,2014,0,1773,1575,1419,69,87
2006764,unworn_sandals,0,2257,1574,1417,81,76
1327857,red_apron,0,2443,1573,1427,79,67
480430,bear_print,0,2064,1573,1412,73,88
1476481,multicolored_horns,0,3566,1572,1426,71,75
1427360,gold_choker,0,3407,1572,1407,84,81
664061,grey_ribbon,0,2484,1572,1413,86,73
549281,in_the_face,0,2212,1572,1426,66,80
505317,lily_of_the_valley,0,2159,1572,1414,87,71
1582502,scar_on_stomach,0,2780,1569,1412,79,78
698204,multiple_piercings,0,2731,1568,1402,94,72
677487,brown_wings,0,2544,1568,1426,67,75
479141,raised_fist,0,2252,1568,1412,64,92
473249,print_bra,0,2162,1568,1409,85,74
1375970,hair_flowing_over,0,5106,1567,1403,74,90
1023597,large_hands,0,2311,1567,1430,78,59
1981666,gun_sling,0,2203,1567,1412,68,87
1589331,off-shoulder_bikini,0,2336,1566,1392,95,79
1558733,tulip_hat,0,1746,1566,1410,88,68
1934523,arched_bangs,0,4044,1565,1396,88,81
646260,pointless_condom,0,2382,1564,1403,94,67
666658,grey_bikini,0,2307,1564,1415,79,70
1332978,short_jumpsuit,0,1956,1564,1391,84,89
724478,pink_wings,0,2637,1563,1408,82,73
494781,makizushi,0,1896,1563,1412,66,85
1781164,gem_(symbol),0,1609,1561,1401,101,59
1554055,fiery_horns,0,1704,1560,1392,62,106
1238314,transparent_wings,0,2174,1558,1415,83,60
1507608,h&k_hk416,0,1980,1558,1403,82,73
456305,pink_pantyhose,0,3479,1557,1410,83,64
628425,tiered_tray,0,2142,1557,1406,84,67
626246,crystal_hair,0,1855,1557,1425,63,69
1603616,blunt_tresses,0,2669,1556,1398,89,69
632801,blue_tongue,0,2945,1555,1406,71,78
558489,white_armor,0,3376,1554,1385,72,97
537783,bamboo_broom,0,1761,1552,1399,75,78
382610,skateboard,0,2387,1551,1419,52,80
2006759,unworn_gloves,0,2366,1551,1373,72,106
1534682,aqua_headwear,0,429,1550,1386,67,97
405444,helicopter,0,2175,1549,1417,74,58
637282,pants_rolled_up,0,2068,1547,1382,81,84
530749,orange_pantyhose,0,2384,1545,1400,66,79
495132,autobot,0,2384,1545,1361,89,95
593696,leather_gloves,0,2218,1545,1390,92,63
643912,tail_piercing,0,2169,1545,1396,62,87
395851,log,0,2215,1544,1378,91,75
1637827,star_facial_mark,0,3069,1543,1401,63,79
642015,expressive_hair,0,2321,1543,1380,79,84
3408,origami,0,2141,1543,1373,88,82
481054,grey_bra,0,2342,1542,1401,71,70
535,molestation,0,2607,1541,1372,81,88
683919,ajirogasa,0,1951,1540,1391,64,85
629694,leopard_tail,0,1532,1540,1400,77,63
389703,ema,0,1873,1539,1381,77,81
1595384,blank_censor,0,2873,1535,1350,91,94
1916642,grey_halo,0,7332,1534,1386,80,68
1481466,purple_horns,0,3109,1533,1383,66,84
607070,caressing_testicles,0,2378,1533,1397,80,56
557999,wiping_face,0,2257,1531,1380,78,73
1926,chart,0,2168,1531,1391,74,66
9348,wheelchair,0,2467,1530,1395,67,68
381954,untying,0,1812,1530,1374,82,74
1641153,icho_private_high_school_uniform,0,1707,1530,1378,81,71
781851,user_interface,0,3743,1529,1361,81,87
1465100,grey_sports_bra,0,2505,1529,1392,75,62
638293,novel_cover,0,2328,1529,1378,81,70
1298917,brown_apron,0,2597,1528,1381,81,66
1294981,digitigrade,0,2663,1527,1369,87,71
483079,shards,0,2165,1527,1373,83,71
373823,ketchup,0,2367,1526,1393,62,71
374573,centaur,0,2106,1526,1397,52,77
1448822,brown_hoodie,0,2326,1525,1378,73,74
610123,forehead-to-forehead,0,2229,1524,1385,78,61
1886311,in-franchise_crossover,0,5778,1523,1360,81,82
711344,hand_on_own_shoulder,0,2412,1523,1387,57,79
1283735,grey_nails,0,2262,1523,1370,77,76
1518587,striped_headwear,0,2543,1522,1377,72,73
585400,inverted_cross,0,2766,1520,1373,71,76
1335609,cross_print,0,2670,1519,1388,63,68
1522714,broken_halo,0,2608,1518,1361,68,89
798294,club_(shape),0,2233,1518,1379,73,66
388093,hakurei_reimu_(cosplay),0,1836,1518,1376,59,83
1454017,debt,0,48,1518,1372,66,80
1421046,holding_cane,0,3331,1517,1356,72,89
1350077,mask_around_neck,0,2407,1517,1383,62,72
12727,phonograph,0,2224,1516,1367,73,76
547391,winged_footwear,0,685,1516,1333,85,98
431374,curtsey,0,2108,1514,1342,81,91
603398,lace-trimmed_skirt,0,2074,1514,1350,86,78
1440492,green_capelet,0,2469,1513,1358,77,78
1549885,crane_(machine),0,1893,1513,1345,83,85
662488,palms_together,0,2553,1512,1334,83,95
393602,severed_head,0,2472,1512,1380,59,73
635016,broken_chain,0,2047,1512,1357,81,74
433212,bookmark,0,1995,1512,1364,72,76
451184,holographic_interface,0,2235,1510,1362,71,77
1416877,two-tone_footwear,0,1629,1508,1368,68,72
1854330,purple_halo,0,5612,1507,1310,114,83
539990,tail_between_legs,0,1895,1507,1353,69,85
1302681,orange_pants,0,3207,1506,1365,68,73
891632,artificial_eye,0,2096,1506,1346,57,103
473470,wrist_guards,0,2869,1505,1352,72,81
500152,breathing_fire,0,2469,1505,1355,77,73
686725,sunflower_field,0,2140,1505,1372,62,71
1309935,notched_ear,0,4870,1504,1330,95,79
419288,cum_on_feet,0,2589,1504,1365,80,59
12254,tribal,0,1991,1504,1347,68,89
449943,stab,0,2540,1502,1354,71,77
663918,holding_fishing_rod,0,2382,1501,1370,67,64
595244,hamaya,0,1759,1501,1359,71,71
1360843,neckwear_grab,0,3523,1500,1347,78,75
179157,tent,0,2231,1500,1333,80,87
1976343,hoop_piercing,0,0,1500,1343,87,70
1303272,print_jacket,0,2376,1499,1361,62,76
410474,picnic_basket,0,2282,1498,1324,80,94
389933,harem_pants,0,2314,1497,1343,90,64
450649,shin_guards,0,2163,1497,1364,56,77
4577,snorkel,0,1866,1496,1348,73,75
721466,pointy_nose,0,2895,1495,1323,95,77
1325030,new_school_swimsuit,0,1778,1494,1364,74,56
1931519,uneven_horns,0,2952,1493,1370,60,63
374948,school_briefcase,0,1859,1493,1373,56,64
646372,asa_no_ha_(pattern),0,1831,1493,1339,72,82
1335718,vibrator_cord,0,1974,1492,1336,77,79
494162,monkey_ears,0,1799,1492,1333,71,88
708149,blue_armor,0,3459,1491,1359,53,79
211997,battle_axe,0,2621,1491,1343,80,68
1835740,purple_one-piece_swimsuit,0,1874,1491,1330,79,82
9590,jersey,0,3141,1490,1359,61,70
507520,goat_girl,0,2464,1490,1344,75,71
533771,kitchen_knife,0,2322,1490,1359,70,61
498369,naked_bandage,0,2972,1489,1325,83,81
5873,confession,0,2079,1489,1370,50,69
525108,hands_on_feet,0,1799,1489,1338,78,73
466838,walkie-talkie,0,3101,1488,1326,69,93
551591,deerstalker,0,2376,1488,1350,71,67
652468,brown_bikini,0,2132,1488,1313,85,90
1262645,yellow_apron,0,2363,1487,1370,56,61
504744,load_bearing_vest,0,2123,1487,1345,73,69
16601,overcoat,0,1859,1487,1354,70,63
1845182,guiding_hand,0,2167,1486,1349,64,73
414107,gamepad,0,2132,1486,1342,78,66
593015,finger_to_face,0,1895,1486,1349,63,74
1437142,purple_hoodie,0,2824,1484,1321,80,83
595751,ass_cutout,0,2027,1484,1321,83,80
1328687,earth_(ornament),0,1932,1484,1341,74,69
1306233,triangle_print,0,1966,1483,1330,72,81
389647,clock_tower,0,1827,1483,1321,73,89
411563,forked_tongue,0,3007,1482,1359,54,69
406711,strap-on,0,2735,1482,1342,67,73
1201168,undressing_another,0,2439,1482,1339,73,70
13916,tempura,0,2215,1481,1339,64,78
1257558,round_image,0,2433,1479,1304,97,78
1396963,holding_hose,0,2317,1479,1337,67,75
563461,full-length_zipper,0,2216,1479,1339,69,71
2062461,chibi_only,0,29089,1478,1338,71,69
701116,weighing_scale,0,2226,1478,1319,88,71
1925772,volleyball_(object),0,2194,1478,1326,87,65
1076527,sidecut,0,2103,1478,1311,82,85
383835,runes,0,1972,1478,1323,79,76
659417,mechanical_ears,0,2368,1477,1340,64,73
3334,kigurumi,0,2254,1477,1307,92,78
1494953,pink-tinted_eyewear,0,3204,1476,1315,75,86
707535,school_emblem,0,2898,1475,1321,71,83
392251,fireplace,0,2151,1475,1340,64,71
496608,master_sword,0,2113,1475,1305,95,75
1601080,animal_ear_legwear,0,2036,1474,1327,74,73
564677,playstation_controller,0,1876,1473,1326,74,73
11216,soup,0,2100,1472,1336,64,72
1391097,grey_neckerchief,0,4158,1471,1325,69,77
466411,invisible_penis,0,2102,1471,1302,85,84
572582,masturbation_through_clothes,0,1909,1471,1336,72,63
374749,heartbeat,0,1883,1470,1329,64,77
617594,alternate_weapon,0,1770,1470,1333,60,77
1682706,phoenix_crown,0,0,1470,1338,80,52
1411208,purple_neckerchief,0,2532,1469,1317,67,85
721796,kesa,0,1668,1469,1318,78,73
1501670,double_fox_shadow_puppet,0,2048,1468,1331,70,67
652996,salaryman,0,1908,1468,1359,51,58
1940741,goatee_stubble,0,3354,1467,1325,66,76
1376753,crescent_print,0,2518,1467,1304,85,78
1478006,holding_vegetable,0,2388,1467,1304,83,80
1282898,cloth_gag,0,2718,1466,1279,87,100
1430735,black_garter_belt,0,2483,1466,1326,86,54
705129,holding_jacket,0,2348,1466,1316,76,74
574252,mismatched_sleeves,0,2199,1465,1337,63,65
469426,tiger_stripes,0,2652,1464,1320,68,76
324075,ballerina,0,2316,1464,1312,72,80
2022180,sideless_shirt,0,1934,1464,1322,72,70
1530487,off-shoulder_jacket,0,2310,1463,1292,79,92
542830,chest_of_drawers,0,1951,1463,1311,92,60
375718,daruma_doll,0,1903,1463,1324,67,72
1691576,two-tone_bodysuit,0,3736,1461,1336,67,58
2839,lube,0,2134,1459,1315,67,77
8260,ferris_wheel,0,2126,1459,1310,78,71
1349107,candy_hair_ornament,0,2019,1459,1302,70,87
658981,open_belt,0,2389,1458,1295,68,95
1476395,pokemon_on_shoulder,0,2096,1458,1318,65,75
1637838,teardrop_facial_mark,0,4103,1457,1314,85,58
1258484,key_necklace,0,2531,1457,1298,80,79
1406765,jaguar_ears,0,2199,1457,1285,109,63
330372,sausage,0,2098,1457,1338,59,60
1400652,torpedo_launcher,0,1986,1457,1291,100,66
608070,boxer_briefs,0,1816,1457,1314,65,78
1393881,green_bag,0,2447,1456,1308,67,81
652002,no_lineart,0,3632,1455,1301,85,69
652982,visor_(armor),0,2075,1455,1300,79,76
524686,hand_net,0,1993,1455,1297,75,83
378038,pentacle,0,1755,1455,1314,56,85
61654,tail_grab,0,1981,1454,1308,70,76
507338,fishnet_gloves,0,2576,1452,1309,60,83
596634,gradient_legwear,0,1883,1452,1299,80,73
471805,pastel_colors,0,3123,1450,1282,88,80
712801,pussy_piercing,0,2188,1450,1295,100,55
1665347,full-body_tattoo,0,2099,1450,1272,97,81
1227348,back-seamed_legwear,0,1629,1450,1313,73,64
472922,inset,0,2646,1449,1297,89,63
414700,buttjob,0,2378,1449,1300,86,63
657530,spoken_object,0,2373,1449,1306,67,76
1070114,single_stripe,0,2162,1449,1315,72,62
1230150,leg_between_thighs,0,1958,1448,1309,63,76
673693,kouhaku_nawa,0,1853,1448,1313,77,58
1387512,orange_ascot,0,1813,1446,1298,67,81
565797,tropical_drink,0,1738,1446,1293,77,76
460553,no_eyebrows,0,2185,1445,1292,69,84
537130,arm_blade,0,2762,1444,1308,66,70
389021,deer,0,2382,1444,1304,71,69
590857,okamisty,0,1669,1444,1329,53,62
413721,latex_gloves,0,2561,1443,1285,71,87
518510,dust_cloud,0,2345,1442,1308,64,70
1391188,hand_tattoo,0,2951,1441,1310,74,57
1235655,gradient_dress,0,2732,1441,1320,52,69
408804,bad_proportions,0,2250,1440,1298,74,68
473050,crate,0,2040,1440,1290,82,68
1584543,pokedex_number,0,2030,1438,1289,81,68
1780,cow,0,1855,1438,1306,57,75
1287296,diving_mask_on_head,0,1615,1438,1304,57,77
375527,kimono_skirt,0,1778,1435,1301,67,67
1642271,yurigaoka_girls_academy_school_uniform,0,2245,1434,1303,76,55
645622,sleeveless_coat,0,2314,1433,1292,58,83
251194,gym,0,2388,1432,1290,76,66
6259,park,0,2228,1432,1280,85,67
1346802,spiked_shell,0,2052,1432,1285,74,73
1426900,white_bird,0,3523,1431,1301,60,70
513421,acrylic_paint_(medium),0,2172,1430,1289,85,56
1859633,a_certain_high_school_uniform,0,1689,1430,1301,58,71
1884709,rabbit-shaped_pupils,0,2263,1429,1321,54,54
476199,striped_sweater,0,3001,1427,1270,87,70
1374287,ribbed_bodysuit,0,1664,1427,1285,70,72
1533850,sleeve_bow,0,3603,1426,1290,69,67
1240006,bishamonten's_pagoda,0,1725,1426,1286,64,76
1509772,industrial_piercing,0,2497,1424,1269,78,77
408474,flashlight,0,2132,1424,1301,71,52
1393951,dark_halo,0,2267,1423,1275,64,84
1381675,holding_stylus,0,2264,1423,1257,92,74
726190,breast_conscious,0,1894,1423,1262,84,77
501457,lalafell,0,1892,1423,1279,75,69
1952120,historical_name_connection,0,1614,1423,1287,70,66
653176,circle_skirt,0,2525,1422,1267,75,80
1292445,torn_scarf,0,2058,1422,1289,68,65
492714,curry_rice,0,1788,1422,1279,68,75
393169,torn_jeans,0,2428,1421,1289,66,66
1231611,arrow_through_heart,0,1951,1421,1266,76,79
421282,pasta,0,2018,1420,1281,65,74
573617,food-themed_clothes,0,1843,1420,1262,80,78
474442,plume,0,2138,1419,1289,62,68
1874891,object_through_head,0,2423,1418,1276,80,62
665044,holding_own_tail,0,2127,1418,1266,80,72
1355967,on_vehicle,0,0,1418,1277,71,70
1248044,tooth_necklace,0,2404,1417,1260,85,72
4861,lighter,0,2163,1417,1261,77,79
389048,donation_box,0,1767,1417,1244,89,84
555432,head_down,0,2531,1416,1258,75,83
632009,blonde_pubic_hair,0,2187,1416,1296,56,64
381861,\o/,0,1683,1415,1278,60,77
720999,aqua_jacket,0,3196,1414,1264,78,72
1473511,petals_on_liquid,0,1889,1414,1285,60,69
522405,kanabou,0,1863,1414,1271,68,75
1243501,gibson_les_paul,0,2331,1412,1265,66,81
649302,hydrokinesis,0,2082,1412,1290,66,56
1457585,hooded_cardigan,0,1759,1412,1273,68,71
1249322,hauchiwa,0,1737,1412,1256,83,73
1440630,pink_capelet,0,2090,1411,1274,74,63
1483316,single_horizontal_stripe,0,1893,1411,1257,62,92
567961,sword_on_back,0,4056,1409,1280,65,64
507478,aqua_panties,0,1979,1409,1268,65,76
547495,morning_glory,0,1887,1409,1259,72,78
536575,cheek_press,0,2381,1407,1258,71,78
644571,flock,0,2037,1407,1283,67,57
637922,2013,0,1658,1407,1249,76,82
2006760,unworn_socks,0,2294,1406,1268,71,67
384435,onmyouji,0,1549,1406,1273,66,67
403486,party_popper,0,2221,1405,1281,62,62
1646953,shimaidon_(sex),0,2091,1405,1287,69,49
583212,fingering_through_clothes,0,2054,1405,1289,60,56
1480073,brushing_another's_hair,0,1847,1405,1262,68,75
1324575,tapir_tail,0,1697,1405,1271,72,62
16550,stream,0,1914,1404,1246,71,87
643517,purple_fire,0,2389,1403,1251,82,70
822829,suspended_congress,0,2247,1403,1263,66,74
473988,cooler,0,1913,1402,1252,69,81
601148,huge_bow,0,2078,1401,1255,69,77
554447,dark_aura,0,2342,1400,1269,73,58
496346,impossible_swimsuit,0,1793,1400,1242,88,70
629378,ruffling_hair,0,1583,1400,1277,67,56
724856,low_neckline,0,2569,1398,1240,78,80
759865,accidental_exposure,0,2028,1398,1250,77,71
399061,camcorder,0,1737,1398,1225,86,87
643402,shorts_under_dress,0,2195,1397,1271,66,60
525748,dakimakura_(object),0,1902,1397,1268,62,67
5632,laser,0,2265,1396,1246,81,69
1605653,utensil_in_mouth,0,1954,1396,1245,76,75
566734,tanzaku,0,1894,1396,1265,62,69
1880820,two-tone_sports_bra,0,1649,1396,1246,81,69
426749,2012,0,1592,1396,1287,53,56
705059,fish_print,0,1885,1394,1249,89,56
440354,yo-yo,0,1813,1394,1252,82,60
553041,flower_necklace,0,2163,1393,1255,74,64
1250999,red_apple,0,0,1393,1269,64,60
1379921,camouflage_jacket,0,2076,1392,1283,42,67
687207,round_window,0,1864,1390,1259,59,72
1542420,triangle_hair_ornament,0,3568,1389,1247,77,65
560409,streamers,0,2256,1389,1229,81,79
1535711,cross_tie,0,2201,1389,1273,56,60
443587,sunscreen,0,1969,1388,1232,87,69
575113,kimono_pull,0,1763,1388,1257,68,63
1460120,fur-trimmed_footwear,0,1193,1388,1243,69,76
679286,faux_figurine,0,1835,1387,1244,62,81
380213,sponge,0,1802,1387,1244,65,78
9628,scooter,0,1901,1386,1255,62,69
1474354,holding_ladle,0,2404,1385,1258,52,75
1443767,team_rocket_uniform,0,2273,1385,1266,56,63
433522,cheek_squash,0,2027,1385,1244,70,71
1345473,ribbon-trimmed_dress,0,2003,1385,1266,50,69
1607304,linear_hatching,0,2300,1384,1238,61,85
558698,sig_sauer,0,2264,1384,1263,51,70
642887,wiping_sweat,0,2106,1383,1250,70,63
5497,fountain,0,1957,1383,1263,58,62
570296,giving_up_the_ghost,0,1938,1383,1256,55,72
615286,pinching_sleeves,0,1798,1383,1241,80,62
8918,inflation,0,2483,1382,1237,73,72
431872,balancing,0,1799,1381,1230,78,73
685558,cat_day,0,2309,1380,1234,73,73
491621,cheek_bulge,0,2015,1380,1251,65,64
510652,flashback,0,1779,1380,1246,55,79
426371,through_wall,0,2478,1379,1238,63,78
439288,basketball_uniform,0,1994,1379,1252,65,62
411779,ankh,0,1992,1379,1248,62,69
1492155,eyewear_hang,0,1843,1379,1253,65,61
433011,polka_dot_swimsuit,0,1533,1379,1230,65,84
1578455,cumulonimbus_cloud,0,3811,1378,1262,64,52
577080,hand_on_lap,0,2018,1378,1217,76,85
699876,imminent_anal,0,1927,1378,1238,82,58
1499340,sphere_earrings,0,4895,1377,1223,83,71
688469,spiked_choker,0,2584,1377,1261,65,51
1514232,breast_focus,0,2550,1377,1228,65,84
699449,raimon,0,1590,1375,1229,67,79
1860041,multiple_drawing_challenge,0,2272,1374,1254,57,63
616223,no_gloves,0,1919,1374,1255,58,61
469760,oven_mitts,0,1888,1374,1244,64,66
516011,playstation_portable,0,1604,1374,1231,59,84
441185,ballet_slippers,0,2053,1373,1242,69,62
8500,eggplant,0,1743,1373,1235,69,69
1583922,pointy_footwear,0,1338,1373,1192,100,81
541640,button_eyes,0,1929,1371,1241,63,67
396034,propeller,0,1700,1371,1230,68,73
727101,overall_shorts,0,2353,1370,1259,62,49
575714,c:,0,2329,1370,1212,88,70
405026,large_insertion,0,2272,1370,1236,72,62
1429613,tomoeda_elementary_school_uniform,0,1927,1370,1222,59,89
1409157,flower_tattoo,0,3058,1369,1220,80,69
1611404,food-themed_earrings,0,2062,1369,1228,75,66
413758,ammunition,0,1899,1369,1218,82,69
1582498,scar_on_leg,0,2556,1368,1240,74,54
1270497,pearl_bracelet,0,2258,1368,1230,72,66
1258750,mechanical_eye,0,1833,1368,1230,48,90
456589,leather_boots,0,1904,1367,1214,84,69
664838,green_wings,0,2082,1366,1239,67,60
453530,power_suit,0,1886,1366,1225,81,60
388208,orange_hoodie,0,2483,1365,1240,62,63
49867,summer_festival,0,1857,1365,1244,57,64
2370,cactus,0,2177,1364,1246,56,62
509739,burnt_clothes,0,1786,1364,1254,57,53
1391806,two-tone_bow,0,5075,1363,1224,72,67
1426293,yasogami_school_uniform,0,2270,1362,1200,78,84
1629910,star_brooch,0,2193,1361,1224,72,65
634911,photo_inset,0,2784,1360,1227,73,60
665405,white_umbrella,0,2401,1360,1228,65,67
388798,hatsune_miku_(cosplay),0,2156,1359,1217,77,65
479155,necktie_grab,0,2223,1358,1226,63,69
494464,uvula,0,1813,1358,1234,55,69
1881201,eden_academy_school_uniform,0,1722,1358,1227,67,64
1411201,kiyosumi_school_uniform,0,1498,1358,1238,50,70
699281,oversized_food,0,2261,1357,1218,68,71
434471,angel_and_devil,0,2021,1357,1229,64,64
485203,video_game,0,1972,1357,1232,58,67
1247470,chocolate_on_breasts,0,1882,1357,1213,69,75
685325,shiny_legwear,0,1597,1357,1215,68,74
482510,plaid_panties,0,1517,1356,1220,79,57
1677790,blood_on_knife,0,2313,1355,1221,56,78
480571,mechanization,0,1966,1355,1213,60,82
1471840,headlamp,0,3738,1354,1216,67,71
588173,sex_machine,0,2060,1354,1219,52,83
9706,snail,0,1876,1354,1224,76,54
499526,green_socks,0,3579,1353,1224,63,66
447287,high_kick,0,2089,1353,1185,82,86
1102042,strawberry_hair_ornament,0,2121,1352,1245,52,55
4930,doctor,0,2049,1352,1226,63,63
963327,yordle,0,1751,1352,1199,76,77
1586950,sobu_high_school_uniform,0,1741,1351,1211,80,60
542449,furigana,0,1908,1350,1250,47,53
648546,belt_boots,0,1705,1349,1190,73,86
408186,frottage,0,1934,1348,1207,82,59
1534653,holding_ice_cream,0,3125,1347,1219,71,57
1415933,fur-trimmed_shorts,0,2497,1347,1210,74,63
9396,april_fools,0,1977,1347,1203,74,70
15305,steampunk,0,1699,1347,1235,52,60
1271959,short_sidetail,0,1644,1347,1213,61,73
1243775,colored_shadow,0,2256,1346,1199,73,74
388012,legs_folded,0,1843,1346,1208,70,68
1336500,pointing_at_another,0,2826,1345,1206,69,70
1336108,crime_prevention_buzzer,0,1993,1345,1212,66,67
474653,cutting_board,0,1937,1345,1217,70,58
439204,friends,0,2085,1344,1205,65,74
1364633,covered_penis,0,2056,1344,1206,63,75
16095,glomp,0,1696,1344,1214,59,71
1314077,dice_hair_ornament,0,1881,1343,1213,74,56
557859,puppet_strings,0,1971,1342,1214,76,52
674293,gift_bag,0,1642,1341,1174,87,80
489600,hedgehog,0,1076,1341,1191,52,98
482051,drum_set,0,2237,1340,1219,54,67
527131,canvas_(object),0,1873,1340,1203,63,74
598441,yin_yang_orb,0,1839,1340,1221,61,58
1498023,adapted_turret,0,1804,1340,1207,68,65
1880967,combat_helmet,0,2964,1339,1211,59,69
465754,spanking,0,2668,1339,1227,55,57
649117,multiple_swords,0,2338,1339,1195,64,80
1793460,cooperative_paizuri,0,2125,1339,1201,61,77
1394304,honeycomb_(pattern),0,1785,1339,1209,70,60
478325,2010,0,1540,1339,1191,70,78
547034,guided_breast_grab,0,1906,1338,1214,57,67
1545323,multicolored_headwear,0,850,1338,1203,76,59
683907,jingasa,0,3681,1337,1216,57,64
494838,soda_bottle,0,1872,1337,1200,68,69
1415445,nanairogaoka_middle_school_uniform,0,1433,1337,1210,80,47
2025915,same-sex_bathing,0,12073,1335,1219,61,55
1713082,neck_tassel,0,1951,1335,1201,69,65
1494889,lion_boy,0,2641,1334,1197,70,67
563204,dumbbell,0,2065,1334,1197,66,71
1923,truth,0,1757,1334,1198,68,68
1481865,brown_corset,0,2574,1333,1201,62,70
700361,watermelon_bar,0,1675,1333,1205,55,73
570743,kirin_(armor),0,1538,1333,1192,76,65
1432417,brown_tail,0,3556,1332,1177,77,78
46728,excited,0,2573,1332,1197,68,67
591683,under_kotatsu,0,1821,1332,1223,55,54
4051,duster,0,1905,1331,1211,60,60
1592562,high-waist_pantyhose,0,1523,1331,1207,49,75
427020,stepped_on,0,2108,1330,1212,54,64
1360081,purple_scrunchie,0,2106,1330,1206,54,70
1384370,two-tone_hairband,0,1889,1330,1192,68,70
478077,ready_to_draw,0,1592,1329,1181,74,74
3493,voyeurism,0,2121,1328,1207,62,59
684234,perpendicular_paizuri,0,1840,1328,1217,47,64
1549436,cutout_above_navel,0,2718,1327,1188,55,84
180296,wetsuit,0,1729,1326,1189,63,74
491661,hat_tip,0,1725,1326,1213,63,50
594236,expressive_clothes,0,1595,1326,1201,61,64
534114,cocktail_dress,0,2101,1325,1177,73,75
1334628,anchor_print,0,1811,1325,1204,63,58
457698,comforting,0,1921,1324,1197,67,60
5884,champagne,0,1834,1323,1188,67,68
703456,sorcerer's_sutra_scroll,0,1717,1323,1200,58,65
15307,werewolf,0,2006,1321,1175,83,63
1575185,polka_dot_headwear,0,1893,1321,1198,63,60
529177,ootachi,0,1792,1321,1198,70,53
11273,harp,0,1275,1321,1193,74,54
1414393,gradient_skin,0,2826,1320,1184,79,57
68500,ruler,0,1701,1319,1182,78,59
504063,ninja_mask,0,1994,1318,1171,78,69
716813,sword_behind_back,0,0,1318,1202,56,60
615253,applying_makeup,0,2082,1317,1191,68,58
462342,after_rape,0,1954,1317,1190,62,65
176537,bartender,0,1779,1317,1155,95,67
674500,large_testicles,0,2554,1315,1142,103,70
611089,implied_yuri,0,2311,1314,1168,66,80
695119,blood_in_hair,0,2812,1313,1179,61,73
485392,denim_jacket,0,1991,1313,1202,59,52
490687,prehensile_tail,0,1973,1313,1186,66,61
1708252,licking_another's_face,0,2264,1312,1182,50,80
502383,elezen,0,1821,1312,1160,77,75
668886,animal_on_lap,0,1924,1311,1164,79,68
164246,teruterubouzu,0,1564,1311,1182,68,61
468977,split_screen,0,1958,1310,1175,60,75
1252372,sitting_on_bench,0,0,1310,1173,72,65
1538677,holding_gohei,0,3214,1309,1174,66,69
531189,foliage,0,2475,1309,1180,59,70
1506275,riding_pokemon,0,1920,1308,1188,58,62
1522400,tented_shirt,0,1679,1307,1189,60,58
614593,white_snake,0,2630,1306,1175,69,62
452907,chewing,0,2489,1306,1172,69,65
989449,paw_print_background,0,1858,1306,1185,56,65
722706,jojo_pose,0,1720,1306,1170,75,61
598531,dropping,0,1834,1305,1170,63,72
573761,trash_bag,0,2043,1304,1165,66,73
563716,italian_flag,0,1760,1304,1190,64,50
559663,unamused,0,2348,1303,1181,67,55
1433794,holding_saucer,0,2236,1302,1161,74,67
1396368,frilled_ascot,0,1935,1302,1156,76,70
542208,blank_stare,0,1896,1302,1178,77,47
651163,kourindou_tengu_costume,0,1563,1302,1174,64,64
1392006,yellow_bodysuit,0,2328,1301,1165,74,62
1274515,double_w,0,2042,1301,1170,57,74
675461,rolling_suitcase,0,1863,1301,1149,86,66
1392086,grey_bodysuit,0,2296,1300,1173,53,74
690466,monster_energy,0,2060,1300,1180,55,65
705927,frilled_leotard,0,2104,1299,1158,74,67
491766,painterly,0,3477,1298,1183,58,57
668837,ghost_costume,0,2155,1298,1186,56,56
11603,paper_airplane,0,1792,1297,1170,70,57
663895,hand_on_own_neck,0,2325,1296,1167,67,62
611065,lace_choker,0,2254,1296,1173,44,79
165653,shirt_grab,0,1947,1295,1168,70,57
381519,vibrator_in_thighhighs,0,1653,1295,1179,52,64
1974818,tarot_(medium),0,1961,1294,1204,40,50
584716,camouflage_pants,0,1958,1294,1168,65,61
618005,pennant,0,1698,1294,1154,66,74
522628,upshorts,0,1571,1294,1179,56,59
476447,kurokote,0,4324,1293,1163,69,61
515008,cum_on_self,0,1906,1293,1150,60,83
713580,torn_jacket,0,1896,1293,1172,63,58
1719547,sailor_moon_redraw_challenge_(meme),0,1508,1293,1160,62,71
15147,concert,0,2242,1292,1147,73,72
735235,eye_of_horus,0,1676,1292,1162,60,70
383546,stole,0,2935,1291,1145,73,73
1490333,yellow_sleeves,0,2751,1291,1168,61,62
539907,calico,0,1926,1291,1185,52,54
1346569,ass_support,0,1659,1291,1172,64,55
583243,telekinesis,0,2021,1290,1165,57,68
5525,chimney,0,1865,1290,1153,65,72
1421701,smokestack_hair_ornament,0,1595,1290,1155,71,64
1559228,2000s_(style),0,10003,1289,1194,43,52
533783,reins,0,2080,1289,1162,63,64
723350,weight_conscious,0,1926,1289,1152,71,66
699336,sharp_toenails,0,1901,1289,1174,56,59
1090326,bird_mask,0,1617,1289,1172,54,63
592457,nippleless_clothes,0,1531,1289,1136,74,79
712473,mummy_costume,0,2803,1288,1165,59,64
4760,campfire,0,2018,1288,1146,69,73
702474,ribbed_leotard,0,1783,1288,1148,75,65
436891,combat_boots,0,1738,1288,1150,71,67
442124,orange_panties,0,1698,1288,1146,76,66
494704,2011,0,1476,1288,1175,58,55
1315295,holding_another's_hair,0,3424,1287,1137,77,73
562229,food_stand,0,1815,1287,1173,61,53
659959,scarf_over_mouth,0,1805,1287,1157,63,67
540293,vampire_costume,0,1777,1287,1172,57,58
1350036,crystal_earrings,0,1778,1286,1165,66,55
623242,light_censor,0,1905,1285,1150,72,63
1388990,two-tone_legwear,0,1774,1285,1129,78,78
1255353,loungewear,0,2185,1284,1155,63,66
1393886,multicolored_kimono,0,1873,1284,1158,73,53
842878,liquid_hair,0,1792,1284,1153,65,66
1311812,green_hakama,0,1721,1284,1189,43,52
12011,potato,0,1687,1284,1178,53,53
1358423,multicolored_footwear,0,1185,1284,1147,75,62
375275,climbing,0,1770,1283,1151,62,70
392839,torn_panties,0,1611,1283,1143,70,70
617695,big_nose,0,2440,1282,1130,79,73
1345310,collared_vest,0,2414,1282,1167,54,61
11756,cup_ramen,0,2244,1282,1177,44,61
1468288,holding_violin,0,2129,1282,1161,55,66
456884,brown_panties,0,1678,1282,1152,53,77
1232450,sparkle_print,0,1737,1281,1139,69,73
653485,torn_leotard,0,1777,1280,1142,65,73
16114,chalk,0,1774,1280,1157,66,57
1492501,shinda_sekai_sensen_uniform,0,1568,1280,1160,59,61
550954,drawing_sword,0,1894,1279,1153,60,66
416557,ammunition_belt,0,1749,1279,1143,81,55
1365868,holding_envelope,0,2070,1278,1139,58,81
635045,solid_eyes,0,2581,1277,1140,74,63
567635,portrait_(object),0,2034,1277,1147,64,66
1243627,penis_peek,0,1760,1277,1147,59,71
1404921,pink_ascot,0,1813,1276,1154,64,58
16355,sundae,0,1804,1276,1144,68,64
509961,battle_rifle,0,1796,1276,1142,78,56
9574,sick,0,1774,1276,1161,55,60
593299,pink_border,0,2668,1275,1165,52,58
1301010,orange_sweater,0,2062,1275,1133,66,76
3114,thread,0,1944,1275,1130,68,77
481999,motorcycle_helmet,0,1879,1275,1150,60,65
665720,candy_wrapper,0,1739,1275,1138,63,74
470625,torn_gloves,0,1737,1275,1165,49,61
438516,zabuton,0,1642,1275,1157,61,57
1764814,compass_rose_halo,0,0,1274,1155,52,67
1248643,lapel_pin,0,2362,1273,1159,52,62
570043,pine_tree,0,2243,1272,1146,70,56
1406324,no_blindfold,0,1595,1272,1134,69,69
1825467,androgyne_symbol,0,1691,1271,1153,64,54
1399022,no_sclera,0,2709,1270,1149,67,54
1295636,shark_costume,0,2004,1270,1160,54,56
1470893,blue_brooch,0,3369,1269,1117,77,75
398497,mouth_pull,0,1739,1269,1145,59,65
460870,spell_card,0,1575,1269,1116,73,80
1713829,mithra_(ff11),0,1559,1267,1111,84,72
1403674,pink_camisole,0,2251,1266,1132,61,73
487512,nostrils,0,2823,1264,1145,56,63
11370,island,0,1765,1264,1136,54,74
1775923,circled_9,0,1658,1264,1141,67,56
1461344,papakha,0,1602,1263,1122,69,72
1033270,white_garter_straps,0,2600,1262,1134,62,66
1361077,mole_above_mouth,0,1849,1262,1138,64,60
1277344,soap_censor,0,1596,1262,1154,53,55
1915073,art_tools_in_frame,0,2254,1261,1141,57,63
582353,lace-trimmed_gloves,0,1714,1261,1144,58,59
1433301,two-tone_leotard,0,2417,1260,1141,58,61
1290693,looking_at_breasts,0,2008,1260,1139,60,61
482734,bicorne,0,1676,1260,1116,68,76
500653,mahjong_tile,0,2133,1259,1131,62,66
1260944,heart-shaped_lock,0,1666,1259,1135,66,58
408561,lava,0,1944,1258,1143,56,59
465875,age_regression,0,1608,1258,1135,64,59
1353702,hands_on_own_ass,0,2177,1257,1141,65,51
1409572,yellow_leotard,0,1932,1257,1109,70,78
3533,laundry,0,1657,1257,1120,81,56
670923,bat_girl,0,2419,1256,1120,73,63
607136,split_ponytail,0,2267,1256,1135,63,58
419074,hitting,0,1877,1256,1129,58,69
2795,picnic,0,1823,1256,1131,65,60
499809,butterfly_net,0,1758,1256,1114,67,75
1958420,sideburns_stubble,0,3559,1255,1130,58,67
1435997,eye_trail,0,2436,1255,1163,49,43
1484444,yellow_butterfly,0,1924,1255,1140,55,60
390867,soda,0,1999,1254,1124,61,69
383675,bus_stop,0,1684,1253,1142,58,53
565279,german_flag,0,1511,1253,1121,66,66
862310,kodona,0,0,1253,1109,68,76
1230967,rook_(chess),0,1385,1252,1124,58,70
515827,frog_print,0,1681,1251,1133,57,61
575592,glowing_wings,0,1604,1251,1091,74,86
9355,humiliation,0,3786,1250,1146,52,52
1341736,hanten_(clothes),0,1568,1250,1119,63,68
10428,wading_pool,0,1475,1250,1114,76,60
1609031,scar_on_mouth,0,1951,1249,1149,53,47
394999,spooning,0,2221,1246,1128,65,53
1585295,athletic_leotard,0,1807,1246,1120,68,58
405,soccer,0,1579,1246,1120,59,67
613598,polka_dot_legwear,0,1354,1245,1142,49,54
643256,tentacle_pit,0,2062,1244,1109,75,60
578777,outstretched_leg,0,1786,1243,1128,62,53
593295,red_border,0,2130,1242,1111,57,74
1408058,brown_leotard,0,1717,1242,1100,63,79
388391,screwdriver,0,1684,1242,1136,48,58
470859,purple_socks,0,2731,1241,1103,65,73
712047,belly_grab,0,1936,1241,1113,58,70
611912,huge_eyebrows,0,1867,1241,1110,59,72
1627136,excalibur_morgan_(fate),0,1611,1241,1110,57,74
1491890,deer_antlers,0,2582,1239,1106,75,58
1329192,arm_armor,0,2502,1239,1120,58,61
15057,nearly_naked_apron,0,1489,1239,1099,63,77
1402775,white_mask,0,2911,1238,1105,66,67
518732,anilingus,0,2339,1238,1118,67,53
649700,full-package_futanari,0,1935,1238,1062,81,95
720344,round-bottom_flask,0,1897,1238,1119,58,61
437409,hospital_bed,0,1894,1238,1108,67,63
1152233,star_tattoo,0,1847,1238,1113,61,64
489621,corded_phone,0,1835,1238,1121,58,59
1327189,glowing_horns,0,1528,1238,1113,52,73
1771225,lord_camelot_(fate),0,1624,1237,1126,46,65
1575195,crocodilian_tail,0,1547,1237,1091,78,68
1872936,fourth_east_high_school_uniform,0,2222,1236,1136,52,48
618804,aroused,0,3633,1235,1106,67,62
1510994,sweaty_clothes,0,2117,1235,1102,56,77
11835,ballet,0,1877,1235,1107,60,68
1417853,heart_collar,0,2075,1234,1118,67,49
419773,iphone,0,2018,1234,1113,62,59
10639,yarn,0,1750,1234,1115,53,66
652288,alphes_(style),0,1302,1234,1111,37,86
619281,blue_border,0,2608,1233,1098,69,66
597826,santa_gloves,0,1528,1232,1095,69,68
1445390,aria_company_uniform,0,1498,1231,1072,81,78
406042,exhausted,0,2168,1230,1104,63,63
121795,inline_skates,0,1588,1230,1105,69,56
1319348,holding_bucket,0,2166,1229,1106,61,62
1479378,silver_trim,0,1676,1229,1101,58,70
1561175,champion_uniform,0,1350,1229,1099,59,71
641957,bishop_(chess),0,1345,1229,1098,61,70
418106,dark_penis,0,2074,1228,1085,63,80
555475,pixiv_logo,0,1971,1228,1114,59,55
12413,coffin,0,1957,1228,1090,60,78
549266,grocery_bag,0,1631,1228,1116,47,65
607245,cropped_arms,0,1554,1227,1115,58,54
471850,cum_in_clothes,0,1729,1225,1103,59,63
451182,grimoire,0,1624,1225,1102,68,55
457725,traffic_cone,0,1945,1224,1117,50,57
538478,haniwa_(statue),0,1723,1224,1105,55,64
1323466,brown_nails,0,1790,1223,1093,54,76
1424580,oda_uri,0,1603,1223,1124,37,62
473049,doily,0,1529,1223,1088,63,72
1556082,print_headwear,0,1787,1221,1093,77,51
378487,telescope,0,1650,1221,1097,64,60
551459,kine,0,1516,1220,1096,50,74
688664,adjusting_legwear,0,1502,1220,1090,74,56
8722,detective,0,1798,1219,1119,52,48
10326,archery,0,1587,1219,1123,41,55
1334692,side_drill,0,1757,1217,1090,71,56
467246,dotted_line,0,2393,1216,1083,59,74
1703807,star_sticker,0,2236,1216,1099,64,53
562826,slapping,0,1987,1216,1113,47,56
1452498,grey_capelet,0,1920,1216,1086,62,68
463235,training_bra,0,1714,1216,1079,67,70
504393,looking_outside,0,1878,1215,1110,52,53
1476659,french_text,0,1619,1215,1091,59,65
399923,washing,0,965,1215,1087,56,72
483367,pornography,0,1875,1214,1124,46,44
529750,glowing_hair,0,1815,1214,1110,49,55
652086,gathers,0,1332,1214,1077,71,66
468850,tall,0,271,1214,1093,59,62
379743,saw,0,1843,1212,1103,59,50
416752,strap_lift,0,1463,1212,1098,60,54
2016852,full_beard,0,3896,1211,1115,38,58
424682,horse_penis,0,2295,1211,1101,49,61
1326625,implied_yaoi,0,2112,1211,1076,60,75
1786594,tokyo-3_middle_school_uniform,0,1861,1211,1104,54,53
1915726,choppy_bangs,0,2912,1210,1060,64,86
1403859,3d_background,0,2462,1210,1115,34,61
6160,cocktail,0,1680,1210,1090,60,60
616555,uchikake,0,1495,1210,1090,56,64
502348,eyelid_pull,0,1978,1209,1083,59,67
1337534,boobplate,0,1952,1209,1111,54,44
473618,clitoris_piercing,0,1781,1209,1082,81,46
540308,baggy_clothes,0,1729,1209,1096,62,51
710257,odd_one_out,0,1493,1209,1084,60,65
682863,hand_on_another's_leg,0,2285,1208,1068,59,81
1292517,glowing_butterfly,0,1867,1208,1109,60,39
424974,no_testicles,0,1721,1208,1088,53,67
577111,pearl_earrings,0,3296,1207,1097,50,60
1344962,egg_hair_ornament,0,1684,1207,1114,54,39
1853184,kamiyama_high_school_uniform_(hyouka),0,1378,1207,1083,54,70
421443,spinning,0,3176,1206,1050,82,74
519211,ryona,0,2293,1206,1090,55,61
1399017,grey_tail,0,2272,1206,1081,52,73
1410988,pravda_school_uniform,0,1367,1206,1074,55,77
577453,lace_gloves,0,1923,1205,1088,64,53
10157,honey,0,1680,1205,1075,65,65
1371202,yellow_cape,0,2345,1204,1088,52,64
374852,wakizashi,0,1492,1204,1064,84,56
1327704,nejiri_hachimaki,0,1212,1204,1075,63,66
591348,breast_cutout,0,1961,1203,1067,69,67
406420,popcorn,0,1870,1202,1076,60,66
1881209,naranja_academy_school_uniform,0,2065,1201,1094,46,61
1270632,huge_moon,0,1733,1201,1086,43,72
877388,long_tail,0,3372,1199,1059,62,78
615525,blue_tail,0,2331,1199,1065,64,70
1508825,pouring_onto_self,0,1793,1199,1073,65,61
407500,easel,0,1700,1199,1086,43,70
682869,extra_mouth,0,2066,1198,1090,48,60
535323,art_brush,0,1402,1198,1060,71,67
579303,tail_ring,0,1894,1197,1060,57,80
1354455,year_of_the_rat,0,1312,1197,1075,73,49
548516,pinstripe_shirt,0,2221,1196,1064,64,68
1193565,jimiko,0,1915,1195,1077,64,54
548331,bamboo_steamer,0,1752,1195,1064,66,65
1382643,flaming_weapon,0,1928,1194,1070,52,72
469127,hair_wings,0,446,1194,1061,56,77
1305509,box_of_chocolates,0,2027,1193,1065,66,62
413107,puffy_cheeks,0,1817,1193,1074,72,47
516468,fake_cover,0,1674,1193,1093,48,52
1825415,shuujin_academy_school_uniform,0,1646,1193,1035,85,73
556112,red_tail,0,2207,1192,1057,69,66
395011,tube_dress,0,1744,1192,1067,51,74
375906,hot_dog,0,1742,1192,1073,58,61
1515353,grey_theme,0,1863,1191,1073,57,61
1350215,blue_robe,0,2930,1190,1083,51,56
1759071,cetacean_tail,0,2020,1190,1087,56,47
463437,pencil_case,0,1581,1189,1098,42,49
1480873,presenting_foot,0,2683,1188,1082,48,58
1497572,battery_indicator,0,2483,1188,1068,56,64
434844,folding_chair,0,1839,1188,1075,60,53
10938,reindeer,0,1484,1188,1077,57,54
1512007,pill_earrings,0,1422,1188,1056,75,57
642029,queen_(chess),0,1326,1188,1068,61,59
646003,curled_fingers,0,2873,1187,1070,51,66
505302,bar_stool,0,1897,1185,1065,65,55
1441859,aqua_footwear,0,0,1185,1039,82,64
514538,hands_on_ass,0,0,1185,1047,67,71
1504031,white_butterfly,0,2225,1184,1061,63,60
10014,washing_machine,0,1797,1184,1064,69,51
627286,covering_one_eye,0,1636,1184,1080,57,47
252960,tengu,0,1592,1184,1066,47,71
660791,fur_cape,0,1922,1183,1077,60,46
497292,bo_staff,0,1442,1183,1065,60,58
646377,kikumon,0,1362,1183,1068,53,62
1657724,just_the_tip,0,1861,1182,1051,69,62
404788,wrestling_ring,0,1580,1182,1055,63,64
482391,bad_food,0,1534,1182,1069,52,61
665204,thick_eyelashes,0,3278,1181,1076,41,64
702958,holding_ribbon,0,1893,1180,1062,62,56
378755,beans,0,1458,1180,1064,60,56
13242,hanetsuki,0,1392,1180,1069,43,68
666509,>o<,0,2162,1179,1068,46,65
1734694,musou_isshin_(genshin_impact),0,1530,1179,1058,50,71
1720557,swimsuit_cover-up,0,1480,1179,1059,66,54
10246,wig,0,1750,1178,1077,48,53
576788,drying_hair,0,1704,1178,1082,40,56
538324,manga_cover,0,1861,1177,1072,51,54
1469257,single_epaulette,0,1793,1177,1070,58,49
15731,clothes,0,1495,1177,1049,69,59
1719544,they_had_lots_of_sex_afterwards_(meme),0,1303,1176,1061,59,56
4640,hanbok,0,1949,1175,1064,58,53
753278,analog_clock,0,1852,1175,1037,51,87
382573,akanbe,0,1830,1175,1055,57,63
710509,antique_firearm,0,1638,1175,1061,53,61
16833,sidewalk,0,2059,1174,1040,68,66
494923,futa_on_male,0,1820,1173,1054,61,58
1238293,grey_wings,0,1806,1173,1057,70,46
1353739,borrowed_design,0,1798,1173,1055,55,63
383854,native_american,0,1751,1173,1066,47,60
1430264,coin_hair_ornament,0,1409,1173,1064,61,48
1501467,bandaid_hair_ornament,0,3350,1172,1039,65,68
691041,yellow_sky,0,2046,1172,1064,44,64
405415,milking_machine,0,1821,1172,1053,55,64
5119,pinwheel,0,1535,1172,1039,76,57
62962,buruma_pull,0,1443,1172,1049,67,56
1666453,mage_staff,0,3249,1171,1066,50,55
1509338,holding_tablet_pc,0,2334,1171,1064,45,62
463031,anal_hair,0,1932,1171,1048,59,64
553905,pink_tail,0,2494,1170,1040,61,69
27649,phallic_symbol,0,2239,1170,1058,55,57
383146,panties_on_head,0,1445,1170,1067,46,57
540095,bilingual,0,0,1170,1068,60,42
1638312,footwear_ribbon,0,1704,1169,1063,45,61
1325319,wrist_bow,0,2030,1168,1037,60,71
1497365,pov_doorway,0,2203,1167,1050,57,60
1427498,holding_pizza,0,1908,1167,1053,65,49
430316,messenger_bag,0,1654,1167,1041,62,64
191357,loose_shirt,0,1627,1167,1044,64,59
462605,snack,0,1593,1167,1041,68,58
1090981,tantou,0,1336,1167,1065,59,43
1514329,instagram_logo,0,2550,1166,1067,56,43
1384374,grey_hairband,0,1971,1166,1036,64,66
543900,hat_over_one_eye,0,1648,1166,1049,66,51
493245,theft,0,1482,1166,1057,52,57
1409664,floating_scarf,0,1621,1165,1048,62,55
1959261,mecha_focus,0,5863,1164,1046,55,63
682286,title_parody,0,1532,1164,1029,61,74
477060,hair_lift,0,2637,1163,1056,49,58
1716159,human_scabbard,0,1475,1162,1058,45,59
632074,owl_ears,0,1432,1162,1051,55,56
412162,bucket_hat,0,2119,1161,1042,60,59
421120,shell_bikini,0,1676,1161,1039,55,67
714474,thighhighs_over_pantyhose,0,1581,1161,1059,51,51
317,bus,0,1398,1161,1038,55,68
620608,no_tail,0,1870,1160,1053,57,50
482205,crayon,0,1626,1160,1022,77,61
1427833,holding_popsicle,0,4246,1159,1028,68,63
1391449,cropped_sweater,0,2570,1159,1052,61,46
548066,blending,0,1967,1159,1057,48,54
1353525,from_outside,0,1599,1158,1054,48,56
464554,dandelion,0,1744,1155,1036,66,53
1414486,red_mittens,0,1548,1155,1024,57,74
669112,broken_weapon,0,1535,1155,1048,58,49
419287,swim_cap,0,1414,1155,1068,44,43
1113314,thick_lips,0,2557,1154,1041,48,65
1799877,tracen_swimsuit,0,1843,1154,1040,61,53
462239,chinese_new_year,0,1832,1154,1046,68,40
1397788,brown_choker,0,1814,1154,1018,79,57
1438041,blue_sports_bra,0,1771,1154,1043,59,52
1058783,aviator_sunglasses,0,1682,1154,1049,59,46
417929,tennis_ball,0,1573,1154,1035,64,55
599606,fuuin_no_tsue,0,1535,1154,1033,54,67
533033,covering_ass,0,1322,1154,1035,52,67
9535,icing,0,2159,1153,1039,59,55
552812,in_cup,0,1517,1153,1033,62,58
1835765,evangelion_(mecha),0,1499,1152,1031,54,67
3419,shinai,0,1481,1152,1033,67,52
204274,upshirt,0,1456,1152,1050,52,50
420441,teamwork,0,623,1151,1045,41,65
1926688,low-tied_sidelocks,0,3333,1150,1051,44,55
1488405,mole_on_cheek,0,2512,1150,1045,45,60
1399041,yellow_tail,0,2179,1150,1053,60,37
375033,bored,0,1683,1150,1019,60,71
378166,star_of_david,0,1462,1150,1062,56,32
1326378,black_umbrella,0,1817,1149,1036,58,55
365028,stealth_sex,0,1776,1149,1022,69,58
2430,recorder,0,1486,1149,1047,52,50
1509089,between_pectorals,0,1424,1149,1038,47,64
1441951,gold_footwear,0,1245,1149,1037,67,45
393237,bandolier,0,1692,1148,1016,57,75
437001,living_clothes,0,1522,1148,1041,63,44
1343008,orange_vest,0,2201,1147,1029,62,56
393428,vaulting_horse,0,2134,1147,1020,61,66
374636,unicorn,0,1903,1147,1008,57,82
1662233,jujutsu_tech_uniform,0,1783,1147,1051,43,53
1423578,brown_collar,0,1551,1147,1029,55,63
720294,weasel_ears,0,1752,1146,1035,69,42
5248,snowball,0,1658,1146,1039,53,54
478362,kepi,0,1808,1145,1064,41,40
472653,stained_panties,0,1799,1145,1017,72,56
1405660,white_mittens,0,1580,1145,1025,56,64
1609648,cum_on_pectorals,0,1325,1145,1013,73,59
1230297,single_wrist_cuff,0,1757,1144,1028,40,76
424623,unitard,0,1639,1144,1008,68,68
11623,bad_end,0,1753,1142,1020,63,59
1601728,gladiator_sandals,0,1977,1141,1033,57,51
510057,sand_sculpture,0,1547,1141,1031,64,46
1258824,print_shorts,0,1477,1141,1020,54,67
1433477,floating_cape,0,2427,1140,1029,57,54
16756,aquarium,0,1490,1140,1040,46,54
1793017,griffin_&_kryuger_military_uniform,0,1430,1140,1016,53,71
472508,drum_(container),0,1369,1140,1018,63,59
2374,shopping,0,1635,1139,1043,47,49
375377,boar,0,1552,1139,1037,52,50
395164,napkin,0,1778,1138,1025,60,53
507447,family_crest,0,1604,1138,1037,37,64
378567,robot_girl,0,4137,1137,1023,61,53
68505,bikesuit,0,2284,1137,1019,57,61
521714,cursive,0,1622,1137,1029,54,54
4910,corn,0,1591,1137,1021,64,52
550434,side_slit_shorts,0,1568,1137,1004,62,71
610305,hand_to_head,0,1332,1137,997,64,76
580277,green_tail,0,2109,1136,1032,55,49
374917,prison_clothes,0,1775,1135,1035,55,45
1513405,heart_facial_mark,0,2656,1134,1042,47,45
1461059,white_headdress,0,3747,1133,1037,52,44
609075,red_mask,0,2559,1133,1025,48,60
1749113,arthropod_limbs,0,1982,1133,1024,57,52
1470190,frilled_sailor_collar,0,1929,1133,1026,42,65
723519,chin_strap,0,1745,1133,1023,61,49
713277,no_eyepatch,0,1511,1133,1019,58,56
5254,thermometer,0,1495,1133,1018,49,66
612322,sheikah,0,1370,1133,1013,61,59
1379986,alpaca_ears,0,1302,1133,1010,72,51
703702,hooded_track_jacket,0,1230,1133,1012,58,63
1345376,wing_ornament,0,1985,1132,1022,47,63
497027,pointy_breasts,0,1724,1132,1009,70,53
422468,satin,0,1331,1132,987,65,80
1414615,mole_on_stomach,0,1754,1131,1041,48,42
1298677,armpit_cutout,0,2013,1130,1039,43,48
1258067,hands_on_own_stomach,0,1952,1130,1029,53,48
542338,snake_hair,0,1871,1130,996,61,73
1398131,hooded_bodysuit,0,1475,1130,1022,59,49
487760,under_tree,0,1543,1128,1003,59,66
415025,convenience_store,0,1603,1127,1022,53,52
1330451,multicolored_cape,0,1453,1127,1019,51,57
16918,tutu,0,1757,1126,1021,50,55
1544416,clothes_between_thighs,0,1611,1126,1016,59,51
1411111,keizoku_military_uniform,0,1436,1126,1019,63,44
445618,wet_dress,0,1455,1125,997,74,54
550074,in_water,0,2076,1124,1023,56,45
1495060,pants_tucked_in,0,1745,1124,1010,48,66
1499492,k/da_(league_of_legends),0,1654,1124,1023,62,39
1364890,white_hood,0,2663,1123,985,61,77
1569456,pizza_slice,0,1821,1123,996,73,54
54102,noose,0,1752,1123,994,55,74
1538197,square_4koma,0,3033,1122,1012,55,55
668806,tied_jacket,0,1817,1122,1012,59,51
469710,energy_drink,0,1724,1122,1009,44,69
568887,single_boot,0,1439,1122,1010,50,62
1427573,brown_sleeves,0,2218,1121,1009,51,61
642323,teacher_and_student,0,2032,1121,1022,47,52
432413,lute_(instrument),0,1402,1121,1015,58,48
689166,king_(chess),0,1333,1120,1009,54,57
1274530,angora_rabbit,0,1232,1120,1021,46,53
1239921,pink_sky,0,2027,1119,1001,55,63
452607,2009,0,1334,1119,976,61,82
1360271,grey_cape,0,1808,1118,1002,56,60
572593,noh_mask,0,1739,1118,1019,53,46
519987,pikmin_(creature),0,2127,1117,999,61,57
645655,wall_clock,0,1665,1117,1020,34,63
586561,penises_touching,0,1536,1117,985,85,47
1835593,ornate_ring,0,1402,1117,1015,54,48
389154,screw,0,1588,1116,1009,57,50
1397657,cat_ear_legwear,0,1539,1116,1002,59,55
475500,kissing_hand,0,1821,1114,1012,50,52
1608617,fold-over_boots,0,2472,1113,993,67,53
396687,hourglass,0,1679,1113,990,58,65
1601,clapping,0,1911,1112,992,57,63
1574670,two-sided_dress,0,1679,1112,998,57,57
412915,pet_bowl,0,1604,1111,1001,53,57
1456945,mochi_trail,0,1376,1111,1007,48,56
714848,rectangular_mouth,0,2442,1110,1010,42,58
543093,motherly,0,1382,1110,982,59,69
1303973,white_towel,0,0,1110,1004,57,49
1181961,multiple_weapons,0,2612,1109,983,57,69
1456713,cross_choker,0,1624,1108,994,59,55
670641,clothes_between_breasts,0,1513,1108,994,65,49
1512126,black_sweater_vest,0,3371,1107,983,57,67
568990,blue_tunic,0,2375,1107,1007,52,48
1472423,sleeve_ribbon,0,2157,1107,1009,45,53
492648,yellow_socks,0,2819,1106,993,58,55
398109,ice_skates,0,1662,1106,989,58,59
1869216,surrounded_by_penises,0,3275,1105,975,69,61
583869,character_censor,0,1648,1105,967,67,71
390528,seaweed,0,1577,1105,986,59,60
430138,double_vertical_stripe,0,1573,1105,959,65,81
80452,unzipping,0,1541,1104,1003,50,51
1750472,galaxy_expedition_team_survey_corps_uniform,0,1440,1104,989,64,51
1510188,dildo_riding,0,1888,1103,976,67,60
12725,headless,0,1745,1103,1006,52,45
1663181,alice_(alice_in_wonderland)_(cosplay),0,1415,1103,965,69,69
428847,ugly_man,0,0,1103,1001,44,58
837919,deer_girl,0,2377,1102,987,71,44
669932,wrist_wrap,0,1873,1102,1008,51,43
608993,uncommon_stimulation,0,1452,1102,1000,51,51
1346040,pink_hakama,0,1280,1102,1001,46,55
458295,rising_sun_flag,0,1272,1102,971,66,65
605773,head_on_hand,0,1905,1101,1002,60,39
633878,pursed_lips,0,1566,1101,993,64,44
3614,stain,0,1392,1101,991,49,61
1299125,elbows_on_table,0,1688,1100,997,55,48
6481,tools,0,1419,1099,990,54,55
1429073,holding_beachball,0,1940,1098,974,75,49
707712,consensual_tentacles,0,1515,1098,978,45,75
417078,bayonet,0,1473,1098,967,62,69
1427616,purple_sash,0,3776,1097,985,52,60
1561346,see-through_jacket,0,2028,1097,990,47,60
1452852,two-tone_cape,0,1959,1097,994,52,51
1411060,saunders_military_uniform,0,1262,1097,974,66,57
547746,patterned,0,1069,1097,985,49,63
662440,konohagakure_symbol,0,2118,1096,969,63,64
554570,jockstrap,0,1457,1096,965,72,59
511422,newhalf,0,0,1095,960,55,80
1444217,red_tank_top,0,2500,1094,990,42,62
1483518,orange_sleeves,0,1742,1094,992,47,55
1373023,purple-framed_eyewear,0,1421,1094,982,59,53
508103,tentacles_under_clothes,0,1449,1093,950,88,55
400267,dumpling,0,1690,1092,978,58,56
1682536,alternate_muscle_size,0,1659,1092,982,63,47
637714,holding_legs,0,1531,1092,975,56,61
607513,arms_around_waist,0,2026,1091,983,48,60
16929,barbed_wire,0,1638,1091,984,49,58
409179,smoking_gun,0,0,1091,983,58,50
1954874,girthy_penis,0,2415,1090,986,57,47
594313,shoulder_holster,0,1796,1090,984,61,45
668848,multiple_monochrome,0,1569,1090,989,37,64
519098,yarn_ball,0,1500,1090,985,48,57
1604448,duel_academy_uniform_(yu-gi-oh!_gx),0,1480,1090,998,44,48
465806,voice_actor,0,2315,1089,1014,37,38
498775,orange_skin,0,2386,1088,980,55,53
182494,audience,0,1603,1088,985,51,52
1607725,stuffed_winged_unicorn,0,1157,1088,990,54,44
1353857,blood_on_arm,0,2205,1087,984,45,58
1406965,holding_chocolate,0,2154,1087,956,69,62
2006770,unworn_coat,0,1976,1086,994,43,49
515225,sperm_cell,0,1813,1086,973,53,60
433870,broken_heart,0,1705,1086,970,56,60
1242015,vanishing_point,0,1317,1086,965,54,67
1296117,sideways_hat,0,1500,1085,975,61,49
1881213,uva_academy_school_uniform,0,1726,1084,979,47,58
513425,nib_pen_(medium),0,1445,1083,993,47,43
476893,torn_swimsuit,0,1278,1083,984,45,54
1468127,survey_corps_(emblem),0,1238,1083,1000,45,38
1575514,yuigaoka_school_uniform,0,2369,1082,986,52,44
658977,wooden_chair,0,1783,1082,960,64,58
632045,no_jacket,0,2567,1081,972,52,57
1324059,holding_jewelry,0,1762,1081,980,55,46
600871,ar-15,0,1483,1079,975,42,62
593433,rice_on_face,0,1252,1079,979,48,52
1344687,holding_letter,0,1800,1078,973,48,57
1597931,pancake_stack,0,1800,1078,965,62,51
1392422,frilled_camisole,0,1757,1078,970,47,61
1488071,orange_tail,0,1738,1078,976,49,53
2006763,unworn_backpack,0,1396,1078,969,54,55
1355541,lattice,0,1560,1077,966,39,72
1505168,traditional_chinese_text,0,1443,1077,966,61,50
416845,toast_in_mouth,0,1409,1077,986,46,45
13164,bud,0,2324,1075,974,55,46
381183,brick,0,1457,1075,965,47,63
74341,floating_island,0,1419,1074,989,45,40
15187,machine,0,1837,1073,929,72,72
664456,horn_ring,0,1567,1073,974,54,45
519382,decepticon,0,1674,1072,945,62,65
1324009,lactation_through_clothes,0,1598,1072,948,62,62
1681601,mash_kyrielight_(dangerous_beast)_(cosplay),0,1445,1072,971,56,45
617955,polka_dot_skirt,0,1417,1072,960,59,53
1316299,multicolored_scarf,0,1357,1072,938,72,62
1290371,ancient_greek_clothes,0,3634,1071,967,42,62
1439729,green_fur,0,2251,1071,949,70,52
11435,spreader_bar,0,1350,1071,969,53,49
1401831,purple_ascot,0,2208,1069,974,48,47
398803,cowboy_boots,0,1578,1069,967,43,59
414165,cum_on_pussy,0,1432,1068,934,76,58
456535,spit_take,0,1314,1068,968,45,55
509238,dialogue_box,0,2317,1067,962,38,67
425258,naked_overalls,0,1373,1066,961,55,50
664894,aqua_gloves,0,1823,1065,940,54,71
438209,checkered_flag,0,1448,1065,961,61,43
715181,post-apocalypse,0,1445,1064,972,53,39
393568,amulet,0,1585,1063,974,49,40
377994,playing,0,1431,1063,970,51,42
526671,child's_drawing,0,1628,1062,961,62,39
606330,condom_box,0,1547,1062,967,42,53
10023,toilet_use,0,1543,1062,938,57,67
399166,cursor,0,2014,1061,949,46,66
960973,cardigan_around_waist,0,1966,1061,962,54,45
394157,papers,0,1471,1061,953,55,53
460344,ear_biting,0,0,1061,962,45,54
1345218,holding_behind_back,0,4675,1060,940,66,54
1623058,male_maid,0,2267,1060,966,41,53
1328348,group_name,0,2217,1060,951,47,62
1450046,holding_megaphone,0,2053,1060,930,60,70
561654,animal_skull,0,1830,1060,943,50,67
1610148,poster_(medium),0,1698,1060,967,55,38
378541,gills,0,1645,1060,944,63,53
383664,pier,0,1286,1060,952,59,49
1301231,robot_animal,0,1977,1059,956,54,49
582333,ojou-sama_pose,0,1577,1058,953,54,51
383197,toilet_paper,0,1554,1058,945,46,67
440482,leg_wrap,0,1594,1057,952,50,55
1350589,bandaid_on_forehead,0,1561,1057,961,54,42
1423439,livestream,0,2138,1056,952,50,54
411498,tearing_clothes,0,1480,1056,954,50,52
550352,hand_on_forehead,0,441,1056,940,58,58
1416950,vertical-striped_jacket,0,2165,1055,961,44,50
614915,pink_cape,0,1977,1055,926,65,64
2006766,unworn_dress,0,1728,1055,935,55,65
411205,pigeon,0,1508,1055,942,53,60
458547,wood,0,1266,1055,961,59,35
1386020,st._gloriana's_(emblem),0,1230,1055,953,44,58
513996,lyrics,0,2065,1054,937,62,55
1419059,blue_tank_top,0,1969,1053,950,35,68
4047,pickaxe,0,1629,1053,958,44,51
502629,bullet_hole,0,1526,1052,944,55,53
1506800,diamond_(gemstone),0,1627,1051,944,52,55
527344,body_armor,0,1577,1051,939,52,60
605380,vertical-striped_bikini,0,1350,1051,949,54,48
448692,saddle,0,1558,1050,943,56,51
317438,war,0,1447,1050,940,43,67
1237688,open_bodysuit,0,1395,1050,948,51,51
1886041,shuka_high_school_uniform,0,1964,1049,937,53,59
406035,legs_over_head,0,1537,1049,945,57,47
561682,clownfish,0,1078,1049,941,52,56
1450864,head_chain,0,1681,1048,921,67,60
8787,cd,0,1532,1047,948,44,55
394852,hair_flip,0,1350,1047,959,43,45
1648109,hololive_idol_uniform,0,0,1047,951,42,54
10056,grill,0,1398,1046,934,58,54
1299138,back-print_panties,0,1233,1046,930,51,65
408039,crystal_ball,0,1473,1045,969,38,38
504098,m1911,0,1539,1044,949,56,39
428710,buster_sword,0,1763,1043,952,52,39
663596,aestus_estus,0,1463,1043,941,47,55
414667,hedgehog_ears,0,0,1043,880,62,101
485541,finger_heart,0,2186,1042,938,60,44
8482,waiter,0,1447,1041,928,58,55
417908,white_tiger,0,1352,1040,936,52,52
1208724,string_bra,0,1336,1040,928,57,55
593473,coke-bottle_glasses,0,1623,1039,929,57,53
1343361,opened_by_self,0,1411,1039,945,44,50
15251,undead,0,1655,1037,927,44,66
401136,kimono_lift,0,1274,1037,926,60,51
1868991,twitter_strip_game_(meme),0,0,1037,939,57,41
1793356,floral_print_kimono,0,5358,1036,917,53,66
1366557,ink_tank_(splatoon),0,1549,1036,915,64,57
1258093,ribbon-trimmed_headwear,0,1414,1036,944,40,52
1289607,nursing_handjob,0,1616,1035,936,36,63
1535682,two-tone_hoodie,0,1843,1033,927,57,49
1012946,breasts_on_table,0,1697,1033,931,48,54
390026,chalice,0,1559,1033,931,47,55
589292,slashing,0,1614,1032,930,55,47
576346,adjusting_necktie,0,1529,1032,929,51,52
1564958,heart_maebari,0,3011,1031,919,54,58
1593048,race_vehicle,0,1814,1031,932,55,44
1312469,purple_hakama,0,1284,1031,906,79,46
1932,ipod,0,1252,1031,918,60,53
659461,sleep_bubble,0,0,1031,933,46,52
2061574,squeans,0,9482,1030,923,53,54
1495160,mismatched_eyebrows,0,1728,1030,911,64,55
599986,cutting_hair,0,1521,1030,944,53,33
1908338,tail_around_own_leg,0,1749,1029,947,27,55
374312,pilot,0,1143,1029,928,40,61
1344492,on_motorcycle,0,2049,1028,948,41,39
1453635,cartoon_bone,0,1485,1028,931,42,55
8697,porch,0,1293,1028,940,51,37
8664,hoop,0,1277,1027,924,50,53
1342773,fleur_de_lapin_uniform,0,1129,1027,894,79,54
533099,sitting_on_rock,0,0,1027,929,56,42
381280,lighthouse,0,1399,1026,927,47,52
565478,skirt_basket,0,1167,1025,933,42,50
1598258,cross-laced_sleeves,0,2040,1024,935,45,44
379968,breast_expansion,0,1881,1024,930,41,53
461078,squinting,0,1738,1024,938,44,42
545590,easter_egg,0,1615,1023,897,57,69
675942,zun_(style),0,1595,1023,953,32,38
228097,astronaut,0,1566,1023,932,37,54
635240,star_pasties,0,1487,1023,904,58,61
622973,chicken_(food),0,3010,1022,924,51,47
1247424,brick_floor,0,1514,1022,923,50,49
529455,tight_dress,0,1875,1021,911,55,55
484561,arm_cuffs,0,1440,1021,918,44,59
271102,ladybug,0,1347,1021,930,48,43
1352539,squidbeak_splatoon,0,1175,1021,922,58,41
672588,cardigan_vest,0,687,1021,921,39,61
477993,bad_perspective,0,1644,1020,910,55,55
468827,pushing,0,1504,1020,898,64,58
43071,blind,0,1422,1020,917,56,47
476104,saber_(weapon),0,1355,1020,891,61,68
549347,green_pantyhose,0,2270,1019,910,47,62
1435395,grey_tank_top,0,1993,1019,927,47,45
582801,flower_on_head,0,1765,1019,921,52,46
1329330,bunny_day,0,1679,1019,914,49,56
469235,amplifier,0,1449,1019,918,62,39
330159,green_tea,0,1335,1019,908,60,51
1571287,berry_(pokemon),0,1574,1018,898,57,63
669693,stalk_in_mouth,0,1573,1017,906,65,46
473178,\n/,0,1471,1017,932,45,40
419383,wallet,0,1418,1017,911,50,56
1527638,bubble_tea_challenge,0,1266,1017,923,50,44
1552258,fish_boy,0,1634,1016,930,43,43
8409,spaghetti,0,1496,1016,920,41,55
2068563,barefoot_sandals_(jewelry),0,1295,1016,922,48,46
1440820,usekh_collar,0,1927,1015,909,49,57
1092127,condom_belt,0,1715,1015,903,55,57
476906,spray_can,0,1704,1015,901,57,57
1242619,fake_nails,0,1462,1015,917,50,48
7702,hairjob,0,1439,1015,900,64,51
742744,bean_bag_chair,0,1388,1014,903,51,60
1407341,holding_notebook,0,1993,1013,908,34,71
269258,chat_log,0,1760,1013,909,57,47
643640,narration,0,1455,1013,903,61,49
411403,tongs,0,1412,1013,922,48,43
1404665,aqua_neckerchief,0,4984,1012,921,43,48
1447366,cross_pasties,0,1847,1012,899,67,46
427033,hologram,0,1537,1012,899,52,61
571951,flaming_sword,0,1496,1012,901,46,65
514359,naked_scarf,0,1233,1012,901,53,58
1340790,holding_branch,0,1685,1011,914,51,46
1229971,shoulder_cannon,0,1587,1010,919,53,38
453294,houndstooth,0,1410,1010,902,49,59
657589,crotch_cutout,0,1745,1009,900,64,45
501887,levitation,0,1619,1009,891,58,60
428269,hard_hat,0,1601,1009,925,36,48
15836,butter,0,1568,1009,919,38,52
1529528,yellow_raincoat,0,1755,1007,908,49,50
410619,toe_ring,0,1632,1007,921,39,47
490118,pool_of_blood,0,1592,1007,919,39,49
1539213,flower_over_eye,0,1542,1007,886,54,67
399273,adidas,0,1403,1007,905,43,59
474428,blowing,0,1382,1007,923,34,50
572545,wall_of_text,0,1339,1007,887,54,66
1331283,bridal_legwear,0,1406,1006,890,66,50
690260,vibrator_on_nipple,0,1291,1006,899,55,52
572583,radiation_symbol,0,1246,1006,897,44,65
1365439,jaguar_print,0,0,1006,901,68,37
1730373,white_romper,0,3623,1005,909,53,43
556519,electrical_outlet,0,1440,1005,901,59,45
693639,striped_hoodie,0,1390,1004,914,48,42
561371,qr_code,0,1998,1003,923,38,42
487783,leather_pants,0,1612,1003,885,78,40
1545039,low-braided_long_hair,0,8201,1002,911,40,51
10497,rocket,0,1488,1002,913,34,55
1372787,multi-strapped_panties,0,1303,1002,897,50,55
589458,<o>_<o>,0,1323,1000,883,56,61
490582,onbashira,0,1221,1000,912,40,48
399680,arachne,0,1195,1000,893,58,49
1494960,yellow-tinted_eyewear,0,1869,999,902,41,56
385619,facepalm,0,1447,999,885,50,64
499998,sitting_backwards,0,1273,999,912,58,29
1344738,snowflake_background,0,1271,999,890,48,61
497015,wringing_clothes,0,1245,998,882,59,57
413290,hand_under_shirt,0,1539,997,896,55,46
1481671,torn_bodystocking,0,1445,997,883,68,46
1665000,dashed_eyes,0,1443,997,895,54,48
8698,windowsill,0,1312,997,903,48,46
381750,thermos,0,1311,997,893,50,54
474917,peace_symbol,0,1260,997,884,53,60
1518971,pectoral_press,0,1246,997,903,48,46
461235,ear_wiggle,0,2100,996,908,46,42
665502,saiyan_armor,0,1621,996,902,65,29
1411474,bc_freedom_military_uniform,0,1232,996,917,49,30
1466798,holding_money,0,1588,995,895,55,45
1450600,very_wide_shot,0,1542,995,864,64,67
385968,player_2,0,1244,995,885,59,51
497039,test_plugsuit,0,0,995,884,53,58
1505137,thai_text,0,1708,994,893,47,54
403070,grenade_launcher,0,1317,993,890,51,52
1292892,cracked_wall,0,1616,991,888,57,46
403466,medallion,0,1476,990,895,37,58
15469,coconut,0,1359,990,897,43,50
723518,arms_between_legs,0,1703,989,868,60,61
1377852,hair_on_horn,0,1604,989,905,37,47
1325576,four-leaf_clover_hair_ornament,0,1415,989,904,43,42
1328442,green_belt,0,1765,988,895,51,42
1996504,bowlegged_pose,0,1713,988,887,52,49
1427943,yellow_tank_top,0,1576,988,894,55,39
623986,green_sclera,0,1678,987,896,35,56
1253889,joestar_birthmark,0,1178,987,893,53,41
1509435,holding_remote_control,0,1571,986,883,45,58
646311,polka_dot_shirt,0,1410,986,898,43,45
12500,pendulum,0,1861,985,858,69,58
1353392,shoulder_sash,0,1826,985,889,46,50
1396770,animal_on_arm,0,1404,985,906,36,43
388245,cum_in_nose,0,1340,985,885,51,49
507276,paper_crane,0,1325,985,884,58,43
1710578,underpec,0,1195,985,868,49,68
522469,centauroid,0,2079,984,867,69,48
417498,christmas_present,0,1725,984,889,53,42
418811,acoustic_guitar,0,1585,984,867,66,51
974485,hoodie_lift,0,1619,983,884,56,43
564002,guided_penetration,0,1363,983,900,39,44
483045,kinchaku,0,1203,983,884,52,47
471824,searchlight,0,1184,983,882,57,44
658794,poke_ball_theme,0,1156,983,852,61,70
511246,blank_speech_bubble,0,2235,982,900,43,39
1605157,colored_nipples,0,1785,982,884,45,53
1193485,dudou,0,1377,982,860,50,72
487949,arm_above_head,0,1409,981,880,70,31
1406788,otter_ears,0,1174,981,848,76,57
1411064,anzio_military_uniform,0,1099,981,883,50,48
642231,white_lily,0,2364,980,880,37,63
607934,tentacles_on_male,0,1325,980,880,60,40
465518,snow_rabbit,0,1160,980,878,51,51
460270,sparrow,0,1299,979,903,39,37
572094,h&k_ump,0,1167,979,868,59,52
1715534,baton_(conducting),0,0,978,877,54,47
1475691,hanasakigawa_school_uniform,0,2596,977,899,45,33
255403,cleaver,0,1522,977,882,51,44
721903,fur_cloak,0,1350,977,895,46,36
1400702,orange_belt,0,2186,976,872,55,49
1338731,holding_skull,0,1498,976,880,47,49
453888,hand_mirror,0,1447,976,868,62,46
416825,omikuji,0,1319,976,892,43,41
417910,duckling,0,1178,976,891,44,41
571640,jacket_over_swimsuit,0,1617,975,856,59,60
394402,wheat,0,1612,975,876,49,50
678345,maneki-neko,0,1314,975,883,43,49
714502,infinity_symbol,0,1380,974,883,48,43
482315,breast_padding,0,1373,974,895,32,47
585602,jeweled_branch_of_hourai,0,1187,974,868,47,59
495021,rider_belt,0,2071,973,876,49,48
1855849,ass_ripple,0,2345,972,883,49,40
1660195,long_earlobes,0,1360,972,871,42,59
430376,bear_costume,0,1409,971,882,50,39
436459,acorn,0,1396,971,870,62,39
1707265,cross-laced_dress,0,2801,970,877,41,52
1432832,green_tank_top,0,1665,970,863,55,52
1400406,striped_hairband,0,1470,970,889,29,52
746897,pussy_juice_drip_through_clothes,0,1425,970,891,34,45
472542,beam_saber,0,0,970,853,52,65
1419470,crotchless_pantyhose,0,1781,969,861,56,52
1412249,green_scrunchie,0,1500,969,900,31,38
555321,hand_gesture,0,1173,969,872,36,61
412848,panzer_iv,0,1098,969,859,59,51
604813,long_beard,0,2868,968,883,34,51
1404539,green_tunic,0,2229,968,876,45,47
537085,objectification,0,1493,968,879,49,40
7700,weightlifting,0,1473,968,877,40,51
553040,flower_bracelet,0,1455,968,861,56,51
697415,storefront,0,1337,968,877,35,56
1100029,hands_on_own_breasts,0,1498,967,871,52,44
456565,flying_kick,0,1483,967,877,41,49
447171,lowleg_pants,0,1471,967,874,45,48
487790,studded_bracelet,0,1434,967,863,56,48
1339258,logo_parody,0,1499,966,865,62,39
1401249,grey_leotard,0,1445,966,878,46,42
1933084,youtou_high_school_uniform,0,1136,966,886,32,48
5563,comparison,0,1666,965,856,55,54
388611,warning_sign,0,1575,965,857,40,68
615409,bag_of_chips,0,1515,965,871,47,47
1324856,virgin_killer_outfit,0,1028,965,887,38,40
449699,grand_piano,0,2435,964,858,58,48
474347,affectionate,0,1556,964,873,46,45
1300914,leash_pull,0,1532,964,871,40,53
471358,bass_clef,0,1193,964,873,38,53
1942283,thick_mustache,0,2767,963,904,29,30
447807,crocs,0,1606,963,878,44,41
429978,between_toes,0,1461,963,883,32,48
512129,symbolism,0,1346,963,887,40,36
1265662,lace-trimmed_hairband,0,1375,962,868,46,48
1501556,yellow_sweater_vest,0,2552,961,865,45,51
1397501,star_ornament,0,1976,961,870,38,53
457678,animal_slippers,0,1530,961,871,53,37
14739,hammock,0,1340,961,871,55,35
222856,good_end,0,1297,961,858,61,42
692139,penguin_hood,0,1137,961,875,39,47
5946,boxcutter,0,1411,960,844,58,58
657147,fur_boots,0,1166,960,874,43,43
531424,multiple_heads,0,1728,959,862,42,55
138127,art_nouveau,0,1587,959,854,55,50
729551,kiwi_(fruit),0,1490,959,864,49,46
399607,hair_dryer,0,1471,959,872,48,39
1320993,print_necktie,0,1381,959,877,42,40
490067,holding_head,0,0,959,869,44,46
405504,apron_lift,0,1184,958,880,40,38
716637,argyle_sweater,0,1093,957,855,53,49
620885,latex_legwear,0,1353,956,845,64,47
5817,sauna,0,1425,955,854,59,42
435855,messy_room,0,1368,955,879,38,38
1779554,ear_birthmark,0,1141,955,846,44,65
1556083,camouflage_headwear,0,1123,955,875,39,41
407128,crumbs,0,1688,954,865,44,45
1845191,glaive_(polearm),0,1464,954,852,57,45
7877,nintendo_ds,0,1276,954,865,49,40
596588,jacket_pull,0,1391,953,850,47,56
544688,bunching_hair,0,1288,953,848,47,58
663869,looking_through_legs,0,0,953,841,42,70
1601327,diamond_hairband,0,1579,952,838,60,54
4638,drugs,0,1353,952,866,48,38
8173,bokken,0,1109,952,855,49,48
2067896,through_medium,0,1607,951,851,47,53
1426213,multiple_riders,0,1113,951,866,41,44
477804,rainbow_hair,0,1701,950,842,53,55
707514,stone_stairs,0,1406,950,848,54,48
716956,puff_and_slash_sleeves,0,1356,950,851,51,48
1611387,fumo_(doll),0,2083,949,854,47,48
1432422,purple_cardigan,0,1742,949,854,36,59
613430,bagged_fish,0,1266,948,855,40,53
1371471,anchor_necklace,0,1556,947,855,44,48
496226,multiple_legs,0,1319,947,866,44,37
423080,hat_with_ears,0,1299,947,856,49,42
1303240,polka_dot_scrunchie,0,1118,947,860,49,38
374998,abuse,0,1344,946,861,58,27
548294,nib_pen_(object),0,1341,946,855,48,43
585968,heads-up_display,0,1301,946,857,43,46
1920354,strapless_one-piece_swimsuit,0,1256,946,846,54,46
704182,character_signature,0,1200,946,864,50,32
1253834,knotted_penis,0,1650,945,845,51,49
1791550,green_armband,0,1641,945,844,55,46
433080,koi,0,1426,945,857,50,38
547300,misunderstanding,0,1315,945,851,57,37
548034,keystone,0,0,945,865,45,35
971148,underbutt,0,1752,944,846,48,50
618068,light_machine_gun,0,1530,944,826,55,63
1245350,implied_fellatio,0,1369,944,854,46,44
455483,shorts_around_one_leg,0,1302,944,868,45,31
1407009,japari_bun,0,1068,944,832,65,47
725442,blue_bandana,0,1573,943,831,52,60
582033,clothes_tug,0,1170,943,854,46,43
2013939,thick_beard,0,2430,942,867,23,52
621690,no_mask,0,1647,942,845,45,52
15450,onion,0,1294,942,858,49,35
1451576,checkered_sash,0,1090,942,855,44,43
1478742,holding_sex_toy,0,1729,941,859,46,36
574393,ace_of_hearts,0,1684,941,854,51,36
465140,breastfeeding,0,1470,941,867,36,38
11414,nipple_clamps,0,1327,941,846,38,57
1247797,bike_shorts_under_shorts,0,1304,939,833,54,52
477179,tire,0,0,939,859,48,32
547983,rope_belt,0,1709,937,847,37,53
1274150,print_sleeves,0,1402,937,834,55,48
376621,wa_lolita,0,1142,937,862,36,39
467711,possessed,0,2074,935,863,29,43
404973,galaxy,0,1462,935,845,43,47
475494,dissolving,0,1251,935,846,56,33
550385,linked_piercing,0,1556,934,827,54,53
2035712,rhodes_island_logo_(arknights),0,1283,933,853,47,33
1234828,character_age,0,1841,932,846,41,45
1364632,red_feathers,0,1609,932,810,67,55
392867,melon,0,1410,932,839,49,44
651813,floating_card,0,1268,932,845,49,38
612924,"don't_say_""lazy""",0,1078,932,849,46,37
552418,detached_hair,0,1418,931,836,46,49
379013,note,0,1193,931,841,30,60
405411,team_9,0,0,931,839,41,51
1299465,coin_on_string,0,1687,930,827,50,53
609352,themed_object,0,1061,930,838,51,41
1329132,cherry_hair_ornament,0,1678,929,852,47,30
504316,hands_on_hilt,0,1177,929,801,58,70
517244,anglerfish,0,1112,929,828,44,57
586471,rounded_corners,0,1248,928,839,41,48
678477,shared_speech_bubble,0,1466,927,816,51,60
463449,sugar_cube,0,1308,926,829,53,44
446404,cheek_pull,0,1411,924,822,46,56
12002,foam,0,1300,924,832,47,45
386926,polar_bear,0,1245,924,838,44,42
1326166,sukajan,0,1632,923,851,32,40
1376960,glowing_tattoo,0,1576,923,829,40,54
546085,brown_bra,0,1251,923,832,43,48
1455373,v-shaped_eyes,0,2040,922,832,43,47
570496,struggling,0,1739,922,835,43,44
709908,fanning_self,0,1475,922,834,40,48
681979,double_\m/,0,1130,922,828,47,47
1282931,raimon_soccer_uniform,0,1035,922,830,43,49
4281,hole,0,1273,921,820,52,49
1240337,yellow_border,0,1949,920,828,35,57
533029,dragging,0,1311,920,834,45,41
587390,hand_on_headphones,0,1296,920,846,37,37
1457427,looking_at_food,0,2403,919,821,49,49
1853182,kamiyama_high_school_uniform_(project_sekai),0,1483,919,813,56,50
492703,long_neck,0,1369,919,807,60,52
673705,hand_rest,0,1986,918,816,54,48
1684568,paint_splatter_on_face,0,1484,918,823,48,47
1626980,gaming_chair,0,1624,917,822,55,40
539119,ultra_ball,0,1223,917,830,42,45
1375741,extra_faces,0,1223,917,839,36,42
5231,tonfa,0,1184,917,824,45,48
681073,clear_sky,0,1631,916,838,39,39
462190,public_use,0,1289,916,815,56,45
441997,track_and_field,0,1188,916,815,63,38
1344416,heart_pendant,0,1508,915,820,44,51
54531,blood_bag,0,1374,915,816,46,53
1161750,boy_sandwich,0,1220,915,825,55,35
1674442,covered_testicles,0,1214,915,810,53,52
684797,hands_on_another's_hips,0,1513,914,825,46,43
452085,hospital_gown,0,1511,914,822,40,52
1240826,print_hoodie,0,1488,914,817,52,45
1252120,roundel,0,1464,914,833,36,45
393640,aurora,0,1454,914,836,37,41
693309,sleeve_grab,0,1230,914,807,59,48
375406,clown,0,1601,913,792,66,55
9017,kaijuu,0,0,913,804,60,49
538615,paper_stack,0,1562,912,820,47,45
393506,shrimp_tempura,0,1515,912,813,43,56
429764,forehead_tattoo,0,1485,912,811,48,53
691979,high_tops,0,1484,912,828,47,37
1579902,nata_(tool),0,1307,912,813,59,40
1244336,flower_brooch,0,2442,911,816,39,56
1413251,fur-trimmed_collar,0,1821,911,806,43,62
1326876,diamond_hair_ornament,0,1721,911,819,48,44
1445049,grey_serafuku,0,1647,911,829,45,37
457036,steak,0,1323,911,832,44,35
1263485,single_thigh_boot,0,1819,910,820,48,42
379180,zora,0,1406,910,822,52,36
426382,bear_tail,0,1306,910,820,49,41
648057,rabbit_hat,0,1285,910,827,35,48
10268,net,0,1193,910,802,52,56
565669,telstar,0,984,910,812,56,42
1271930,nanodesu_(phrase),0,962,910,829,36,45
1417605,blue_shawl,0,1456,909,821,46,42
1281282,taimanin_suit,0,1361,909,786,84,39
397923,group_hug,0,1345,909,825,36,48
14011,height_chart,0,1300,909,806,45,58
634813,hugging_tail,0,1250,909,811,46,52
2944,airship,0,1226,909,809,49,51
1396676,dressing_another,0,1150,909,820,52,37
1548224,butterfly_brooch,0,1139,909,827,41,41
395642,vietnamese_dress,0,0,909,825,37,47
907721,onesie,0,1802,908,812,47,49
400507,sailor_senshi,0,1178,908,811,41,56
514585,plaid_bra,0,1031,908,825,46,37
1578028,heart_on_chest,0,1092,907,799,64,44
1392344,white_sarong,0,1335,906,811,51,44
463435,parka,0,1185,906,824,38,44
839892,no_mole,0,1148,906,827,36,43
389926,panty_lift,0,1091,906,813,41,52
658767,bound_together,0,1382,905,809,47,49
488001,tape_measure,0,1302,905,814,44,47
9166,windmill,0,1226,905,805,45,55
1429582,dress_swimsuit,0,1223,905,796,38,71
679205,catchphrase,0,1147,905,827,40,38
549921,swinging,0,938,905,823,31,51
1496708,hitodama_print,0,1445,904,809,51,44
1983409,drop-shaped_pupils,0,2871,903,809,52,42
1465576,holding_teapot,0,1618,903,818,34,51
452532,two-handed_handjob,0,1399,903,820,36,47
489491,platform_boots,0,2596,902,827,46,29
504065,cephalopod_eyes,0,2047,902,830,32,40
1263464,potara_earrings,0,1805,902,821,36,45
1490497,green-tinted_eyewear,0,1645,902,806,53,43
9656,crazy,0,1578,901,799,48,54
483853,bulletin_board,0,1440,901,830,27,44
397136,trigram,0,1125,901,807,48,46
1441858,lap_pillow_invitation,0,1120,901,813,49,39
1345225,half_mask,0,1823,900,799,52,49
1318748,floating_weapon,0,1688,899,790,49,60
1262145,hands_on_ground,0,1551,899,792,60,47
552753,perfume_bottle,0,1344,899,804,43,52
6429,dwarf,0,2694,898,818,38,42
1467618,two-tone_coat,0,1760,898,794,50,54
397500,electric_plug,0,1621,898,832,37,29
493711,finger_frame,0,1558,898,805,38,55
1407027,jaguar_tail,0,1443,898,789,70,39
9716,strawberry_panties,0,1146,898,817,46,35
1293918,bicycle_basket,0,1122,898,802,50,46
646375,sayagata,0,1036,898,801,50,47
608024,arm_between_legs,0,1612,897,789,56,52
10673,vore,0,1470,897,819,37,41
1360959,frilled_jacket,0,1617,896,793,50,53
564925,polka_dot_ribbon,0,1169,895,825,45,25
1424344,sling_bikini_top,0,1127,895,800,40,55
572327,splatter,0,1338,894,800,44,50
1687001,male_underwear_pull,0,1238,894,796,48,50
562990,bath_stool,0,1087,894,783,50,61
1297290,split_theme,0,1528,893,814,41,38
642272,above_clouds,0,1358,893,800,43,50
409820,cat_costume,0,1280,893,788,54,51
1317392,sports_bra_lift,0,1178,892,788,55,49
655737,pants_under_skirt,0,1455,891,785,54,52
458351,crane_game,0,1423,891,809,40,42
1569753,teardrop_tattoo,0,1604,890,818,39,33
1476164,holding_frying_pan,0,1556,890,786,63,41
719987,ghost_pose,0,1458,890,803,47,40
457370,masochism,0,1339,890,807,37,46
3912,p90,0,1088,890,821,29,40
507308,voile,0,1003,890,819,32,39
395900,deformed,0,5834,889,807,40,42
1510577,v_over_mouth,0,1774,889,787,57,45
637908,adapted_uniform,0,1015,889,805,48,36
626910,head_only,0,2410,888,805,48,35
1428052,watermelon_slice,0,1699,888,793,49,46
583137,ear_protection,0,1425,888,794,43,51
518157,peony_(flower),0,1372,888,801,37,50
1163703,oversized_breast_cup,0,1318,888,795,43,50
467700,salad,0,1246,888,819,37,32
239,valkyrie,0,1109,888,804,29,55
1390981,ribbon_braid,0,1595,887,817,37,33
1577478,super_saiyan_1,0,1547,887,798,38,51
496190,kabuto_(helmet),0,1425,887,790,53,44
1734,karaoke,0,1270,887,823,37,27
389325,grave,0,1222,887,801,41,45
684743,sam_browne_belt,0,1173,887,787,54,46
460701,pagoda,0,1118,887,787,53,47
1317436,satin_panties,0,1039,887,776,48,63
1835748,striped_one-piece_swimsuit,0,947,887,815,25,47
659790,eldritch_abomination,0,1495,886,789,40,57
1574664,two-sided_skirt,0,1200,886,797,46,43
2028289,sideless_kimono,0,2530,885,789,49,47
468583,melon_bread,0,1210,885,809,49,27
375496,kagami_mochi,0,1078,885,814,37,34
1422612,purple_serafuku,0,1710,884,791,42,51
610394,wavy_eyes,0,1477,884,792,52,40
9213,diaper,0,1389,884,804,39,41
665892,cross-laced_legwear,0,1182,884,798,43,43
659364,licking_armpit,0,1368,883,795,42,46
488521,canopy_bed,0,1157,883,803,41,39
1450741,oohashi_high_school_uniform,0,1748,882,789,52,41
607013,stitched_mouth,0,1442,882,772,55,55
377871,gerudo,0,1341,882,779,52,51
1419480,maid_day,0,1317,882,798,44,40
1396474,single_knee_pad,0,1311,882,794,45,43
1378073,ears_visible_through_hair,0,1123,882,807,38,37
553675,ehoumaki,0,1050,882,791,35,56
1484224,pearl_hair_ornament,0,1520,881,793,34,54
1890159,hand_on_own_ear,0,1365,881,784,56,41
13597,triple_penetration,0,1318,881,793,53,35
1386653,falchion_(fire_emblem),0,1164,880,797,47,36
1059619,kissing_penis,0,1427,879,783,49,47
15619,sand_castle,0,1220,879,790,54,35
1272545,orange_leotard,0,1131,879,792,48,39
527949,troll_face,0,1093,879,804,37,38
1154025,ankle_wrap,0,1050,879,788,41,50
1386162,facebook_username,0,1483,878,803,36,39
1546273,cross-laced_slit,0,1454,878,809,31,38
1076830,hat_on_back,0,1436,878,785,53,40
397561,radish,0,1250,878,803,47,28
394866,zodiac,0,1234,878,803,27,48
571097,crane_(animal),0,1211,878,787,55,36
1252918,sitting_on_table,0,1402,877,793,42,42
416210,dirty_feet,0,1300,877,788,44,45
675922,on_roof,0,1259,877,798,36,43
680409,adam's_apple,0,2431,875,796,42,37
432965,red_oni,0,1435,875,758,61,56
2006768,unworn_bikini_bottom,0,1034,875,789,47,39
400231,kotoyoro,0,960,875,782,44,49
473285,lace-trimmed_thighhighs,0,3380,874,769,51,54
438748,breast_poke,0,1035,874,798,38,38
791840,blue_umbrella,0,1371,873,782,41,50
1835737,green_one-piece_swimsuit,0,1184,873,778,46,49
545481,hand_on_leg,0,1037,873,771,41,61
1425383,blue_pajamas,0,2038,872,781,57,34
1835605,halter_shirt,0,1991,872,804,35,33
641133,aqua_bra,0,1198,872,787,38,47
1426299,tokisadame_school_uniform,0,1131,872,782,51,39
581487,hishaku,0,1006,872,778,40,54
1001710,shell_necklace,0,1514,871,800,32,39
546978,two-finger_salute,0,1409,871,778,44,49
405020,wheelbarrow,0,1042,871,790,42,39
1695426,popsicle_in_mouth,0,1929,870,786,44,40
393203,handstand,0,1412,870,786,37,47
1687562,off-shoulder_one-piece_swimsuit,0,1345,870,791,38,41
1303975,blue_sarong,0,1218,870,780,46,44
630542,butterfly_sitting,0,1195,870,791,32,47
10727,bib,0,1282,869,781,35,53
557780,alternate_wings,0,958,869,790,43,36
1283338,american_flag_print,0,5829,868,789,39,40
484040,winding_key,0,2054,868,764,52,52
535487,hand_over_eye,0,1266,868,774,48,46
679788,wet_towel,0,1202,868,785,42,41
472408,sneezing,0,1182,868,777,44,47
658126,cream_on_face,0,1169,868,786,31,51
533238,milky_way,0,1165,868,778,43,47
714122,ball_and_chain_restraint,0,1103,868,786,31,51
537098,watching_television,0,1317,867,778,45,44
413459,inflatable_raft,0,1127,867,775,63,29
119610,triplets,0,1087,867,775,44,48
164255,nudist,0,1058,867,778,41,48
701994,pov_across_table,0,1046,867,785,38,44
1776547,multiple_scars,0,2924,866,781,44,41
431724,cheekbones,0,1494,866,770,39,57
675626,in_palm,0,1415,866,771,42,53
9476,minotaur,0,1183,866,793,34,39
1607841,holding_riding_crop,0,1801,863,770,46,47
424264,nose_ring,0,1579,863,783,29,51
511500,head_on_chest,0,1422,863,776,46,41
450701,pixelated,0,1392,863,779,43,41
1328313,shell_hair_ornament,0,1378,863,776,33,54
1370713,pink_umbrella,0,1364,863,768,47,48
5547,pet,0,1289,863,761,55,47
475528,ankle_grab,0,1283,863,782,42,39
534139,popped_button,0,1221,863,761,53,49
1240072,hair_color_connection,0,1334,862,771,40,51
11268,stripper,0,1163,862,770,44,48
401062,x3,0,1067,862,779,45,38
394720,afterglow,0,955,862,777,40,45
570549,long_shirt,0,3549,861,776,42,43
1513506,patchwork_clothes,0,1473,861,797,32,32
694148,candlelight,0,1045,861,771,41,49
708682,hand_on_another's_hand,0,1564,860,773,44,43
548098,mast,0,1356,859,764,43,52
393452,leaf_umbrella,0,1098,859,767,47,45
2006765,unworn_eyepatch,0,988,859,759,39,61
1258486,musical_note_print,0,1489,858,774,39,45
1416325,multicolored_hairband,0,1258,858,787,29,42
4899,stats,0,1167,858,776,39,43
1860181,chain_headband,0,1673,857,777,38,42
478042,track_uniform,0,1062,857,775,39,43
1337502,heart_lock_(kantai_collection),0,918,857,763,47,47
409201,pinned,0,1694,856,779,34,43
439842,purple_tongue,0,1539,856,767,39,50
467514,embroidery,0,1516,856,775,42,39
467744,mount_fuji,0,1122,856,752,49,55
525584,orange_socks,0,1706,855,775,36,44
489578,whiskey,0,1214,855,773,44,38
9745,hungry,0,1187,855,772,45,38
393062,skirt_flip,0,1179,855,764,47,44
473342,imperial_japanese_army,0,1017,855,774,33,48
389771,syrup,0,1314,854,780,41,33
502186,broken_window,0,1192,854,763,51,40
1064351,green_cloak,0,1806,853,770,34,49
1881212,miyamasuzaka_girls'_academy_school_uniform,0,1520,853,763,47,43
1319070,text_messaging,0,1412,853,764,46,43
1344657,cat_bag,0,1371,853,762,46,45
382030,beetle,0,1197,853,779,42,32
16792,golf_club,0,1177,853,766,53,34
622330,oversized_limbs,0,1161,853,759,46,48
547020,fidgeting,0,1143,853,772,40,41
1345296,skeleton_print,0,1278,852,746,57,49
474597,mitre,0,1249,852,766,36,50
643172,shotgun_shell,0,1153,852,764,49,39
594013,orange_rose,0,1736,851,778,37,36
120759,mat,0,1666,851,767,51,33
509654,forced_orgasm,0,1409,851,760,46,45
690728,missile_pod,0,1327,851,766,49,36
652399,araki_hirohiko_(style),0,1180,851,763,46,42
1390068,joy-con,0,1066,851,768,32,51
577070,hand_on_wall,0,1540,850,778,29,43
1281944,anchor_choker,0,1460,850,774,36,40
376977,parrot,0,1275,850,760,40,50
502652,ink_(medium),0,1140,850,776,37,37
592592,personality_switch,0,1397,849,744,55,50
475375,chocolate_cake,0,1318,849,748,53,48
433234,erect_clitoris,0,1284,849,778,37,34
4517,gymnastics,0,1148,849,764,50,35
499780,holding_breath,0,1108,849,752,49,48
1398925,speaking_tube_headset,0,1071,848,760,43,45
490626,smoke_trail,0,2039,847,758,39,50
471798,before_and_after,0,1636,847,756,42,49
591843,flying_paper,0,1239,847,772,41,34
1539221,bandaged_wrist,0,1850,846,754,52,40
2477,lightsaber,0,1516,846,747,49,50
399404,skull_necklace,0,1303,846,749,44,53
460435,ivy,0,1188,846,786,34,26
444001,legband,0,1124,846,754,53,39
1583008,side-tie_peek,0,1675,845,753,36,56
1386603,orange_cape,0,1400,845,759,44,42
479840,severed_limb,0,1215,845,746,53,46
741418,card_parody,0,1042,845,772,39,34
1881202,st._chronica_academy_school_uniform,0,895,845,756,44,45
1328754,brown_border,0,1625,844,750,46,48
1351262,hand_on_another's_ear,0,1302,844,758,50,36
712902,pumpkin_hair_ornament,0,1003,844,772,39,33
1438293,holding_wrench,0,1582,843,764,33,46
562139,glove_biting,0,0,843,767,49,27
317012,zeon,0,1515,842,755,40,47
168887,age_comparison,0,1379,842,766,27,49
1366556,splattershot_(splatoon),0,1151,842,733,58,51
799867,futasub,0,1075,842,734,64,44
594978,naked_tabard,0,1000,842,761,34,47
1827382,st._theresa's_girls_academy_school_uniform,0,919,842,747,43,52
547523,flower_in_eye,0,1576,841,755,51,35
590202,pinstripe_suit,0,1258,841,743,41,57
537572,teeth_hold,0,1126,841,758,42,41
1263595,soap_bottle,0,1125,841,757,47,37
662803,honeycomb_background,0,1039,841,755,46,40
475951,ornament,0,687,841,749,46,46
487992,inkwell,0,1712,840,771,35,34
1532157,green_eyeshadow,0,1215,840,757,45,38
9347,puppy,0,1205,840,745,46,49
537303,shoulder_belt,0,2689,839,735,45,59
1989967,segmented_comic,0,1856,839,766,35,38
1260709,copy_ability,0,1286,839,753,44,42
662225,floating_book,0,1215,839,731,70,38
445428,guard_rail,0,1164,839,768,38,33
433742,frozen,0,1114,839,766,37,36
8921,white_day,0,1289,838,760,33,45
1379634,mmm_threesome,0,1222,838,755,40,43
1440813,red_track_suit,0,1180,838,749,33,56
1322883,flag_background,0,1127,838,766,27,45
632148,hooded_dress,0,1453,837,763,42,32
385267,tokyo_(city),0,1188,837,761,46,30
447159,fishing_line,0,1062,837,775,23,39
424698,moth,0,1516,836,752,43,41
389367,pineapple,0,1235,836,759,43,34
657414,panties_under_buruma,0,1155,836,746,51,39
1714871,midriff_sarashi,0,1051,836,754,45,37
1436930,red_curtains,0,0,836,744,37,55
574527,surcoat,0,1157,835,755,38,42
1411084,pravda_military_uniform,0,953,835,743,46,46
406050,rough_sex,0,2520,834,757,41,36
525804,self_hug,0,1078,834,760,38,36
2068712,hugging_book,0,1043,834,755,40,39
1505371,star_guardian_(league_of_legends),0,975,834,756,43,35
284608,tea_set,0,1067,833,757,48,28
1950169,sparse_stubble,0,1379,832,746,43,43
1436508,penis_on_ass,0,1288,832,734,62,36
1470771,planet_hair_ornament,0,1107,832,759,36,37
1424513,striped_coat,0,1075,832,765,31,36
1822470,wataboushi,0,962,832,753,36,43
424519,racecar,0,1539,831,749,48,34
330762,dirt,0,1379,831,726,50,55
1247324,implied_fingering,0,1340,831,758,32,41
11323,apartment,0,1531,830,736,46,48
699573,energy_cannon,0,1256,830,749,31,50
1417085,double_horizontal_stripe,0,1184,830,740,39,51
1429573,bow_skirt,0,1493,829,738,50,41
1441554,red_sports_bra,0,1275,829,738,33,58
547795,breaking,0,1239,829,742,51,36
589932,negative_space,0,1198,829,763,34,32
1552959,genderswap_(otf),0,1751,828,745,44,39
1622944,chaldea_logo,0,1563,828,722,51,55
1595590,pectoral_focus,0,1153,828,762,39,27
664177,holding_footwear,0,0,828,736,61,31
1351869,mesugaki,0,2421,827,748,46,33
620832,hollow_eyes,0,1332,827,750,36,41
562074,plaid_ribbon,0,1108,827,754,44,29
1620077,holding_fireworks,0,2633,826,743,47,36
486063,gauze,0,2541,826,743,36,47
46843,shaking,0,1813,826,734,42,50
686745,spiked_hairband,0,1578,826,743,46,37
503766,half-skirt,0,1354,826,750,39,37
537237,coat_dress,0,1291,826,743,43,40
14645,marshmallow,0,1245,826,725,52,49
420937,stopwatch,0,1118,826,717,51,58
626440,season_connection,0,980,826,735,50,41
647761,hanging_plant,0,1564,825,744,47,34
9541,punk,0,1499,825,750,37,38
1310659,hands_on_another's_thighs,0,1538,824,722,54,48
1228145,holding_swimsuit,0,1168,824,736,52,36
1303976,print_sarong,0,930,824,742,46,36
412400,coif,0,2619,823,752,25,46
1410975,blue_camisole,0,1508,823,751,37,35
1489407,martial_arts_belt,0,1412,823,730,52,41
1513569,spaceship_hair_ornament,0,2021,822,725,52,45
1754190,onii-shota,0,1404,822,768,29,25
565438,vertical-striped_socks,0,1251,822,756,32,34
396015,gunblade,0,1157,822,735,45,42
675084,holding_toy,0,1360,821,740,36,45
622480,food_art,0,1285,821,745,31,45
2060129,nissin_cup_noodle,0,1240,821,725,45,51
500191,rabbit_costume,0,1115,821,734,54,33
1377986,riyo_(lyomsnpmp)_(style),0,978,821,740,40,41
1631697,alternate_pectoral_size,0,938,821,724,43,54
687873,...?,0,1279,820,735,41,44
6352,elephant,0,1121,820,743,31,46
1374880,bralines,0,899,820,750,32,38
398573,cartridge,0,845,820,752,26,42
1257023,dog_penis,0,1294,819,740,38,41
809507,eye_black,0,884,819,732,33,54
469328,sticky_note,0,1359,818,762,27,29
447315,glock,0,1352,818,746,32,40
663613,anal_fluid,0,1340,818,743,32,43
467235,license_plate,0,1300,818,756,36,26
396000,bowler_hat,0,1290,818,765,25,28
1360272,hooded_vest,0,1289,818,728,43,47
524684,food_on_breasts,0,1240,818,726,56,36
679905,panicking,0,1488,817,741,37,39
640297,pump_action,0,1388,817,739,35,43
4374,meta,0,1144,817,736,38,43
1881200,ashford_academy_school_uniform,0,1107,817,726,41,50
1456704,holding_mop,0,1407,816,741,32,43
3513,goat,0,1381,815,748,32,35
1425321,hogwarts_school_uniform,0,1335,815,737,46,32
1314901,holly_hair_ornament,0,1137,815,745,45,25
603240,vertical-striped_panties,0,945,815,724,39,52
524807,unfastened,0,905,815,726,41,48
478554,contrast,0,1151,814,722,58,34
803618,k-pop,0,2281,813,741,38,34
683512,grey_suit,0,1551,813,744,45,24
1528677,holding_test_tube,0,1340,813,728,37,48
1898819,virgin_destroyer_sweater,0,1306,813,733,42,38
1309232,wallpaper_(object),0,1206,813,728,45,40
1327283,cracked_floor,0,1197,813,723,43,47
7461,lizard,0,1366,812,721,50,41
434881,baby_bottle,0,1202,812,730,36,46
458787,testicle_grab,0,1145,812,718,53,41
719023,implied_kiss,0,1261,811,720,47,44
648669,lowleg_skirt,0,1024,811,736,28,47
630151,bikini_shorts,0,1003,811,720,46,45
423144,toggles,0,995,811,726,55,30
509088,penis_in_panties,0,975,811,739,34,38
385480,buruma_aside,0,1071,810,746,40,24
1686123,black_armband,0,2291,809,712,36,61
1397005,fur-trimmed_shirt,0,1488,809,742,30,37
620901,ice_cream_float,0,1390,809,736,47,26
711922,crocodilian,0,1304,809,742,31,36
605322,checkered_shirt,0,1183,809,745,33,31
1411077,chi-hatan_military_uniform,0,949,809,707,47,55
1347574,mole_on_body,0,793,809,720,49,40
687072,dark_areolae,0,1741,808,726,37,45
450248,sickle,0,1116,808,728,40,40
480563,fast_food,0,2136,807,719,38,50
1128476,runny_makeup,0,1868,807,700,43,64
1098977,glass_bottle,0,1596,807,730,36,41
726335,vertical-striped_pants,0,1595,807,743,31,33
790375,licking_foot,0,1338,807,723,50,34
411775,clothesline,0,1134,807,731,40,36
876691,cum_in_container,0,1328,806,738,32,36
410219,scylla,0,1131,806,728,29,49
1449427,brown_mittens,0,1086,806,720,31,55
378206,joystick,0,1018,806,726,39,41
1797951,high-low_skirt,0,568,806,717,43,46
15902,jetpack,0,1161,805,720,41,44
543243,chrysanthemum,0,1152,805,729,38,38
1404577,grey_apron,0,1145,805,730,40,35
1813349,fishnet_socks,0,1439,804,735,37,32
622988,swiss_roll,0,1373,804,719,40,45
287045,hanami,0,985,804,713,48,43
2013820,mole_under_each_eye,0,3316,803,736,32,35
384589,lyre,0,1513,803,725,43,35
1392477,jiangshi_costume,0,1486,803,731,39,33
439167,urethral_insertion,0,1260,803,716,61,26
2730,massage,0,1195,803,704,46,53
524801,hakurei_shrine,0,992,803,718,51,34
437278,masu,0,936,801,719,39,43
1325782,skull_ornament,0,1586,800,723,36,41
400691,tag,0,1344,800,726,33,41
5466,mummy,0,1191,800,710,42,48
1672268,qingxin_flower,0,890,800,737,28,35
472859,roots,0,0,800,720,36,44
1693508,cut_bangs,0,1473,799,700,38,61
6527,cart,0,1096,798,719,46,33
1426117,precum_drip,0,1501,797,721,42,34
1733214,wing_brooch,0,1432,797,727,39,31
395993,energy_beam,0,1404,797,729,38,30
1297213,mismatched_sclera,0,1400,797,712,41,44
381749,tamagoyaki,0,1117,797,737,29,31
532082,knight_(chess),0,957,797,718,27,52
590861,black_sky,0,1545,796,723,32,41
1444212,black_bandeau,0,1515,796,733,23,40
4410,dragonfly,0,1102,796,711,36,49
1471254,flower_choker,0,1712,795,708,37,50
1354471,on_railing,0,1317,795,699,35,61
423622,pelt,0,1209,795,712,32,51
1524014,lightning_bolt_print,0,1167,795,710,44,41
714513,menu_board,0,1115,794,718,47,29
565798,crazy_straw,0,1031,794,721,31,42
1318429,pendant_watch,0,891,794,720,35,39
1680143,pegasus_knight_uniform_(fire_emblem),0,667,794,723,31,40
574109,missing_limb,0,1216,793,731,23,39
1382389,vertical-striped_kimono,0,1116,793,724,46,23
168769,band_uniform,0,1050,793,695,50,48
1467612,holding_microphone_stand,0,1479,792,709,49,34
596238,bird_print,0,1413,792,708,45,39
1345302,holding_heart,0,1282,792,702,44,46
522258,otter,0,1121,792,698,59,35
445034,huge_testicles,0,1792,791,722,37,32
11347,army,0,1251,791,711,41,39
516577,groom,0,1232,791,700,49,42
563949,french_flag,0,1112,791,700,39,52
1792030,hexagon_print,0,1090,791,708,34,49
214260,keep_out,0,1063,791,699,44,48
495149,throwing_knife,0,1019,791,701,48,42
822043,mundane_utility,0,953,791,702,47,42
9429,merchandise,0,1330,790,720,42,28
1964717,holding_with_feet,0,1189,790,715,31,44
1407354,brown_neckerchief,0,1121,790,707,43,40
1501050,diagonal-striped_bowtie,0,2118,789,714,43,32
772467,bear_boy,0,2071,789,704,46,39
11665,seatbelt,0,1202,789,729,30,30
630404,pumpkin_hat,0,991,789,698,43,48
382343,adjusting_panties,0,986,789,708,42,39
416380,gokkun,0,1292,788,723,29,36
14528,bathrobe,0,1160,788,715,23,50
384700,dock,0,1100,788,708,40,40
682665,super_soaker,0,928,788,696,52,40
557830,hand_on_glass,0,1495,787,710,38,39
1266323,mutual_hug,0,1399,787,702,45,40
381761,cola,0,1115,787,713,37,37
383898,bullying,0,1090,787,706,49,32
5302,elvaan,0,1024,787,707,55,25
582988,colored_text,0,0,787,703,47,37
1943,ad,0,1494,786,708,46,32
3742,ferret,0,1180,786,736,27,23
1457794,weapon_case,0,1071,786,714,31,41
381685,pig_ears,0,1067,786,684,47,55
1688136,saliva_drip,0,1855,785,708,24,53
421692,game_boy,0,1244,785,713,26,46
518151,anemone_(flower),0,1216,785,715,36,34
1750923,hexagon_hair_ornament,0,960,785,715,32,38
1393397,orange_goggles,0,874,785,694,45,46
679802,pocky_in_mouth,0,1889,784,705,35,44
449709,uneven_twintails,0,1286,784,713,38,33
1603815,food_bite,0,1267,784,722,30,32
384615,infirmary,0,1215,784,717,33,34
1260902,folded_hair,0,1090,784,698,43,43
1468128,training_corps_(emblem),0,865,784,715,32,37
1318703,lace-trimmed_choker,0,1737,783,695,40,48
1629215,black_male_swimwear,0,1225,783,700,40,43
666041,multiple_torii,0,1154,783,711,31,41
560280,vignetting,0,1631,782,709,33,40
1421495,purple_collar,0,1628,782,702,39,41
1350631,grey_bowtie,0,1422,782,693,45,44
724440,magical_boy,0,1106,782,707,37,38
1389883,red_cardigan,0,1445,781,721,35,25
1399875,aqua_kimono,0,1425,781,671,55,55
529773,orange_jumpsuit,0,1270,781,713,26,42
658222,stuffed_penguin,0,1103,781,707,35,39
3438,japan,0,1038,780,712,41,27
1848853,miku_day,0,1586,779,693,47,39
1634686,cigarette_pack,0,1161,779,702,38,39
395496,cloth,0,940,779,699,44,36
517400,blue_hood,0,1504,778,709,34,35
1571250,shiny_and_normal,0,1495,778,700,26,52
1394772,holding_chain,0,1355,778,695,43,40
602163,webbed_hands,0,1117,778,717,29,32
375353,soviet,0,1113,778,660,50,68
618151,pink_sash,0,1501,777,714,28,35
1345444,holding_coin,0,1444,777,699,38,40
564894,united_states,0,1165,777,717,24,36
1844433,tweaking_own_nipple,0,1121,777,706,37,34
1512493,blue_tabard,0,2111,776,707,32,37
584875,pizza_box,0,1240,776,703,29,44
1268234,alternate_hair_ornament,0,1157,776,697,39,40
433244,first_aid_kit,0,1149,776,693,36,47
1459749,pelvic_curtain_lift,0,1137,776,680,58,38
3927,gao,0,1041,776,690,47,39
468109,tengu_mask,0,911,776,710,36,30
419685,invisible_man,0,1130,775,705,38,32
467444,kerchief,0,633,775,693,49,33
618480,sitting_on_shoulder,0,1144,774,701,38,35
394721,varia_suit,0,1082,774,689,42,43
579524,toe_cleavage,0,1054,774,706,46,22
1363719,cum_on_eyewear,0,1017,774,696,37,41
1353604,walking_on_liquid,0,991,774,698,41,35
1426179,luna_nova_school_uniform,0,959,774,690,44,40
1428380,blood_on_leg,0,1404,773,709,19,45
551767,pastry_bag,0,1106,773,684,38,51
1866251,roasted_sweet_potato,0,1092,773,686,46,41
501282,lipgloss,0,1085,773,704,37,32
12456,dvd_cover,0,1173,771,705,30,36
492292,behind-the-head_headphones,0,1164,771,697,34,40
414987,exercise_ball,0,1118,771,695,46,30
1240511,standard_bearer,0,924,771,685,38,48
1493682,holding_drumsticks,0,1889,770,701,41,28
1281553,german_flag_bikini,0,857,770,697,35,38
1397511,dorsiflexion,0,1535,769,695,32,42
496893,checkered_dress,0,1022,769,699,30,40
381159,crotch_grab,0,1020,769,701,34,34
1076064,covering_one_breast,0,1013,769,697,34,38
727812,loaded_interior,0,1763,768,689,36,43
1282902,solid_circle_pupils,0,1417,768,681,35,52
1325214,seal_(animal),0,1222,768,689,38,41
449449,beretta_92,0,1219,768,692,38,38
198450,raccoon,0,1173,768,687,52,29
451855,studded_collar,0,1019,768,691,45,32
651505,animal_on_hand,0,997,768,691,36,41
1273445,miracle_mallet,0,854,768,709,33,26
1605930,stitched_arm,0,1293,767,694,34,39
5102,wizard,0,1199,767,688,37,42
527885,christmas_stocking,0,1138,767,691,36,40
663412,holding_own_foot,0,924,767,686,42,39
1989817,ornate_border,0,2232,766,713,21,32
82088,sewing,0,1057,766,689,36,41
109159,nyan,0,1048,766,692,36,38
485574,cuff_links,0,1035,766,699,27,40
677819,testicle_sucking,0,1350,765,709,29,27
1457241,index_fingers_raised,0,1337,765,686,36,43
392841,nipple_pull,0,1225,765,687,35,43
652663,cat_on_shoulder,0,1179,765,693,31,41
563545,braiding_hair,0,1134,765,678,33,54
2006773,unworn_necktie,0,1059,764,688,37,39
647108,flying_teardrops,0,966,764,684,47,33
460224,rubber_gloves,0,1310,763,686,37,40
390727,jester,0,1521,762,690,30,42
529223,cellphone_charm,0,1194,762,682,35,45
702627,ass-to-ass,0,1147,762,693,42,27
528408,soft_serve,0,1055,762,688,39,35
391741,fingersmile,0,975,762,683,40,39
1008938,clothes_theft,0,899,762,692,34,36
1502192,holding_suitcase,0,1632,761,697,26,38
590466,horseshoe,0,1124,761,682,38,41
14936,bee,0,1228,760,683,38,39
446984,gun_to_head,0,1213,760,689,36,35
1257082,clock_eyes,0,1060,760,696,35,29
1289376,bishamonten's_spear,0,846,760,682,34,44
5364,ganguro,0,1122,759,676,32,51
1136370,sextuplets,0,907,759,664,54,41
1273779,elbow_sleeve,0,581,759,682,39,38
570253,flower_in_mouth,0,1251,758,689,36,33
600400,tri_braids,0,981,758,693,39,26
576440,naked_cloak,0,959,758,693,36,29
480256,one-piece_thong,0,956,758,689,35,34
1355912,holding_another's_leg,0,1692,757,653,57,47
1493300,orange_headband,0,1080,757,680,46,31
654961,shippou_(pattern),0,920,757,693,35,29
539894,bamboo_shoot,0,904,757,668,35,54
1427240,shirt_overhang,0,1245,756,681,41,34
10079,double_dildo,0,1181,756,676,37,43
709609,wrong_foot,0,906,755,696,30,29
510173,easter,0,1248,754,657,46,51
551086,protecting,0,1101,754,675,33,46
1428530,animal_ear_hairband,0,8692,753,688,31,34
1375562,red_robe,0,1829,753,676,35,42
413068,sequential,0,1451,753,674,43,36
519920,cum_inflation,0,1288,753,680,41,32
487630,eye_reflection,0,1187,753,684,42,27
663228,implied_masturbation,0,1063,753,690,34,29
645682,heart-shaped_eyes,0,1205,752,681,38,33
524545,box_art,0,1077,752,672,45,35
1665648,kanba_girls_high_school_uniform,0,1070,752,680,36,36
647474,stuffed_dog,0,1047,752,674,33,45
1068870,panda_hood,0,950,752,679,31,42
1492153,green_horns,0,1633,751,680,35,36
1310301,kuji-in,0,1426,751,684,30,37
381166,mannequin,0,1300,751,677,33,41
1979011,antique_phone,0,1254,751,670,47,34
687850,holding_shirt,0,1173,751,677,39,35
1867868,motosu_school_uniform,0,889,751,656,37,58
1594642,holomyth,0,1086,750,676,26,48
1359855,frilled_umbrella,0,1081,750,662,40,48
1322934,gesugao,0,926,750,669,43,38
491818,muzzle_flash,0,1155,749,671,39,39
634694,shrugging,0,1048,749,654,42,53
1352247,variable_fighter,0,930,749,667,28,54
465272,kyuudou,0,848,749,686,25,38
1316683,carrying_bag,0,499,749,664,42,43
657534,spoken_food,0,1306,748,672,36,40
1462661,star-shaped_eyewear,0,1220,748,669,33,46
1455458,brown_flower,0,987,748,683,35,30
505038,duel_disk,0,1350,746,668,36,42
391985,ashtray,0,1091,746,666,40,40
1286244,rei_no_pool,0,917,746,672,34,40
1453787,golden_arms,0,833,746,656,35,55
1779993,pink_gemstone,0,1891,745,658,34,53
1659960,holed_coin,0,1629,745,667,37,41
440147,crawling,0,1181,745,667,43,35
529041,hand_wraps,0,1155,745,674,34,37
1443312,yellow_camisole,0,1111,745,681,25,39
387570,measuring,0,1021,745,656,41,48
1588824,lifebuoy_ornament,0,858,745,678,28,39
1398336,year_of_the_dog,0,801,745,656,30,59
1389143,brown_serafuku,0,674,745,671,45,29
5402,crowbar,0,1304,744,669,30,45
409724,converse,0,1162,744,677,30,37
3499,kappa,0,896,744,668,39,37
1597540,two-sided_coat,0,2424,743,665,39,39
1539334,black_scales,0,1548,743,685,30,28
624878,red_suit,0,1302,743,667,36,40
679600,censored_text,0,1187,743,661,43,39
623951,lying_on_lap,0,1288,742,664,40,38
610947,self-harm,0,1268,742,666,33,43
5099,pegasus,0,1105,742,664,19,59
1661800,used_condom_on_penis,0,1101,742,646,49,47
427948,tying,0,946,742,666,43,33
695792,chained_wrists,0,1157,741,663,45,33
541741,strapless_bottom,0,914,741,666,35,40
1985698,vehicle_and_personification,0,883,741,696,21,24
1398335,year_of_the_pig,0,802,741,668,42,31
536594,determined,0,1841,740,666,37,37
1289575,<|>_<|>,0,1568,740,653,41,46
1293824,portal_(object),0,1297,740,661,44,35
677066,finger_to_another's_mouth,0,1218,740,671,41,28
2006776,unworn_shorts,0,1030,740,666,33,41
1349482,igote,0,891,740,665,47,28
657138,cat_mask,0,1107,739,658,48,33
730531,chuunibyou,0,990,739,648,43,48
1306995,panties_under_shorts,0,973,739,659,42,38
1411059,saunders_school_uniform,0,882,739,683,38,18
1448672,tsab_ground_military_uniform,0,856,739,669,41,29
573016,hands_on_shoulders,0,817,739,683,23,33
579036,ace_of_spades,0,1302,738,660,39,39
1980771,gag_harness,0,1300,738,679,29,30
624228,sky_print,0,915,738,673,32,33
510345,incoming_hug,0,1120,737,657,44,36
1353724,holding_cake,0,1436,736,655,40,41
1205916,white_stripes,0,1281,736,662,39,35
549186,animal_head,0,1137,736,654,51,31
401696,hook,0,985,736,664,35,37
1375854,dream_soul,0,825,736,673,30,33
635050,pointing_forward,0,1295,735,649,45,41
1886042,shimokitazawa_high_school_uniform,0,1266,735,654,37,44
375625,model_kit,0,1013,735,666,29,40
1607566,red_male_underwear,0,985,735,661,41,33
707905,object_on_breast,0,937,735,663,41,31
1556706,holding_creature,0,1635,734,661,33,40
15930,ring_gag,0,1171,734,663,33,38
4209,cauldron,0,1112,734,661,41,32
1536591,low-cut_armhole,0,1009,734,651,37,46
631824,canned_coffee,0,981,734,659,36,39
1473363,purple_butterfly,0,1808,733,646,37,50
500518,clothes_pin,0,955,733,669,36,28
1378265,z-ring,0,928,733,666,31,36
1520977,print_mug,0,810,733,681,28,24
409759,cleave_gag,0,1300,732,635,44,53
1577183,penis_to_breast,0,995,732,662,36,34
1491455,stiletto_(weapon),0,980,732,666,42,24
563180,nintendo_3ds,0,948,732,650,40,42
11125,asian,0,2248,731,660,38,33
484125,deer_tail,0,1180,731,660,46,25
671147,licking_ear,0,1158,731,656,38,37
172018,nail_bat,0,1148,731,675,24,32
466947,volleyball_net,0,1041,731,647,44,40
1249968,little_red_riding_hood_(grimm)_(cosplay),0,1038,731,653,44,34
449872,walther,0,1004,731,655,38,38
523961,hair_between_breasts,0,931,731,664,32,35
978006,front_slit,0,2440,730,651,33,46
1333746,riding_bicycle,0,1385,730,657,39,34
1401251,leotard_peek,0,1184,730,646,40,44
523331,micro_bra,0,984,730,648,43,39
504867,digital_dissolve,0,948,730,650,39,41
529805,shamoji,0,880,730,669,34,27
1411110,keizoku_school_uniform,0,843,730,645,50,35
710493,firelock,0,1015,729,648,39,42
397042,temple,0,1007,729,636,49,44
1309364,single_head_wing,0,996,729,683,10,36
1467808,4others,0,1323,728,662,28,38
609535,witch_(madoka_magica),0,1227,728,670,29,29
650140,clothed_male_nude_male,0,1116,728,645,31,52
401123,casino,0,1114,728,666,27,35
1282703,stained_clothes,0,1069,728,660,34,34
586735,carapace,0,1013,728,650,39,39
1687002,male_underwear_peek,0,998,728,651,36,41
452918,long_nose,0,1508,727,655,39,33
483695,carton,0,983,727,672,22,33
685854,fur_cuffs,0,957,727,674,24,29
374958,cyrillic,0,916,727,647,34,46
624464,crt,0,1632,726,654,48,24
1375534,aqua_leotard,0,1164,726,651,26,49
413725,crotch_zipper,0,1138,726,672,26,28
442513,laundry_basket,0,1035,726,656,34,36
2069331,mizu_happi,0,942,726,670,25,31
1610073,toilet_stall,0,1209,725,652,34,39
2081,hospital,0,1174,725,627,50,48
1826632,right-over-left_kimono,0,829,725,639,52,34
383875,restroom,0,0,725,662,29,34
4219,henshin,0,1653,724,659,45,20
1019493,reptile_girl,0,1317,724,654,33,37
32011,broccoli,0,1080,724,651,42,31
410638,huge_dildo,0,1073,723,639,47,37
1441197,red_bandeau,0,1070,723,660,29,34
695217,frog_girl,0,920,723,658,34,31
378288,blob,0,882,723,655,28,40
1257074,hand_on_floor,0,1286,722,650,40,32
389594,folder,0,1195,722,661,35,26
792029,glory_wall,0,1194,722,641,38,43
1372678,tumblr_username,0,1697,721,644,43,34
1650790,cable_tail,0,1590,721,665,31,25
1361745,holding_fish,0,1247,721,641,43,37
411331,long_toenails,0,963,721,642,48,31
12070,battleship,0,956,721,648,38,35
730919,lolidom,0,934,721,657,24,40
664057,neck_garter,0,831,721,636,50,35
1299315,spoiler_(automobile),0,1618,720,666,23,31
471586,breast_milk,0,1560,720,644,39,37
684237,arm_around_back,0,1240,720,663,31,26
636503,greek_toe,0,1117,720,661,34,25
1728479,kousaka_kirino's_school_uniform,0,1015,720,644,32,44
1509633,frilled_headwear,0,2015,719,638,43,38
1307462,maple_leaf_print,0,1088,719,647,29,43
1408010,pom_pom_earrings,0,1087,719,642,39,38
1859006,white_halo,0,3157,718,637,35,46
1440622,green_headband,0,1739,718,655,29,34
434547,oonusa,0,777,718,637,44,37
469065,fist_bump,0,1072,717,656,30,31
649072,grimoire_of_alice,0,864,717,654,35,28
712509,glass_shards,0,1330,716,645,38,33
1257988,holding_photo,0,1227,716,635,39,42
1174087,camisole_lift,0,1087,716,645,29,42
2006771,unworn_jewelry,0,1001,716,648,38,30
1248465,knives_between_fingers,0,979,716,634,37,45
386212,diving,0,955,716,649,31,36
1505135,italian_text,0,924,716,642,33,41
1861772,crisis_management_form_(machimazo),0,0,716,640,30,46
1518947,simulated_fellatio,0,1233,715,642,36,37
1248516,dilation_tape,0,1107,715,634,30,51
9215,mutual_masturbation,0,1057,715,651,32,32
1256544,removing_jacket,0,1037,715,652,34,29
1820626,half-erect,0,984,715,632,49,34
450236,bipod,0,883,715,653,25,37
1255173,shoujo_kitou-chuu,0,777,715,646,32,37
1499342,cross-laced_top,0,1717,714,625,47,42
1253317,holding_briefcase,0,1280,714,646,28,40
554948,flying_fish,0,1223,714,639,45,30
672191,jacket_lift,0,1086,714,649,38,27
454988,glitter,0,1042,714,643,35,36
1330123,paralyzer,0,879,714,627,48,39
1835975,projectile_lactation,0,2319,713,644,35,34
1333942,exposed_pocket,0,1526,713,618,35,60
506659,tribal_tattoo,0,1318,713,622,48,43
1258228,hanging_light,0,1193,713,649,31,33
381467,credits,0,1182,713,655,22,36
420279,sock_pull,0,817,713,636,38,39
1485633,leopard_girl,0,689,713,653,34,26
1083062,gold_coin,0,1471,712,638,42,32
716702,checkered_bow,0,1009,712,632,41,39
652093,white_sky,0,1350,711,646,40,25
535094,makeup_brush,0,1151,711,647,33,31
693711,floating_rock,0,952,711,637,39,35
524281,belt_skirt,0,835,711,634,43,34
1617036,pokemon_move,0,1214,710,660,20,30
73004,materia,0,1140,710,625,37,48
499383,scratching_head,0,1059,710,647,37,26
413830,wakamezake,0,867,710,626,40,44
638337,multicolored_stripes,0,757,710,632,39,39
1886895,prototype_design,0,1512,709,627,37,45
1453844,arm_on_knee,0,1505,709,635,28,46
1466153,brown_sash,0,1287,709,649,27,33
589491,gradient_wings,0,1226,709,622,50,37
681606,dotted_background,0,1154,709,629,49,31
6477,prank,0,1079,709,647,30,32
472496,raspberry,0,998,709,644,38,27
1039471,prostration,0,987,709,638,32,39
1373317,paizuri_invitation,0,855,709,648,21,40
721754,single_garter_strap,0,1671,708,642,38,28
417068,heart_(organ),0,1451,708,626,39,43
1372610,koishi_day,0,1144,708,638,46,24
12520,suicide,0,1036,708,626,40,42
687895,exploding_clothes,0,920,708,641,29,38
1253133,spade_hair_ornament,0,915,708,661,24,23
2685,kickboard,0,853,708,641,36,31
1271840,throat_microphone,0,801,708,631,43,34
1681025,emotionless_sex,0,1154,707,645,25,37
1820720,weasel_girl,0,1140,707,643,42,22
1298988,smartphone_case,0,997,707,629,38,40
660220,ski_goggles,0,993,707,657,27,23
486022,vacuum_cleaner,0,975,707,629,35,43
403,chikan,0,945,707,633,25,49
441528,canteen,0,898,707,625,41,41
443238,wardrobe_error,0,788,707,608,47,52
535183,beer_bottle,0,1117,706,624,39,43
620731,combat_knife,0,1012,706,643,35,28
1692877,fruit_hat_ornament,0,979,706,643,38,25
412041,biwa_lute,0,805,706,636,35,35
1384372,aqua_hairband,0,1352,705,628,40,37
485599,silver_dress,0,1013,704,638,31,35
449113,rust,0,986,704,638,39,27
558756,taut_swimsuit,0,926,704,636,40,28
1332216,propeller_hair_ornament,0,809,704,624,40,40
534500,fish_bone,0,0,704,625,32,47
439969,sprinkles,0,1228,703,633,33,37
1627128,caliburn_(fate),0,1157,703,640,38,25
2292,magician,0,954,703,604,41,58
1497921,backless_swimsuit,0,906,703,633,38,32
1419277,kariyushi_shirt,0,887,703,625,30,48
1287696,yumi_(bow),0,832,703,642,30,31
570545,headlight,0,0,703,662,18,23
690043,hand_on_table,0,1385,702,620,47,35
593770,fried_chicken,0,1209,702,642,24,36
446480,broken_sword,0,947,702,643,31,28
1184023,ligne_claire,0,800,702,648,28,26
761631,layered_kimono,0,3260,701,621,43,37
1842576,curly_eyebrows,0,3061,701,638,33,30
1445402,white_bandeau,0,1284,701,638,24,39
473987,tooth,0,915,701,631,38,32
383871,chocolate_making,0,897,701,631,36,34
1291060,rabbit_on_head,0,832,701,617,37,47
1327659,striped_vest,0,1205,700,636,29,35
568063,cobblestone,0,1121,700,640,28,32
720295,weasel_tail,0,1114,700,645,34,21
407968,lime_(fruit),0,1103,700,634,30,36
1350902,starfish_hair_ornament,0,1055,700,632,23,45
415865,broken_armor,0,979,700,623,43,34
419800,compass,0,945,700,628,37,35
498585,cute_&_girly_(idolmaster),0,984,699,627,41,31
394916,2008,0,887,699,631,34,34
14457,wet_skirt,0,855,699,622,40,37
1475712,haneoka_school_uniform,0,3613,698,627,38,33
1255360,hand_on_own_forehead,0,1864,698,626,29,43
1500711,facing_up,0,1308,698,627,33,38
411754,armpit_sex,0,1015,698,632,33,33
513340,glowing_hand,0,962,698,635,31,32
1886232,on_scooter,0,921,698,634,27,37
406419,bust_cup,0,906,698,622,37,39
1515529,shindan_maker,0,754,698,627,41,30
1617321,red_trim,0,4155,697,617,38,42
1442899,green_cardigan,0,1264,697,617,38,42
1363051,bandaid_on_neck,0,1064,697,615,45,37
1236817,bear_hood,0,1024,697,620,36,41
1442516,paw_print_pattern,0,992,697,624,47,26
1553479,penis_over_eyes,0,1247,696,634,32,30
1443338,holding_shovel,0,1210,696,636,27,33
688374,holding_cross,0,1191,696,638,25,33
1409407,pubic_stubble,0,1179,696,617,46,33
1498394,child_carry,0,1178,696,635,36,25
424847,croissant,0,1121,696,638,32,26
242084,trophy,0,1116,696,634,27,35
542165,runny_nose,0,969,696,629,30,37
14272,village,0,937,696,635,28,33
4854,cast,0,910,696,636,29,31
558276,temari_ball,0,808,696,638,24,34
498240,red_nose,0,1325,695,627,38,30
12948,storm,0,1182,695,639,22,34
377162,prison,0,975,695,645,30,20
1304453,covered_clitoris,0,959,695,627,33,35
571429,fiery_wings,0,951,695,627,36,32
581992,coffee_pot,0,953,694,622,36,36
1319606,twintails_day,0,813,694,606,53,35
505385,through_screen,0,1102,693,623,30,40
1978861,2b_(nier:automata)_(cosplay),0,951,693,624,36,33
1380972,holding_scroll,0,1348,692,628,29,35
475330,hunched_over,0,1214,692,622,37,33
416849,merman,0,1184,692,635,25,32
466940,fitting_room,0,1023,692,604,37,51
666749,sitting_sideways,0,910,692,621,47,24
1363286,light_brown_background,0,0,692,622,38,32
1391180,o-ring_belt,0,1700,691,644,24,23
556589,safety_glasses,0,960,691,625,27,39
467468,congratulations,0,916,691,618,43,30
1551950,rhine_lab_logo,0,838,691,621,34,36
420479,no_feet,0,3625,690,629,34,27
1472418,multiple_hairpins,0,2207,690,610,33,47
616149,blue_suit,0,1377,690,619,33,38
1449244,holding_pole,0,1169,690,626,33,31
514658,holding_bra,0,992,690,626,33,31
567557,chili_pepper,0,954,690,599,52,39
4947,groceries,0,880,690,622,31,37
1077069,object_head,0,1740,689,641,21,27
521072,cupboard,0,938,689,588,42,59
1303619,pawn_(chess),0,894,689,613,35,41
1508844,sainan_high_school_uniform,0,879,689,613,33,43
1016087,plate_carrier,0,0,689,610,35,44
376272,whiteboard,0,1198,688,619,38,31
433346,horn_grab,0,1021,688,623,34,31
392118,cork,0,937,688,612,31,45
75230,orca,0,906,688,612,38,38
870284,giant_male,0,898,688,595,52,41
490599,lane_line,0,896,688,617,40,31
1386018,ooarai_(emblem),0,781,688,613,39,36
1778351,yellow_gemstone,0,1270,687,630,33,24
656172,hands_on_another's_chest,0,1105,687,613,40,34
394091,medieval,0,1080,687,610,43,34
120908,chess,0,1015,687,618,31,38
10389,drugged,0,1015,687,618,36,33
437505,entangled,0,962,687,620,34,33
564940,paint_can,0,917,687,631,31,25
1690512,black_tube_top,0,2071,686,627,26,33
1232037,hakama_shorts,0,2027,686,614,38,34
1477135,clawed_gauntlets,0,1596,686,601,42,43
433154,cargo_pants,0,1372,686,607,43,36
493573,handprint,0,1334,686,628,28,30
388326,swastika,0,1013,686,606,34,46
485720,policeman,0,1183,685,626,40,19
651680,stuffed_panda,0,939,685,610,41,34
399624,flippers,0,921,685,596,47,42
484041,wind_turbine,0,884,685,616,34,35
663609,sweater_pull,0,827,685,627,27,31
1406789,otter_tail,0,816,685,600,45,40
461556,bloodshot_eyes,0,1211,684,615,28,41
686939,wide_oval_eyes,0,1036,684,589,30,65
668796,meteor_shower,0,997,684,604,40,40
412638,ticket,0,1217,683,619,31,33
595034,head_on_head,0,1130,683,620,40,23
369589,honda,0,1076,683,630,22,31
470329,musket,0,856,683,616,38,29
1463447,studded_choker,0,1288,682,596,34,52
1348685,fake_magazine_cover,0,1129,682,614,39,29
550212,torn_wings,0,1106,682,624,40,18
696037,bulging_eyes,0,1051,682,609,33,40
1300994,taut_leotard,0,1002,682,602,45,35
1557609,smelling_clothes,0,1000,682,617,39,26
376295,scouter,0,974,682,609,42,31
575798,wafer_stick,0,952,682,622,24,36
1684976,craft_essence_(fate),0,513,682,622,26,34
2391,square,0,1746,681,599,43,39
395848,kadomatsu,0,840,681,613,32,36
1436739,military_operator,0,812,681,624,21,36
1948768,sparse_chest_hair,0,1771,680,608,32,40
673054,condensation,0,1004,680,616,39,25
634874,o-ring_swimsuit,0,992,680,602,40,38
8079,warrior,0,970,680,607,34,39
1892220,pitcher_(container),0,934,680,620,25,35
1241808,looking_at_hand,0,1181,679,615,24,40
628155,bandaged_fingers,0,1145,679,610,36,33
599713,after_masturbation,0,991,679,614,35,30
441148,marriage_proposal,0,987,679,615,27,37
403748,bolt,0,0,679,608,37,34
9295,jungle,0,1077,678,606,35,37
1428905,holding_surfboard,0,955,678,601,42,35
607516,holding_leg,0,554,678,632,25,21
1395440,lightning_bolt_hair_ornament,0,1159,677,617,31,29
854284,ribbed_thighhighs,0,1121,677,614,33,30
462045,cash_register,0,979,677,611,39,27
1514435,scoop_neck,0,975,677,614,27,36
540641,shoulder_plates,0,942,677,611,37,29
380200,2007,0,917,677,616,32,29
519188,metal_skin,0,1609,676,614,31,31
377984,nipple_chain,0,1067,676,597,48,31
611611,dogeza,0,1030,676,614,24,38
513432,ballpoint_pen_(medium),0,943,676,602,39,35
487943,railroad_crossing,0,915,676,610,38,28
1305544,down_jacket,0,1245,675,608,36,31
378043,shopping_cart,0,1062,675,619,23,33
1891024,frontless_outfit,0,1045,675,605,35,35
464557,eel,0,978,675,610,28,37
513429,watercolor_pencil_(medium),0,776,675,604,33,38
471969,container,0,715,675,618,28,29
1383442,purple_pupils,0,1780,674,612,34,28
484640,fern,0,1161,674,599,41,34
1694223,undone_neck_ribbon,0,993,674,582,47,45
662026,fingering_through_panties,0,929,674,622,22,30
474812,finger_sucking,0,885,674,605,28,41
474159,coin_purse,0,862,674,610,35,29
519170,yellow_pantyhose,0,1526,673,611,26,36
10748,elevator,0,1141,673,613,27,33
82386,absolutely_everyone,0,1009,673,596,35,42
1396057,gumroad_username,0,932,673,623,26,24
1468297,sixteenth_note,0,810,673,603,36,34
555919,crystal_wings,0,3293,672,619,27,26
1577915,like_and_retweet,0,1498,672,616,35,21
392002,kono_lolicon_domome,0,1184,672,606,32,34
600484,adjusting_scarf,0,966,672,612,29,31
680577,color_trace,0,936,672,598,46,28
641589,pantyhose_under_swimsuit,0,902,672,604,33,35
549834,person_on_head,0,834,672,598,37,37
1253562,black_hood,0,2238,671,624,22,25
1413219,covering_another's_mouth,0,1308,671,603,35,33
1050723,super_saiyan_4,0,1292,671,620,27,24
10383,cabbage,0,1049,671,613,24,34
715587,against_fourth_wall,0,998,671,609,31,31
524604,fur_jacket,0,1319,670,613,27,30
1143156,multicolored_tail,0,1229,670,614,25,31
9508,carousel,0,1083,670,601,36,33
598911,interior,0,985,670,598,45,27
500376,war_hammer,0,977,670,620,24,26
649309,power_connection,0,941,670,592,37,41
575514,leaf_background,0,865,670,608,23,39
378380,math,0,1173,669,608,27,34
404956,dissolving_clothes,0,876,669,610,26,33
1358328,covering_another's_eyes,0,1176,668,594,37,37
2618,jam,0,1060,668,602,24,42
662846,listening_to_music,0,1005,668,608,25,35
1119350,normal_suit,0,0,668,600,38,30
1127765,black_veil,0,4275,667,594,30,43
1262238,hand_on_ground,0,1790,667,587,38,42
1373241,meka_(overwatch),0,792,667,603,41,23
1621049,scar_on_hand,0,1371,666,607,32,27
895872,paint_on_clothes,0,1111,666,596,38,32
682123,detached_leggings,0,974,666,602,39,25
620196,sky_lantern,0,881,666,595,38,33
1886396,lance_of_longinus_(evangelion),0,863,666,597,26,43
1431177,country_connection,0,826,666,600,30,36
1551407,metamoran_vest,0,1118,665,602,36,27
655036,ankle_bow,0,1057,665,600,36,29
2006775,unworn_goggles,0,855,665,610,21,34
613600,checkered_legwear,0,746,665,614,24,27
1727453,anti-aircraft,0,2,665,614,32,19
460178,curled_up,0,1121,664,599,35,30
701998,overall_skirt,0,1067,664,595,39,30
1396916,layered_shirt,0,1619,663,609,26,28
4740,disguise,0,897,663,602,36,25
1261550,weapon_bag,0,812,663,589,39,35
637897,saury,0,772,663,597,40,26
1484956,sparkle_hair_ornament,0,1079,662,591,22,49
1465145,holding_map,0,1104,661,602,34,25
728040,flat_chest_grab,0,791,661,599,34,28
1564862,originium_arts_(arknights),0,764,661,603,26,32
1347287,green_feathers,0,1285,660,596,34,30
1376938,hat_belt,0,1217,660,594,42,24
622107,dorsal_fin,0,1216,660,594,24,42
608443,green_rose,0,933,660,591,34,35
600430,table_humping,0,927,660,597,31,32
543782,rotary_phone,0,925,660,588,44,28
659578,black_vs_white,0,851,660,590,44,26
1881204,starlight_academy_school_uniform,0,806,660,578,52,30
539984,pointy_hat,0,1114,659,604,28,27
379359,surfing,0,1016,659,593,37,29
1507688,cross-laced_skirt,0,989,659,606,31,22
1765,cello,0,955,659,584,41,34
667047,scratching_cheek,0,951,659,590,36,33
449464,casing_ejection,0,877,659,584,42,33
1881342,shield_on_back,0,1003,658,608,31,19
1294119,suspenders_slip,0,872,658,580,45,33
489413,popsicle_stick,0,823,658,604,37,17
1289258,bokura_wa_ima_no_naka_de,0,704,658,602,28,28
602754,red_wine,0,1290,657,600,25,32
1404688,pink_tank_top,0,1114,657,600,27,30
1448604,armored_leotard,0,1080,657,588,24,45
5756,van,0,1078,657,580,26,51
3327,graduation,0,991,657,577,44,36
575981,bird_on_arm,0,925,657,607,25,25
1835736,yellow_one-piece_swimsuit,0,906,657,586,34,37
1231690,slim_legs,0,855,657,585,41,31
1781486,hat_tassel,0,1229,656,591,36,29
438322,police_car,0,969,656,591,30,35
619775,dollar_sign,0,869,656,594,35,27
580001,print_swimsuit,0,832,656,599,24,33
1660126,implied_extra_ears,0,791,656,611,24,21
718647,holding_necklace,0,1109,655,584,39,32
1254622,torn_coat,0,1046,655,590,33,32
593826,waving_arms,0,969,655,587,27,41
1087554,rash_guard,0,950,655,584,25,46
480630,record,0,1119,654,584,38,32
463211,chessboard,0,1017,654,571,40,43
108850,trash,0,983,654,581,29,44
12722,volcano,0,969,654,590,34,30
528148,ray_gun,0,885,654,599,25,30
1341024,side-tie_shirt,0,874,654,587,33,34
1462248,fruit_cup,0,701,654,597,26,31
457892,dithering,0,1616,653,585,33,35
788488,knife_sheath,0,1186,653,589,31,33
24365,tambourine,0,936,653,593,22,38
490413,rice_paddy,0,923,653,587,36,30
1686763,saint_quartz_(fate),0,812,653,593,31,29
8768,microwave,0,961,652,586,39,27
684345,credits_page,0,910,652,598,21,33
548344,translucent,0,863,652,593,27,32
1406196,blue_outline,0,1359,651,585,32,34
1754051,western_comics_(style),0,1153,651,592,32,27
593089,double_amputee,0,1051,651,576,41,34
492558,orange_bra,0,856,651,579,36,36
191640,ak-47,0,818,651,574,38,39
3628,decapitation,0,1146,650,603,20,27
380384,accident,0,965,650,590,29,31
444126,shoulder_guard,0,912,650,589,26,35
1290437,fur-trimmed_bikini,0,911,650,569,36,45
649168,fruit_on_head,0,861,650,596,21,33
1580148,after_bathing,0,1166,649,575,26,48
932458,bridal_lingerie,0,917,649,576,37,36
574147,thong_aside,0,1071,648,575,42,31
396195,billboard,0,1048,648,564,44,40
663411,holding_another's_foot,0,960,648,580,41,27
2321,phoenix,0,891,648,582,28,38
1890194,grabbing_another's_ear,0,883,648,580,39,29
1397149,hair_over_one_breast,0,834,648,584,33,31
449450,vertical_foregrip,0,832,648,577,36,35
1635490,poke_ball_(legends),0,0,648,591,34,23
655793,police_badge,0,1457,647,591,22,34
6368,calligraphy,0,949,647,571,36,40
375963,bathhouse,0,940,647,561,42,44
1778,urinal,0,925,647,579,37,31
538775,remembering,0,866,647,576,34,37
1453283,amestris_military_uniform,0,807,647,572,40,35
1410867,window_(computing),0,1729,646,583,26,37
1605277,starry_hair,0,1150,646,585,29,32
15371,sauce,0,1092,646,579,35,32
1600924,sweater_tucked_in,0,1152,645,569,30,46
1574667,two-sided_cloak,0,1131,645,569,40,36
1263906,star_wand,0,996,645,587,26,32
1730247,sexual_coaching,0,902,645,565,32,48
472362,intestines,0,1293,644,566,43,35
1448244,holding_toothbrush,0,1139,644,571,37,36
1409727,torn_cloak,0,1010,644,566,35,43
410838,m16,0,900,644,588,33,23
1334027,argyle_cutout,0,728,644,580,34,30
587910,holographic_monitor,0,934,643,582,26,35
11777,monk,0,918,643,596,26,21
501948,wing_ears,0,915,643,580,32,31
401324,chakram,0,851,643,576,40,27
1941540,single_off_shoulder,0,5020,642,585,27,30
1507090,holding_lipstick_tube,0,1313,642,578,29,35
723670,noses_touching,0,1156,642,587,22,33
4079,isometric,0,1116,642,600,23,19
1673135,fat_rolls,0,994,642,577,30,35
1451348,bc_freedom_school_uniform,0,757,642,592,17,33
613159,homu,0,702,642,593,21,28
1682855,hand_focus,0,1905,641,576,30,35
675816,kissing_neck,0,1306,641,583,25,33
1677791,blood_on_bandages,0,1297,641,578,37,26
6284,torture,0,1144,641,586,20,35
660608,forked_tail,0,1090,641,593,28,20
635361,body_switch,0,1019,641,563,45,33
458682,multitasking,0,1008,641,579,25,37
518535,ainu,0,872,641,572,30,39
217022,mechanic,0,858,641,589,16,36
1841287,asymmetrical_sidelocks,0,1904,640,579,37,24
1447277,holding_plectrum,0,1553,640,582,29,29
468335,sadism,0,1231,640,572,38,30
579316,white_pubic_hair,0,1141,640,571,43,26
1347798,facing_down,0,1131,640,572,32,36
470389,out_of_character,0,1050,640,586,34,20
1727451,anti-aircraft_gun,0,817,640,592,30,18
459154,nebula,0,1178,639,571,34,34
1543883,josou_seme,0,986,639,564,40,35
794881,face_in_pillow,0,933,639,581,29,29
496392,depressed,0,930,639,562,35,42
604410,circle_formation,0,871,639,571,28,40
433150,senbei,0,777,639,578,34,27
617715,wrapped_candy,0,1330,638,568,33,37
1345306,holding_mirror,0,1226,638,572,37,29
1241229,butterfly_tattoo,0,1043,638,585,28,25
3184,mg42,0,940,638,577,29,32
1277703,lying_on_water,0,921,638,572,36,30
1289517,mini_witch_hat,0,799,638,592,19,27
597366,panties_over_pantyhose,0,764,638,554,42,42
13444,germany,0,757,638,579,27,32
1495989,bird_boy,0,1557,637,549,44,44
1690099,lop_rabbit_ears,0,1320,637,577,23,37
635630,spoken_expression,0,1208,637,579,27,31
461768,handshake,0,978,637,568,25,44
405424,whip_sword,0,839,637,575,31,31
413217,humping,0,1224,636,588,22,26
1628091,kanshou_&_bakuya_(fate),0,947,636,572,28,36
1370485,crescent_rose,0,733,636,585,23,28
16147,meadow,0,900,635,567,32,36
477740,expression_chart,0,835,635,567,45,23
1305785,front-print_panties,0,762,635,571,31,33
1990022,kin-iro_mosaic_high_school_uniform,0,0,635,576,24,35
2058788,youkai_(youkai_watch),0,2265,634,558,40,36
527713,arm_over_head,0,939,634,582,31,21
419530,rural,0,914,634,566,39,29
1249795,sailor_swimsuit_(idolmaster),0,859,634,564,36,34
1258819,print_scarf,0,834,634,551,46,37
616835,calligraphy_brush_(medium),0,776,634,558,41,35
4322,band,0,0,634,576,29,29
377255,bindi,0,1126,633,570,32,31
717991,monochrome_background,0,1096,633,568,28,37
2006784,unworn_bikini,0,1021,633,567,32,34
1397372,year_of_the_rooster,0,721,633,579,33,21
1537113,bandaid_on_head,0,1037,632,575,29,28
1672630,baton_(weapon),0,1005,632,579,30,23
1386716,handjob_gesture,0,936,632,566,31,35
585336,ankle_garter,0,790,632,564,40,28
497727,height,0,1657,631,572,23,36
1409032,mole_on_arm,0,1200,631,559,32,40
411278,jolly_roger,0,1134,631,568,28,35
533896,surrounded,0,1097,631,572,33,26
390051,invisible,0,993,631,573,27,31
1490269,pink_sports_bra,0,909,631,562,40,29
494712,gingham,0,884,631,580,26,25
1350133,mtu_virus,0,855,631,583,24,24
515924,drum_magazine,0,776,631,567,28,36
1379542,team_skull,0,763,631,582,26,23
1330325,white_wristband,0,0,631,566,34,31
590918,red_carpet,0,1002,630,561,35,34
585662,coconut_tree,0,926,630,572,32,26
619345,digital_clock,0,889,630,567,34,29
419818,fading,0,872,630,563,24,43
419647,stakes_of_purgatory,0,785,630,572,30,28
413382,adjusting_buruma,0,784,630,573,31,26
1258570,hedgehog_tail,0,0,630,542,31,57
387069,sweet_lolita,0,1922,629,544,27,58
1505133,spanish_text,0,1466,629,568,29,32
14376,brain,0,1059,629,571,29,29
448268,rice_hat,0,988,629,552,34,43
1733638,race_bib,0,857,629,578,28,23
695444,pokemon_ears,0,0,629,580,31,18
1070070,fishnet_bodysuit,0,0,629,569,32,28
512953,masked,0,1284,628,559,36,33
451531,cutting,0,948,628,564,26,38
470016,incoming_kiss,0,859,628,567,37,24
1406769,moose_ears,0,793,628,570,26,32
547190,side-tie_skirt,0,720,628,562,24,42
1663426,see-through_swimsuit,0,0,628,571,23,34
1337689,blood_on_ground,0,1602,627,559,38,30
1203647,nipple_jewelry,0,1600,627,562,30,35
474303,shared_earphones,0,954,627,567,30,30
6033,bacon,0,952,627,568,30,29
496982,beach_mat,0,893,627,567,31,29
13822,ai_ai_gasa,0,816,627,572,33,22
2007719,side_cape,0,2073,626,550,35,41
1434292,on_stool,0,1711,626,568,27,31
1412715,holding_key,0,1118,626,564,30,32
497915,refraction,0,923,626,560,34,32
622003,;(,0,789,626,573,23,30
4419,shogi,0,711,626,550,37,39
631791,long_ribbon,0,1281,625,555,38,32
1639311,arthropod_boy,0,1079,625,551,39,35
423802,amusement_park,0,933,625,569,32,24
421792,fried_rice,0,931,625,567,33,25
678068,audio_jack,0,871,625,561,32,32
1499507,sailor_collar_lift,0,680,625,573,23,29
596557,casting_spell,0,1257,624,554,25,45
1411022,black_babydoll,0,1136,624,566,35,23
2006779,unworn_hair_ornament,0,1051,624,561,27,36
518001,red_star,0,970,624,552,39,33
1480627,holding_torch,0,947,624,553,40,31
460897,sukusuku_hakutaku,0,921,624,559,28,37
523781,sewing_needle,0,899,624,557,38,29
375012,playground,0,897,624,553,47,24
1302248,tape_on_nipples,0,865,624,572,33,19
692331,feet_on_chair,0,762,624,562,33,29
1178149,tucked_penis,0,756,624,561,27,36
1311157,anchor_earrings,0,749,624,549,45,30
496614,pastel_(medium),0,697,624,551,46,27
1989805,inset_border,0,2605,623,564,27,32
10179,dawn,0,1144,623,564,28,31
476455,green_fire,0,1009,623,562,25,36
607415,flailing,0,830,623,555,33,35
1416925,green_serafuku,0,801,623,570,26,27
1391282,purple_robe,0,1335,622,569,27,26
392494,bridle,0,923,622,565,25,32
462982,photorealistic,0,1195,621,551,39,31
1315008,glove_bow,0,952,621,573,20,28
1682857,holding_with_tail,0,888,621,560,31,30
1396935,bc_freedom_(emblem),0,736,621,571,29,21
1291577,black_outline,0,1501,620,558,28,34
680600,arm_across_waist,0,971,620,556,40,24
424699,closet,0,909,620,548,33,39
489117,corsage,0,899,620,558,40,22
459473,hand_over_face,0,700,620,558,31,31
1690520,white_tube_top,0,2207,619,559,28,32
1544050,turtleneck_jacket,0,1417,619,565,27,27
1328452,ambiguous_red_liquid,0,982,619,560,27,32
1702658,travel_attendant,0,856,619,541,47,31
456715,cow_costume,0,791,619,564,23,32
374518,how_to,0,1291,618,576,27,15
1372005,brown_lips,0,1162,618,571,25,22
1412354,stained_sheets,0,909,618,575,23,20
49893,baking,0,854,618,560,30,28
10694,wanted,0,0,618,564,27,27
1369696,pink_horns,0,1531,617,557,36,24
432197,glansjob,0,1156,617,564,18,35
1427497,holding_bell,0,923,617,546,34,37
532884,dark_clouds,0,865,617,547,29,41
1994923,walker_(robot),0,840,617,561,22,34
1375384,monkey_boy,0,1094,616,573,28,15
1323325,shared_object_insertion,0,968,616,557,31,28
627605,pushing_away,0,956,616,554,30,32
402892,weights,0,868,616,562,27,27
1918272,covering_own_ears,0,842,616,557,28,31
423556,banana_peel,0,828,616,555,29,32
1690649,limiter_(tsukumo_sana),0,819,616,559,27,30
695913,green_collar,0,680,616,555,30,31
470409,rag,0,0,616,557,31,28
1424746,multicolored_leotard,0,3307,615,558,27,30
421072,toga,0,1375,615,567,25,23
1607444,blue_male_underwear,0,863,615,554,19,42
1892221,jug_(bottle),0,786,615,558,31,26
1295452,female_service_cap,0,735,615,563,26,26
1847146,multi-strapped_bikini_top,0,1254,614,565,26,23
531475,aviator_cap,0,946,614,565,28,21
51587,cassock,0,887,614,523,42,49
1344208,aqua_shorts,0,1027,613,557,34,22
611697,crosshatching,0,949,613,556,26,31
507779,piano_keys,0,939,613,538,39,36
1690813,market_stall,0,893,613,552,37,24
397922,scalpel,0,893,613,536,37,40
525386,too_literal,0,787,613,556,28,29
571706,kittysuit,0,706,613,546,39,28
1487812,holding_magnifying_glass,0,1130,612,553,29,30
1430698,white_garter_belt,0,1087,612,548,36,28
496244,emoticon,0,813,612,545,38,29
1470365,flying_button,0,789,612,542,38,32
1472811,holding_newspaper,0,1135,611,555,32,24
691122,transparent_censoring,0,800,611,544,37,30
551570,shirt_around_waist,0,960,610,535,32,43
385305,soy_sauce,0,785,610,554,25,31
608725,mami_mogu_mogu,0,752,610,549,27,34
654255,heart_hair,0,0,610,538,32,40
628898,meandros,0,2630,609,562,21,26
666996,nipple_cutout,0,999,609,558,26,25
7945,oar,0,937,609,534,42,33
391503,pregnancy_test,0,915,609,552,27,30
391029,fusuma,0,837,609,533,30,46
13408,bear_panties,0,787,609,544,23,42
456823,small_nipples,0,772,609,557,27,25
2006774,unworn_thighhighs,0,767,609,558,25,26
501535,package,0,756,609,543,30,36
1551195,1970s_(style),0,948,608,553,29,26
710234,nipple-to-nipple,0,811,608,545,30,33
1447063,stile_uniform,0,810,608,553,22,33
11156,singlet,0,749,608,557,16,35
431317,poi,0,638,608,550,29,29
1871372,streetwear,0,1760,607,541,33,33
1398744,ribbed_socks,0,1408,607,549,26,32
1320443,vertical-striped_shorts,0,1268,607,552,23,32
561625,forced_smile,0,970,607,545,29,33
557699,karate_gi,0,956,607,542,33,32
374339,foot_worship,0,946,607,535,41,31
812633,moth_girl,0,851,607,551,30,26
1881203,lillian_girls'_academy_school_uniform,0,863,606,549,30,27
647958,ankleband,0,740,606,566,14,26
478028,rooster,0,726,606,533,42,31
502233,dress_shoes,0,1570,605,532,40,33
9414,whip_marks,0,884,605,557,23,25
660413,rainbow_background,0,834,605,531,35,39
1308770,front_zipper_swimsuit,0,681,605,546,24,35
1928097,tickling_armpits,0,860,604,555,22,27
724189,detached_ahoge,0,1410,603,532,36,35
1543107,female_goblin,0,1191,603,553,28,22
653735,ahoge_wag,0,951,603,544,34,25
1297889,shampoo_bottle,0,887,603,540,29,34
1245114,covering_with_blanket,0,850,603,553,24,26
619150,announcement_celebration,0,802,603,547,22,34
551039,claw_foot_bathtub,0,771,603,541,34,28
1427920,polearm_behind_back,0,0,603,548,28,27
451999,drowning,0,919,602,555,23,24
1454132,hand_grip,0,900,602,538,28,36
87461,hogtie,0,880,602,543,24,35
485986,hieroglyphics,0,825,602,538,34,30
1754298,multiple_bracelets,0,2588,601,540,31,30
667570,large_ears,0,1671,600,542,27,31
1398831,fur-trimmed_thighhighs,0,1163,600,547,20,33
463089,oven,0,883,600,553,19,28
1578413,square_neckline,0,1767,599,553,23,23
1501438,blue_sweater_vest,0,1445,599,544,22,33
1439863,penis_shadow,0,894,599,520,50,29
545285,washing_hair,0,810,599,516,39,44
385430,hatsune_miku,4,113004,81560,73455,4127,3978
12239,hakurei_reimu,4,82490,63440,57149,3204,3087
12242,kirisame_marisa,4,73778,56366,50865,2740,2761
12249,flandre_scarlet,4,54238,43945,39653,2153,2139
12248,remilia_scarlet,4,54280,42744,38516,2063,2165
12314,izayoi_sakuya,4,47224,37011,33282,1848,1881
1301082,admiral_(kancolle),4,38069,34603,31209,1662,1732
1478495,artoria_pendragon_(fate),4,39996,31826,28596,1675,1555
388200,kochiya_sanae,4,36638,29352,26555,1415,1382
12247,patchouli_knowledge,4,35227,28987,26225,1368,1394
1720,cirno,4,35769,28947,26179,1380,1388
12244,konpaku_youmu,4,36283,28910,25961,1474,1475
427142,komeiji_koishi,4,36349,28542,25701,1463,1378
9123,alice_margatroid,4,35832,27592,24933,1273,1386
12246,yakumo_yukari,4,33647,26020,23459,1236,1325
12308,shameimaru_aya,4,29713,24172,21812,1177,1183
12304,reisen_udongein_inaba,4,27757,22175,19888,1092,1195
427143,komeiji_satori,4,26688,21358,19246,1040,1072
592924,akemi_homura,4,27270,21168,19184,991,993
12307,fujiwara_no_mokou,4,27362,21130,19039,1055,1036
592925,kaname_madoka,4,26598,20498,18620,938,940
11374,hong_meiling,4,25544,20312,18222,1012,1078
12245,saigyouji_yuyuko,4,24925,19411,17500,968,943
395218,inubashiri_momiji,4,23249,19374,17441,936,997
1631074,kaga_(kancolle),4,21630,19240,17290,1021,929
390427,kagamine_rin,4,21932,17243,15435,903,905
12250,yakumo_ran,4,20630,17062,15281,860,921
1275729,shimakaze_(kancolle),4,19214,16777,15037,841,899
602257,konpaku_youmu_(ghost),4,19982,16430,14778,838,814
427145,kaenbyou_rin,4,19901,16403,14806,783,814
1275718,hibiki_(kancolle),4,17112,15756,14143,777,836
2082,rumia,4,19691,15614,14171,694,749
401582,kazami_yuuka,4,18259,15543,14011,727,805
1602203,ganyu_(genshin_impact),4,18754,15461,14028,728,705
474,chen,4,18567,15064,13576,711,777
1275728,shigure_(kancolle),4,16711,15055,13573,763,719
1414209,mash_kyrielight,4,17885,15036,13582,734,720
593109,miki_sayaka,4,18886,15033,13562,723,748
427184,reiuji_utsuho,4,18505,14979,13481,749,749
384842,moriya_suwako,4,19428,14975,13497,734,744
473327,tatara_kogasa,4,16955,14692,13241,714,737
1213183,saber_(fate),4,18080,14055,12614,772,669
383392,kawashiro_nitori,4,16864,13890,12466,694,730
415326,hinanawi_tenshi,4,16286,13818,12405,687,726
593108,tomoe_mami,4,15867,13038,11802,624,612
604258,sakura_kyoko,4,16141,13032,11758,643,631
12302,kamishirasawa_keine,4,16451,12755,11381,645,729
1799,koakuma,4,14902,12745,11450,633,662
1350122,kongou_(kancolle),4,13693,12676,11396,581,699
12300,mystia_lorelei,4,15071,12343,11140,565,638
1275720,inazuma_(kancolle),4,13192,12083,10816,647,620
1613000,warrior_of_light_(ff14),4,18497,11935,10669,639,627
12306,houraisan_kaguya,4,15499,11914,10777,553,584
473267,nazrin,4,13870,11504,10402,526,576
475833,souryuu_asuka_langley,4,15239,11433,10323,529,581
1630449,akagi_(kancolle),4,12706,11433,10215,627,591
1686237,raiden_shogun,4,16212,11410,10356,488,566
12313,ibuki_suika,4,14358,11392,10195,599,598
12303,inaba_tewi,4,14326,11262,10172,570,520
393597,kagamine_len,4,14232,11141,9953,600,588
1473623,tamamo_(fate),4,13120,11049,9995,509,545
1533309,houshou_marine,4,14823,11026,9935,531,560
1581467,lumine_(genshin_impact),4,17169,10885,9836,500,549
1631504,yuudachi_(kancolle),4,11760,10856,9742,593,521
1391754,fujimaru_ritsuka_(female),4,13484,10803,9702,586,515
1391753,fujimaru_ritsuka_(male),4,14431,10724,9627,581,516
503349,hijiri_byakuren,4,13330,10703,9733,464,506
503343,houjuu_nue,4,12759,10641,9670,496,475
1270870,tenryuu_(kancolle),4,11733,10583,9563,497,523
6313,link,4,16289,10573,9548,518,507
1479739,jeanne_d'arc_alter_(fate),4,12280,10439,9331,570,538
1631198,sensei_(blue_archive),4,22589,10420,9320,611,489
1593594,gawr_gura,4,14801,10405,9424,478,503
1471064,abigail_williams_(fate),4,11674,10294,9339,486,469
1275719,ikazuchi_(kancolle),4,11126,10264,9212,500,552
1275715,fubuki_(kancolle),4,11667,10263,9154,574,535
457810,megurine_luka,4,12175,9729,8726,528,475
1635696,hu_tao_(genshin_impact),4,12663,9623,8693,444,486
1275711,akatsuki_(kancolle),4,10407,9614,8577,496,541
413783,mizuhashi_parsee,4,11775,9359,8471,440,448
12305,yagokoro_eirin,4,11879,9254,8306,454,494
384841,yasaka_kanako,4,11992,9211,8271,463,477
1630699,hamakaze_(kancolle),4,10269,9138,8222,464,452
1335350,haruna_(kancolle),4,9954,9063,8091,442,530
638495,toyosatomimi_no_miko,4,10369,9058,8224,406,428
1631523,zuikaku_(kancolle),4,10392,9015,8055,497,463
1433170,nero_claudius_(fate),4,10340,8822,7904,471,447
3861,pikachu,4,13265,8653,7805,413,435
1351818,kashima_(kancolle),4,9556,8643,7822,364,457
1631219,nagato_(kancolle),4,9667,8617,7813,394,410
2075918,inkling_player_character,4,14067,8578,7707,453,418
1479836,shirakami_fubuki,4,11947,8353,7572,395,386
700405,nishizumi_miho,4,9728,8244,7403,435,406
638499,mononobe_no_futo,4,9431,8219,7400,401,418
1622755,asuna_(blue_archive),4,13273,8114,7312,362,440
456150,akiyama_mio,4,10282,8081,7314,378,389
13814,morichika_rinnosuke,4,9664,7968,7205,371,392
94496,princess_zelda,4,12939,7962,7160,406,396
1333465,rem_(re:zero),4,9284,7943,7182,357,404
1380245,suzuya_(kancolle),4,8907,7887,7116,388,383
391888,tifa_lockhart,4,12601,7860,6956,464,440
1978860,2b_(nier:automata),4,10385,7845,7051,398,396
465977,hoshiguma_yuugi,4,9692,7828,7035,383,410
384197,kagiyama_hina,4,10713,7819,7023,392,404
7493,daiyousei,4,9717,7778,7024,377,377
12342,usami_renko,4,9538,7763,7003,382,378
1631280,ryuujou_(kancolle),4,8670,7747,6955,371,421
1625332,yuuka_(blue_archive),4,13758,7729,6901,415,413
9466,suzumiya_haruhi,4,10348,7696,6909,392,395
472387,nakano_azusa,4,8971,7649,6959,330,360
1733099,yae_miko,4,10476,7623,6916,345,362
1600114,zhongli_(genshin_impact),4,9378,7616,6864,343,409
1452630,scathach_(fate),4,8847,7610,6802,418,390
1639113,shigure_kai_ni_(kancolle),4,11249,7596,6817,402,377
1233711,imaizumi_kagerou,4,8915,7593,6803,359,431
1964304,gotoh_hitori,4,13716,7505,6750,374,381
599169,shanghai_doll,4,9259,7439,6704,371,364
12299,wriggle_nightbug,4,9299,7432,6668,379,385
452135,producer_(idolmaster),4,9633,7431,6679,407,345
506041,maribel_hearn,4,9198,7419,6698,361,360
465646,tohsaka_rin,4,9407,7337,6540,411,386
395918,misaka_mikoto,4,9492,7335,6624,377,334
1531173,usada_pekora,4,9612,7280,6629,309,342
12108,illyasviel_von_einzbern,4,9359,7228,6550,338,340
7441,fate_testarossa,4,9506,7219,6483,373,363
1639135,yuudachi_kai_ni_(kancolle),4,9579,7206,6459,398,349
465688,shiki_eiki,4,9216,7164,6417,365,382
9715,nagato_yuki,4,8962,7125,6335,406,384
12311,onozuka_komachi,4,9127,7111,6291,407,413
1511608,inkling_girl,4,11990,7052,6336,371,345
1523054,manjuu_(azur_lane),4,9454,6968,6258,334,376
1631004,houshou_(kancolle),4,8005,6950,6269,349,332
1405000,serval_(kemono_friends),4,7956,6929,6168,409,352
455424,hirasawa_yui,4,8541,6910,6267,306,337
1525565,hoshimachi_suisei,4,11755,6825,6164,309,352
1277794,amatsukaze_(kancolle),4,7425,6799,6060,375,364
1408636,jeanne_d'arc_(fate),4,8037,6771,6065,352,354
600200,kyubey,4,8852,6692,6028,342,322
1599785,aether_(genshin_impact),4,10670,6683,6063,330,290
1648389,yor_briar,4,9046,6672,6010,346,316
592977,nishikino_maki,4,7570,6644,5943,357,344
1275723,murakumo_(kancolle),4,7364,6637,6017,323,297
1631456,ushio_(kancolle),4,7176,6628,6014,289,325
713730,kafuu_chino,4,7300,6623,5947,352,324
503351,toramaru_shou,4,7973,6559,5954,305,300
1287532,megumin,4,8834,6548,5961,297,290
1596257,mona_(genshin_impact),4,8439,6548,5897,330,321
615562,toujou_nozomi,4,0,6540,5880,327,333
1584981,shiroko_(blue_archive),4,11187,6535,5868,330,337
1765420,jeanne_d'arc_alter_(avenger)_(fate),4,9012,6518,5824,353,341
1438816,okita_souji_(fate),4,7286,6455,5825,346,284
8327,ayanami_rei,4,9103,6436,5765,328,343
544560,himekaidou_hatate,4,7552,6434,5803,333,298
662185,shibuya_rin,4,7106,6392,5794,303,295
593046,sonoda_umi,4,7286,6390,5817,261,312
1593596,ninomae_ina'nis,4,9191,6382,5768,293,321
699794,nanami_chiaki,4,10982,6365,5721,309,335
1495213,minato_aqua,4,8660,6362,5726,290,346
638538,kaku_seiga,4,7357,6360,5749,279,332
1585358,northern_ocean_princess,4,6718,6347,5732,318,297
1275734,yukikaze_(kancolle),4,7089,6337,5694,344,299
656409,yuzuki_yukari,4,7925,6279,5666,306,307
1285206,atago_(kancolle),4,6900,6277,5641,302,334
378876,joseph_joestar,4,7752,6260,5639,338,283
1275712,akebono_(kancolle),4,6661,6207,5647,264,296
1593595,mori_calliope,4,9471,6196,5620,284,292
1231258,matoi_ryuuko,4,8057,6183,5551,338,294
592974,yazawa_nico,4,6943,6174,5519,308,347
593043,ayase_eli,4,6928,6159,5530,310,319
1600563,keqing_(genshin_impact),4,7768,6157,5555,300,302
1631488,yamato_(kancolle),4,7086,6097,5474,306,317
2040387,doodle_sensei_(blue_archive),4,13063,6020,5399,351,270
1233709,hata_no_kokoro,4,6947,6016,5495,270,251
1631360,shoukaku_(kancolle),4,6770,5992,5310,365,317
1467839,trainer_(umamusume),4,9037,5983,5410,276,297
1369674,lillie_(pokemon),4,7797,5959,5313,286,360
466373,dawn_(pokemon),4,8142,5934,5345,263,326
1682530,tamamo_no_mae_(fate/extra),4,6794,5929,5364,276,289
445942,gardevoir,4,12826,5915,5308,298,309
8552,takamachi_nanoha,4,7937,5883,5300,294,289
1518952,nekomata_okayu,4,8474,5850,5284,267,299
1605761,hina_(blue_archive),4,11991,5828,5203,322,303
1442931,amiya_(arknights),4,8444,5800,5222,290,288
570051,ibaraki_kasen,4,6727,5798,5291,271,236
1526564,doctor_(arknights),4,9384,5794,5251,259,284
503350,murasa_minamitsu,4,7279,5755,5165,299,291
456151,tainaka_ritsu,4,7288,5738,5183,285,270
669326,kaito_(vocaloid),4,7528,5674,5099,286,289
1631124,kitakami_(kancolle),4,6270,5674,5069,308,297
1435530,shuten_douji_(fate),4,6981,5653,5058,305,290
1239690,rensouhou-chan,4,6104,5616,5031,286,299
1867985,toki_(blue_archive),4,8916,5609,5049,267,293
638583,soga_no_tojiko,4,6469,5605,5024,309,272
1631257,ooyodo_(kancolle),4,6298,5584,5037,277,270
619180,kasodani_kyouko,4,6301,5559,5038,257,264
1516925,makima_(chainsaw_man),4,7916,5519,5010,254,255
54494,kujo_jotaro,4,7076,5507,4937,282,288
619181,miyako_yoshika,4,6630,5475,4915,289,271
1533332,marnie_(pokemon),4,6968,5461,5008,234,219
1372463,darjeeling_(girls_und_panzer),4,6260,5450,4838,305,307
10365,cloud_strife,4,10796,5414,4870,288,256
1532746,byleth_(fire_emblem),4,20,5399,4847,258,294
1549065,tokoyami_towa,4,7927,5367,4841,235,291
413645,nagae_iku,4,6787,5356,4851,244,261
7439,kinomoto_sakura,4,7565,5346,4786,248,312
1630515,asashio_(kancolle),4,5893,5313,4789,259,265
1427460,prinz_eugen_(kancolle),4,5828,5297,4761,263,273
1595272,venti_(genshin_impact),4,7050,5295,4723,293,279
1442946,texas_(arknights),4,6934,5291,4757,254,280
487910,joseph_joestar_(young),4,6488,5291,4790,280,221
1328621,clownpiece,4,6306,5281,4806,256,219
1243755,kijin_seija,4,5924,5268,4765,268,235
717860,rosa_(pokemon),4,7087,5254,4728,295,231
1448304,astolfo_(fate),4,6647,5201,4688,259,254
1572405,klee_(genshin_impact),4,6226,5168,4701,239,228
1448306,mordred_(fate),4,6067,5153,4678,240,235
1424365,pyra_(xenoblade),4,7749,5146,4683,234,229
1649146,gilgamesh_(fate),4,7015,5142,4601,285,256
1593597,takanashi_kiara,4,7957,5141,4637,235,269
101752,hoshii_miki,4,6028,5139,4649,244,246
1645004,rice_shower_(umamusume),4,6456,5133,4618,231,284
713720,nishizumi_maho,4,5995,5123,4609,280,234
1651926,kamisato_ayaka,4,6589,5101,4623,238,240
13108,chun-li,4,7382,5067,4532,285,250
413652,kurodani_yamame,4,6307,5052,4575,239,238
1361469,mutsu_(kancolle),4,5712,5052,4546,232,274
1405300,kaban_(kemono_friends),4,5694,5044,4501,268,275
1478494,cu_chulainn_(fate),4,6166,5039,4570,252,217
1631410,tatsuta_(kancolle),4,5530,4991,4486,269,236
466360,may_(pokemon),4,7317,4977,4442,239,296
713721,itsumi_erika,4,5835,4961,4482,260,219
593045,minami_kotori,4,5535,4948,4434,264,250
1646765,mejiro_mcqueen_(umamusume),4,6074,4920,4456,230,234
1680295,mika_(blue_archive),4,9700,4917,4447,247,223
1233706,sekibanki,4,5876,4908,4400,226,282
473328,kumoi_ichirin,4,6253,4905,4440,220,245
7438,matou_sakura,4,6244,4904,4406,261,237
1685271,nanashi_mumei,4,8344,4884,4422,213,249
1631313,sendai_(kancolle),4,5329,4873,4469,222,182
1685272,ouro_kronii,4,8606,4842,4405,204,233
1630648,female_admiral_(kancolle),4,5509,4834,4409,207,218
1610604,tartaglia_(genshin_impact),4,6285,4823,4291,249,283
1293664,musashi_(kancolle),4,5386,4820,4303,272,245
1630531,bismarck_(kancolle),4,5311,4818,4355,233,230
1593598,watson_amelia,4,6772,4806,4377,204,225
727352,anchovy_(girls_und_panzer),4,5476,4790,4312,242,236
1533307,shirogane_noel,4,6056,4785,4309,234,242
615290,hilda_(pokemon),4,6683,4776,4230,269,277
1564340,paimon_(genshin_impact),4,6776,4771,4333,204,234
1646762,daiwa_scarlet_(umamusume),4,6047,4757,4287,243,227
710903,meiko_(vocaloid),4,5913,4749,4308,227,214
1275730,shiranui_(kancolle),4,5111,4740,4257,229,254
11498,kirby,4,7551,4737,4236,223,278
1641843,eula_(genshin_impact),4,5875,4729,4246,227,256
1328650,junko_(touhou),4,5851,4720,4275,247,198
1544889,gloria_(pokemon),4,5948,4719,4256,237,226
1964798,furina_(genshin_impact),4,10409,4716,4194,277,245
1507496,takao_(kancolle),4,5310,4709,4259,214,236
1515171,sakura_miko,4,8474,4708,4220,241,247
383424,aki_minoriko,4,5724,4700,4230,226,244
1631252,ooi_(kancolle),4,5331,4695,4216,253,226
1821363,nahida_(genshin_impact),4,9544,4679,4279,193,207
1464562,minamoto_no_raikou_(fate),4,5823,4679,4188,257,234
1862749,aris_(blue_archive),4,7366,4677,4176,254,247
1350123,akashi_(kancolle),4,5277,4658,4216,234,208
405454,aerith_gainsborough,4,8228,4646,4216,224,206
1622591,koharu_(blue_archive),4,7564,4628,4185,224,219
1658781,scaramouche_(genshin_impact),4,14716,4596,4200,203,193
1243757,sukuna_shinmyoumaru,4,5163,4596,4161,207,228
1734279,okita_souji_(koha-ace),4,5140,4591,4137,241,213
7866,tsukino_usagi,4,5767,4574,4104,225,245
1631305,sazanami_(kancolle),4,5079,4571,4143,236,192
1526509,skadi_(arknights),4,5812,4569,4117,237,215
1667133,hk416_(girls'_frontline),4,5727,4565,4085,275,205
638500,futatsuiwa_mamizou,4,5152,4539,4124,226,189
452021,hieda_no_akyuu,4,5704,4512,4089,199,224
1590956,mythra_(xenoblade),4,6888,4511,4094,217,200
456152,kotobuki_tsumugi,4,5708,4508,4093,203,212
698982,asuna_(sao),4,5324,4503,4052,221,230
1717604,shenhe_(genshin_impact),4,5883,4474,4034,219,221
1631308,souryuu_(kancolle),4,5057,4469,4033,211,225
1275727,samidare_(kancolle),4,4939,4463,3942,261,260
1549061,amane_kanata,4,6039,4451,4014,209,228
1518950,inugami_korone,4,5992,4443,4001,218,224
1502759,ookami_mio,4,6098,4441,3997,208,236
382074,hiiragi_kagami,4,6005,4430,3963,264,203
1682533,nero_claudius_(fate/extra),4,4927,4386,3921,252,213
1631484,yamashiro_(kancolle),4,4914,4382,3957,236,189
1584986,hoshino_(blue_archive),4,9837,4380,3881,248,251
1799500,asuna_(bunny)_(blue_archive),4,5877,4376,3937,213,226
1631272,ro-500_(kancolle),4,4720,4365,3907,227,231
1081167,mordred_(fate/apocrypha),4,4874,4360,3955,208,197
1500247,oozora_subaru,4,6114,4350,3884,254,212
1630992,hiei_(kancolle),4,4773,4337,3901,192,244
593044,kousaka_honoka,4,0,4337,3869,216,252
11941,samus_aran,4,6549,4333,3909,217,207
1631098,kasumi_(kancolle),4,4848,4331,3909,199,223
701140,komaeda_nagito,4,6378,4330,3901,202,227
700403,akiyama_yukari,4,5052,4330,3932,232,166
665139,shirasaka_koume,4,4961,4306,3879,191,236
466669,c.c.,4,5540,4282,3849,226,207
1822797,boo_tao_(genshin_impact),4,5327,4277,3843,204,230
424565,shijou_takane,4,5050,4268,3844,208,216
1342225,verniy_(kancolle),4,4592,4257,3798,227,232
1646740,archer_(fate),4,6033,4250,3877,180,193
1886284,byleth_(female)_(fire_emblem),4,0,4241,3817,193,231
1316173,watanabe_you,4,6089,4234,3831,208,195
1623068,karin_(blue_archive),4,6469,4226,3801,225,200
1511455,yumemi_riamu,4,5252,4220,3769,246,205
1421198,bb_(fate),4,5725,4202,3754,227,221
9071,amami_haruka,4,5194,4196,3818,193,185
1646764,gold_ship_(umamusume),4,6027,4194,3768,217,209
1933188,houshou_marine_(1st_costume),4,5293,4183,3758,199,226
434767,caesar_anthonio_zeppeli,4,5161,4181,3796,218,167
1333552,kirishima_(kancolle),4,4579,4180,3710,215,255
383855,aki_shizuha,4,5058,4178,3753,209,216
1934883,oma_kokichi,4,8103,4156,3688,210,258
52967,princess_peach,4,6943,4151,3719,227,205
10658,emiya_shirou,4,6519,4143,3666,241,236
1644978,agnes_tachyon_(umamusume),4,7593,4141,3735,185,221
1248945,wo-class_aircraft_carrier,4,4633,4118,3682,211,225
615222,hoshizora_rin,4,4612,4114,3687,205,222
422767,gumi,4,5005,4113,3739,180,194
1339317,d.va_(overwatch),4,5059,4086,3671,209,206
279302,dio_brando,4,5710,4073,3624,197,252
1478256,medusa_(fate),4,5365,4073,3662,223,188
1631042,iowa_(kancolle),4,4838,4072,3651,217,204
382075,izumi_konata,4,5690,4070,3667,232,171
1598280,xiao_(genshin_impact),4,5550,4065,3702,180,183
1646761,tokai_teio_(umamusume),4,5095,4064,3696,175,193
1770073,nishikigi_chisato,4,6597,4048,3631,223,194
1561704,higuchi_madoka,4,5144,4039,3624,209,206
1492223,taihou_(azur_lane),4,5302,4036,3642,201,193
1531312,uruha_rushia,4,4458,4030,3667,174,189
1328656,hecatia_lapislazuli,4,5031,4028,3620,225,183
1586173,yukihana_lamy,4,5583,4021,3600,205,216
1586175,shishiro_botan,4,5382,4017,3608,197,212
1435314,oyama_mahiro,4,6235,4016,3611,209,196
660315,shimamura_uzuki,4,4591,3987,3595,200,192
510663,yoko_littner,4,5117,3970,3587,169,214
1631502,yuubari_(kancolle),4,4332,3969,3567,228,174
1561709,bremerton_(azur_lane),4,4952,3967,3593,193,181
1529309,anya_(spy_x_family),4,5551,3966,3572,188,206
1246753,senketsu,4,4951,3964,3574,206,184
9079,kikuchi_makoto,4,4943,3945,3574,186,185
665166,takagaki_kaede,4,4436,3942,3558,208,176
1629450,meltryllis_(fate),4,4705,3938,3559,193,186
1719003,sakamata_chloe,4,6170,3929,3537,198,194
1233049,sagisawa_fumika,4,4409,3926,3496,215,215
9078,minase_iori,4,4613,3923,3493,218,212
1569865,karyl_(princess_connect!),4,4267,3921,3557,180,184
472979,saber_alter,4,4568,3913,3476,221,216
1292960,midoriya_izuku,4,5449,3897,3507,206,184
1440040,atago_(azur_lane),4,4627,3876,3491,201,184
12295,letty_whiterock,4,4965,3859,3470,165,224
9072,kisaragi_chihaya,4,5060,3858,3498,200,160
15550,morrigan_aensland,4,5850,3853,3499,170,184
425446,ganaha_hibiki,4,4346,3845,3461,189,195
1586112,frieren,4,9663,3837,3458,196,183
1341413,djeeta_(granblue_fantasy),4,4359,3837,3492,169,176
1631121,kiso_(kancolle),4,4233,3827,3495,172,160
701382,hinata_hajime,4,5780,3812,3417,175,220
422691,oshino_shinobu,4,5172,3811,3453,172,186
448496,cynthia_(pokemon),4,5822,3803,3481,151,171
1350743,aqua_(konosuba),4,5589,3801,3435,190,176
1440089,prinz_eugen_(azur_lane),4,4509,3791,3408,176,207
1934951,saihara_shuichi,4,6739,3741,3316,194,231
1515819,power_(chainsaw_man),4,5111,3737,3363,216,158
1536480,formidable_(azur_lane),4,4632,3734,3364,192,178
1630996,hiryuu_(kancolle),4,4186,3732,3325,200,207
1233712,wakasagihime,4,4348,3731,3342,177,212
1452466,ereshkigal_(fate),4,4838,3709,3369,187,153
1630687,graf_zeppelin_(kancolle),4,4034,3693,3295,212,186
1805355,suletta_mercury,4,6147,3686,3354,184,148
1627707,miyamoto_musashi_(fate),4,4474,3681,3285,198,198
1328609,kishin_sagume,4,4317,3671,3281,187,203
1933162,gawr_gura_(1st_costume),4,6947,3662,3308,181,173
1769318,jeanne_d'arc_(ruler)_(fate),4,5892,3655,3254,203,198
1231257,kiryuuin_satsuki,4,4854,3644,3300,182,162
1491767,murasaki_shion,4,4748,3619,3255,188,176
646093,ultimate_madoka,4,4482,3610,3249,166,195
1524374,lappland_(arknights),4,5247,3599,3238,172,189
592976,koizumi_hanayo,4,3997,3599,3247,149,203
466315,ash_ketchum,4,5358,3577,3237,158,182
1514981,selene_(pokemon),4,4475,3575,3239,163,173
1627592,ishtar_(fate),4,4370,3575,3216,188,171
1719009,la+_darknesss,4,4684,3554,3181,190,183
1312747,hestia_(danmachi),4,3903,3532,3212,145,175
664384,jougasaki_mika,4,3949,3524,3163,173,188
1527899,kitagawa_marin,4,4731,3509,3181,170,158
13270,cammy_white,4,4866,3506,3149,174,183
1549082,kiryu_coco,4,3948,3484,3147,164,173
663994,kanzaki_ranko,4,3830,3474,3093,204,177
16266,son_goku,4,5723,3472,3135,172,165
445830,red_(pokemon),4,5317,3459,3082,151,226
1929196,toki_(bunny)_(blue_archive),4,4992,3452,3114,159,179
1811190,nilou_(genshin_impact),4,5099,3451,3099,166,186
460796,ex-keine,4,4369,3423,3024,180,219
1933177,usada_pekora_(1st_costume),4,4264,3419,3121,131,167
1631228,naka_(kancolle),4,3753,3417,3081,180,156
1631521,zuihou_(kancolle),4,3803,3398,3064,189,145
644424,nami_(one_piece),4,7016,3393,3080,188,125
1500246,nakiri_ayame,4,4369,3365,3019,154,192
21,suigintou,4,4775,3352,3021,154,177
1440003,belfast_(azur_lane),4,4025,3352,3000,160,192
1509133,sirius_(azur_lane),4,4029,3348,3034,167,147
1533296,shiranui_flare,4,4351,3343,3041,154,148
8882,lily_white,4,4196,3336,2998,187,151
1585359,seaport_princess,4,3555,3336,2998,165,173
1770074,inoue_takina,4,5396,3325,2993,183,149
1528907,corrin_(fire_emblem),4,4726,3319,2995,170,154
1275725,naganami_(kancolle),4,3841,3319,2978,179,162
1265245,ichinose_shiki,4,3691,3319,2984,145,190
1584990,arona_(blue_archive),4,5658,3316,2965,192,159
700407,takebe_saori,4,3860,3314,3000,179,135
1646759,silence_suzuka_(umamusume),4,4438,3311,2998,146,167
1782917,kita_ikuyo,4,6937,3308,2960,176,172
1316172,tsushima_yoshiko,4,4131,3306,3007,166,133
670056,kuroki_tomoko,4,4307,3287,2988,160,139
1643885,mari_(blue_archive),4,7618,3280,2935,172,173
1236324,serena_(pokemon),4,4840,3268,2969,138,161
1660592,hanako_(blue_archive),4,5606,3267,2919,166,182
1893407,kisaki_(blue_archive),4,7468,3262,2935,165,162
8048,sailor_moon,4,4115,3251,2911,171,169
781225,lucina_(fire_emblem),4,4606,3248,2905,195,148
1757377,yelan_(genshin_impact),4,4207,3243,2909,176,158
1275724,murasame_(kancolle),4,3610,3243,2931,140,172
1378250,i-19_(kancolle),4,3541,3233,2911,166,156
1500444,commander_(azur_lane),4,4141,3230,2919,167,144
633863,tachibana_arisu,4,4058,3214,2937,136,141
1630645,fairy_(kancolle),4,3613,3214,2899,166,149
1582962,fischl_(genshin_impact),4,3810,3206,2904,150,152
1462685,kokkoro_(princess_connect!),4,3629,3199,2883,149,167
1631482,yamakaze_(kancolle),4,3484,3197,2865,175,157
1440013,unicorn_(azur_lane),4,3529,3195,2870,188,137
1580066,suzuran_(arknights),4,4759,3189,2854,178,157
1644992,manhattan_cafe_(umamusume),4,6199,3186,2876,151,159
660302,ahri_(league_of_legends),4,4155,3174,2851,171,152
1292959,uraraka_ochako,4,0,3174,2827,198,149
1515818,denji_(chainsaw_man),4,4713,3170,2873,138,159
1493247,bowsette,4,3861,3163,2848,160,155
496900,black_rock_shooter_(character),4,4101,3150,2836,149,165
1649150,medusa_(rider)_(fate),4,4154,3145,2829,179,137
413714,kisume,4,3691,3129,2784,185,160
1271042,kiana_kaslana,4,5481,3128,2818,148,162
1499605,natsuiro_matsuri,4,3783,3120,2842,129,149
1159816,mirko,4,4986,3109,2783,164,162
9075,takatsuki_yayoi,4,3992,3109,2799,160,150
1649152,cu_chulainn_(fate/stay_night),4,3906,3109,2823,155,131
1631984,ako_(blue_archive),4,5299,3101,2807,145,149
1532725,edelgard_von_hresvelg,4,4282,3100,2766,172,162
591909,stocking_(psg),4,4008,3100,2800,125,175
1533759,barbara_(genshin_impact),4,3733,3095,2796,163,136
12257,ikari_shinji,4,4679,3089,2769,162,158
1685270,hakos_baelz,4,5015,3087,2782,167,138
1805391,miorine_rembran,4,5422,3086,2813,147,126
1442306,zero_two_(darling_in_the_franxx),4,4239,3078,2766,148,164
1316171,sakurauchi_riko,4,3874,3078,2797,145,136
1480186,takarada_rikka,4,4090,3073,2759,172,142
1799218,trailblazer_(honkai:_star_rail),4,11894,3071,2756,152,163
9750,asahina_mikuru,4,4247,3071,2754,169,148
3030,mario,4,5056,3063,2764,141,158
687394,nitta_minami,4,3577,3062,2726,143,193
1317066,doremy_sweet,4,3690,3055,2749,147,159
593780,super_sonico,4,3592,3055,2764,135,156
550231,gokou_ruri,4,3539,3055,2753,150,152
445932,eevee,4,5175,3053,2743,142,168
1645002,nice_nature_(umamusume),4,3850,3049,2725,158,166
665397,koshimizu_sachiko,4,3402,3045,2744,145,156
1631030,i-58_(kancolle),4,3304,3041,2739,158,144
1525541,gojou_satoru,4,4243,3040,2758,131,151
1507493,maya_(kancolle),4,3392,3040,2722,167,151
1705933,monster_hunter_(character),4,3735,3035,2745,151,139
1678980,sangonomiya_kokomi,4,3989,3030,2761,116,153
1292961,bakugou_katsuki,4,4393,3025,2746,168,111
1442947,ch'en_(arknights),4,3776,3023,2735,136,152
1667136,ump45_(girls'_frontline),4,3778,3019,2688,172,159
1447551,florence_nightingale_(fate),4,3525,3003,2664,166,173
1782915,ijichi_nijika,4,5725,3001,2669,165,167
1865359,rio_(blue_archive),4,8175,2997,2669,139,189
1337035,leon_(pokemon),4,3538,2995,2657,153,185
1342592,shimada_arisu,4,3413,2993,2637,174,182
1599614,jean_(genshin_impact),4,3667,2991,2710,155,126
713714,kay_(girls_und_panzer),4,3634,2990,2709,152,129
1442945,exusiai_(arknights),4,3713,2980,2681,127,172
539110,yuki_miku,4,3619,2980,2688,145,147
1544892,raihan_(pokemon),4,3527,2980,2688,135,157
413395,kujo_jolyne,4,3741,2977,2696,129,152
660098,futaba_anzu,4,3556,2977,2700,148,129
1509453,fu_hua,4,4757,2962,2648,165,149
1468120,nakano_nino,4,3958,2957,2652,151,154
1054766,chloe_von_einzbern,4,3867,2957,2714,110,133
1317065,usami_sumireko,4,3432,2957,2636,162,159
649693,jack_the_ripper_(fate/apocrypha),4,3412,2954,2696,119,139
1275713,akigumo_(kancolle),4,3322,2954,2661,139,154
722007,katyusha_(girls_und_panzer),4,3361,2953,2611,176,166
1441167,ayanami_(azur_lane),4,3235,2942,2643,145,154
1594094,pecorine_(princess_connect!),4,3335,2937,2677,109,151
724152,anastasia_(idolmaster),4,3306,2936,2642,142,152
12309,medicine_melancholy,4,3702,2924,2648,138,138
1599722,aru_(blue_archive),4,5719,2909,2614,150,145
1627605,kama_(fate),4,3760,2904,2658,134,112
711691,motoori_kosuzu,4,3498,2904,2540,175,189
662047,sanya_v._litvyak,4,3404,2887,2599,140,148
1919321,plana_(blue_archive),4,5547,2879,2614,134,131
1462591,narmaya_(granblue_fantasy),4,3425,2874,2588,139,147
11055,furude_rika,4,3981,2873,2569,147,157
1768637,miyu_(blue_archive),4,4411,2865,2573,152,140
1792624,kafka_(honkai:_star_rail),4,6279,2863,2570,138,155
1628204,momoi_(blue_archive),4,5181,2856,2617,126,113
1631514,z1_leberecht_maass_(kancolle),4,3152,2853,2586,138,129
1276066,hoto_cocoa,4,3228,2852,2545,159,148
1524970,reisalin_stout,4,3850,2839,2548,139,152
1448715,kizuna_akari,4,3723,2837,2601,125,111
1566117,kal'tsit_(arknights),4,4316,2832,2551,158,123
1595577,surtr_(arknights),4,3754,2832,2542,142,148
1452972,yorigami_shion,4,3508,2832,2558,117,157
1852825,iono_(pokemon),4,4415,2814,2534,151,129
634453,barnaby_brooks_jr.,4,3367,2808,2489,190,129
437574,shirai_kuroko,4,3511,2807,2498,163,146
1682833,satono_diamond_(umamusume),4,3859,2803,2518,137,148
14152,kakyoin_noriaki,4,3651,2803,2543,127,133
649985,kaburagi_t._kotetsu,4,3256,2797,2490,175,132
1515525,mayuzumi_fuyuko,4,3476,2795,2507,153,135
1333466,emilia_(re:zero),4,3786,2787,2490,149,148
1631516,z3_max_schultz_(kancolle),4,3118,2787,2533,131,123
1631389,taihou_(kancolle),4,3125,2786,2488,135,163
663996,jougasaki_rika,4,3203,2782,2520,142,120
12296,lunasa_prismriver,4,3488,2779,2515,118,146
1275726,oboro_(kancolle),4,3163,2775,2504,139,132
1593453,fern_(sousou_no_frieren),4,6160,2770,2489,130,151
664492,maekawa_miku,4,3039,2770,2467,149,154
1675937,kaedehara_kazuha,4,3884,2765,2528,118,119
9681,kyon,4,3936,2763,2512,128,123
1933159,shirakami_fubuki_(1st_costume),4,3766,2762,2501,121,140
620175,mikasa_ackerman,4,3681,2762,2504,116,142
1283598,bronya_zaychik,4,3926,2761,2520,116,125
1630489,aoba_(kancolle),4,3046,2761,2484,139,138
1593304,don-chan_(usada_pekora),4,3372,2758,2512,111,135
1417248,common_raccoon_(kemono_friends),4,3241,2751,2441,156,154
1443053,nakano_miku,4,3637,2750,2493,124,133
421104,eila_ilmatar_juutilainen,4,3375,2750,2452,148,150
1631474,warspite_(kancolle),4,3095,2746,2451,168,127
682208,bridget_(guilty_gear),4,3638,2744,2504,127,113
1622307,hasumi_(blue_archive),4,4209,2737,2453,141,143
1431828,elizabeth_bathory_(fate),4,3071,2735,2448,141,146
1631023,i-401_(kancolle),4,3036,2726,2450,139,137
620127,narukami_yuu,4,0,2723,2410,134,179
1630673,fusou_(kancolle),4,3058,2720,2433,161,126
1631239,non-human_admiral_(kancolle),4,2821,2719,2427,151,141
1478507,iskandar_(fate),4,3293,2718,2455,147,116
8956,star_sapphire,4,3407,2713,2447,142,124
1602944,mudrock_(arknights),4,3499,2706,2444,139,123
1380244,kumano_(kancolle),4,3012,2706,2393,144,169
466818,misty_(pokemon),4,3986,2704,2435,123,146
1435236,oda_nobunaga_(fate),4,3531,2703,2470,108,125
1295748,mercy_(overwatch),4,3247,2701,2443,135,123
1429424,tokitsukaze_(kancolle),4,3041,2701,2449,134,118
1325863,robin_(fire_emblem),4,3888,2698,2418,155,125
758462,kirigiri_kyoko,4,3787,2689,2434,123,132
1627620,kiyohime_(fate),4,3010,2685,2387,156,142
1435235,nitocris_(fate),4,3198,2668,2403,138,127
2075923,octoling_player_character,4,4867,2665,2371,134,160
1316036,takami_chika,4,3571,2664,2408,135,121
1685269,ceres_fauna,4,4934,2655,2408,128,119
1631303,satsuki_(kancolle),4,2906,2655,2370,156,129
1886276,corrin_(female)_(fire_emblem),4,3734,2650,2386,143,121
700406,reizei_mako,4,3090,2649,2380,144,125
626945,shokuhou_misaki,4,3417,2648,2341,141,166
1530284,bea_(pokemon),4,3174,2644,2419,107,118
1682831,kitasan_black_(umamusume),4,3554,2638,2409,125,104
1262414,izumi_sagiri,4,2916,2637,2386,122,129
1361608,boko_(girls_und_panzer),4,2939,2636,2340,150,146
1405055,fennec_(kemono_friends),4,3021,2618,2348,110,160
1631081,kagerou_(kancolle),4,2858,2615,2324,157,134
1682871,kazusa_(blue_archive),4,7127,2606,2330,133,143
1629409,artoria_pendragon_(lancer)_(fate),4,3310,2603,2387,87,129
1845992,noa_(blue_archive),4,5184,2602,2330,128,144
1275732,uzuki_(kancolle),4,2922,2602,2306,133,163
563892,kirito,4,3298,2596,2356,121,119
1526515,nessa_(pokemon),4,3304,2595,2334,128,133
1465315,tomoe_gozen_(fate),4,2861,2595,2339,137,119
413396,giorno_giovanna,4,3679,2591,2350,105,136
8955,luna_child,4,3141,2591,2330,131,130
9077,miura_azusa,4,3144,2590,2343,120,127
1664919,yoimiya_(genshin_impact),4,3415,2588,2332,144,112
1275731,shiratsuyu_(kancolle),4,2874,2584,2311,149,124
512930,alice_(alice_in_wonderland),4,3295,2582,2299,146,137
1631126,kiyoshimo_(kancolle),4,2844,2569,2349,123,97
1628203,midori_(blue_archive),4,4422,2566,2345,120,101
1631134,kuma_(kancolle),4,3061,2565,2333,110,122
1631452,urakaze_(kancolle),4,2856,2563,2301,141,121
12107,kotomine_kirei,4,3336,2562,2254,167,141
1055516,akari_(pokemon),4,3335,2558,2294,132,132
1762231,kirima_syaro,4,2892,2551,2281,145,125
527774,monkey_d._luffy,4,5466,2548,2313,124,111
1630519,ashigara_(kancolle),4,2935,2541,2301,135,105
1964868,yamada_ryo,4,4894,2532,2255,143,134
1533761,amber_(genshin_impact),4,3082,2532,2260,115,157
8954,sunny_milk,4,3085,2531,2283,135,113
1631010,hyuuga_(kancolle),4,2821,2531,2270,129,132
660393,kise_yayoi,4,2802,2530,2294,132,104
700933,hayami_kanade,4,2836,2526,2283,118,125
660394,midorikawa_nao,4,2848,2525,2315,106,104
8553,yagami_hayate,4,3306,2524,2230,147,147
407910,higashikata_josuke,4,3146,2524,2262,112,150
1630524,atlanta_(kancolle),4,2988,2521,2228,164,129
1271044,raiden_mei,4,4243,2513,2283,106,124
1403841,yoshida_yuuko_(machikado_mazoku),4,3176,2511,2269,106,136
1337527,mika_(girls_und_panzer),4,2935,2511,2259,141,111
1440018,illustrious_(azur_lane),4,3079,2510,2219,142,149
1631066,jintsuu_(kancolle),4,2791,2509,2269,118,122
375279,waver_velvet,4,3165,2508,2272,133,103
1387675,kamado_nezuko,4,2994,2503,2261,126,116
1631194,mogami_(kancolle),4,2897,2502,2248,141,113
344358,roronoa_zoro,4,4512,2501,2228,135,138
1672736,twilight_(spy_x_family),4,3510,2495,2267,114,114
721694,tatsumaki,4,3842,2491,2270,118,103
1240694,ruby_rose,4,3329,2491,2268,113,110
382076,hiiragi_tsukasa,4,3363,2489,2228,144,117
1646757,special_week_(umamusume),4,3401,2485,2228,131,126
407911,jonathan_joestar,4,3349,2484,2185,129,170
1385142,isokaze_(kancolle),4,2732,2484,2235,123,126
419123,shirogane_naoto,4,3252,2482,2169,143,170
601487,enoshima_junko,4,3578,2480,2249,100,131
1631447,unryuu_(kancolle),4,2723,2479,2239,110,130
1602206,qiqi_(genshin_impact),4,2942,2466,2249,113,104
9074,hagiwara_yukiho,4,3049,2459,2216,118,125
1452342,amamiya_ren,4,3772,2455,2182,121,152
1467675,symboli_rudolf_(umamusume),4,3391,2454,2210,115,129
1540881,w_(arknights),4,3595,2450,2231,103,116
1275717,hatsuyuki_(kancolle),4,2772,2450,2220,135,95
476837,holo,4,3464,2447,2217,94,136
1806092,shiroko_(swimsuit)_(blue_archive),4,3281,2437,2205,103,129
1596241,diluc_(genshin_impact),4,3318,2433,2180,122,131
1333601,ram_(re:zero),4,2901,2430,2206,107,117
1799501,karin_(bunny)_(blue_archive),4,3265,2429,2199,116,114
12514,shiranui_mai,4,4594,2428,2194,115,119
1667138,wa2000_(girls'_frontline),4,2922,2427,2150,138,139
1631174,michishio_(kancolle),4,2685,2425,2181,120,124
401823,sonic_the_hedgehog,4,4397,2423,2134,130,159
1631385,taigei_(kancolle),4,2605,2420,2166,123,131
1464778,nakano_yotsuba,4,3230,2415,2204,97,114
1318502,callie_(splatoon),4,3707,2413,2153,117,143
1596439,mutsuki_(blue_archive),4,4436,2409,2172,125,112
761961,weiss_schnee,4,3200,2398,2179,103,116
403357,nia_teppelin,4,3125,2396,2108,143,145
1246772,mankanshoku_mako,4,2914,2390,2156,112,122
510605,makise_kurisu,4,3173,2389,2149,134,106
9076,akizuki_ritsuko,4,2872,2389,2134,119,136
1452975,yorigami_jo'on,4,2977,2382,2189,84,109
508752,pyonta,4,3124,2376,2136,140,100
438339,rotom,4,3458,2373,2157,100,116
378867,dark_magician_girl,4,3464,2371,2108,118,145
499269,miyu_edelfelt,4,2985,2369,2156,93,120
1631299,saratoga_(kancolle),4,2714,2345,2137,106,102
1630708,harusame_(kancolle),4,2652,2343,2111,123,109
1758613,ui_(blue_archive),4,3763,2337,2088,130,119
1631478,yahagi_(kancolle),4,2634,2331,2076,135,120
1630472,akitsu_maru_(kancolle),4,2612,2330,2063,141,126
1598223,kayoko_(blue_archive),4,6510,2329,2082,117,130
1399517,tippy_(gochiusa),4,2568,2327,2112,117,98
411462,aisaka_taiga,4,3256,2322,2053,137,132
1440130,laffey_(azur_lane),4,2687,2321,2084,128,109
406263,satonaka_chie,4,3063,2319,2066,129,124
1236625,eren_yeager,4,3156,2317,2082,106,129
1627610,katsushika_hokusai_(fate),4,2728,2316,2106,107,103
658637,chitanda_eru,4,2682,2312,2079,119,114
1701171,march_7th_(honkai:_star_rail),4,5418,2311,2059,138,114
1279297,yura_(kancolle),4,2543,2306,2109,91,106
1630723,hatsuzuki_(kancolle),4,2692,2305,2042,125,138
1719005,hakui_koyori,4,3564,2303,2056,116,131
1459161,tsukino_mito,4,3316,2293,2062,119,112
1525544,itadori_yuuji,4,3133,2278,2059,121,98
1481047,akai_haato,4,2684,2276,2065,111,100
1318503,marie_(splatoon),4,3456,2266,2022,115,129
1932888,yuuka_(track)_(blue_archive),4,3264,2263,2032,120,111
398775,sheryl_nome,4,3085,2263,2027,108,128
1366306,rowlet,4,3037,2259,2054,110,95
1398811,kanna_kamui,4,2887,2257,2012,133,112
1620953,hifumi_(blue_archive),4,3578,2250,2021,116,113
603070,charlotte_(madoka_magica),4,2895,2249,2023,104,122
1311294,gran_(granblue_fantasy),4,2637,2248,2044,96,108
1432467,morgan_le_fay_(fate),4,4124,2247,2007,129,111
11853,haruno_sakura,4,4201,2239,1990,127,122
1255756,t-head_admiral,4,2429,2234,2062,87,85
660390,aoki_reika,4,2546,2233,2035,105,93
1440020,takao_(azur_lane),4,2543,2215,1995,119,101
1341257,toga_himiko,4,2987,2214,1969,126,119
539789,beatrice_(umineko),4,2922,2213,2008,105,100
471219,kousaka_kirino,4,2772,2213,1977,120,116
12355,uzumaki_naruto,4,3847,2212,2010,92,110
436994,sakurai_momoka,4,2867,2206,2003,109,94
1631206,mutsuki_(kancolle),4,2447,2206,1982,106,118
1378260,lana_(pokemon),4,2879,2204,1969,87,148
439625,kaenbyou_rin_(cat),4,2705,2198,2003,103,92
670005,yukine_chris,4,2751,2195,1986,114,95
414823,erica_hartmann,4,2642,2193,1932,142,119
1544632,mostima_(arknights),4,2807,2191,1961,99,131
414822,miyafuji_yoshika,4,2683,2186,1955,109,122
772426,ohtsuki_yui,4,2584,2186,1972,115,99
482064,makinami_mari_illustrious,4,2588,2185,2020,83,82
11053,houjou_satoko,4,2909,2181,1948,107,126
1440202,enterprise_(azur_lane),4,2589,2179,1951,103,125
1257126,p-head_producer,4,2753,2176,1942,133,101
527779,han_juri,4,3487,2174,1922,119,133
1449263,nia_(xenoblade),4,3061,2173,1922,126,125
1624414,neru_(blue_archive),4,3738,2170,1967,93,110
1549045,tsunomaki_watame,4,2920,2168,1935,94,139
1933166,ninomae_ina'nis_(1st_costume),4,2860,2165,1970,93,102
9081,futami_mami,4,2560,2157,1937,119,101
1634527,arima_kana,4,3069,2156,1973,82,101
1267920,re-class_battleship,4,2316,2156,1930,99,127
707204,dizzy_(guilty_gear),4,3135,2154,1936,107,111
1631440,u-511_(kancolle),4,2328,2154,1951,109,94
11349,ryuuguu_rena,4,3433,2145,1937,100,108
1674212,irys_(hololive),4,3823,2143,1937,98,108
1630695,haguro_(kancolle),4,2473,2141,1924,117,100
1193071,yuuki_makoto_(persona_3),4,3963,2140,1962,93,85
1789597,asakura_toru,4,2710,2136,1909,106,121
1817174,inkling_boy,4,3256,2126,1904,126,96
1630210,abukuma_(kancolle),4,2289,2126,1887,126,113
473279,unzan,4,2747,2124,1907,102,115
16122,nico_robin,4,4748,2120,1904,109,107
1440110,akagi_(azur_lane),4,2499,2118,1927,94,97
1384409,akamatsu_kaede,4,3980,2117,1866,113,138
1667140,ump9_(girls'_frontline),4,2507,2115,1904,115,96
1467838,oguri_cap_(umamusume),4,3041,2113,1909,101,103
1623528,dodoco_(genshin_impact),4,2438,2113,1916,98,99
1931043,stelle_(honkai:_star_rail),4,8027,2111,1914,100,97
1432299,matara_okina,4,2793,2111,1878,96,137
1630477,akizuki_(kancolle),4,2387,2108,1898,109,101
700404,isuzu_hana,4,2441,2107,1907,119,81
1586177,omaru_polka,4,2950,2106,1903,86,117
1860581,wanderer_(genshin_impact),4,8091,2105,1924,98,83
1467925,vodka_(umamusume),4,2555,2105,1889,97,119
1525545,fushiguro_megumi,4,2816,2102,1888,98,116
549180,kashiwazaki_sena,4,2370,2101,1860,132,109
1719006,kazama_iroha,4,3224,2100,1875,105,120
1388692,touhoku_kiritan,4,3378,2092,1902,106,84
1447375,tamamo_cat_(fate),4,2535,2091,1899,95,97
13543,hyuuga_hinata,4,3572,2089,1885,84,120
1933165,watson_amelia_(1st_costume),4,3051,2086,1916,86,84
1631333,shikinami_(kancolle),4,2404,2085,1896,103,86
1933144,sakamata_chloe_(1st_costume),4,2684,2082,1889,103,90
1440070,kaga_(azur_lane),4,2417,2081,1864,109,108
1316167,kurosawa_dia,4,2683,2080,1874,90,116
1316169,matsuura_kanan,4,2842,2079,1853,121,105
1765430,jeanne_d'arc_alter_(swimsuit_berserker)_(fate),4,2565,2078,1880,101,97
1631032,i-8_(kancolle),4,2297,2077,1866,111,100
1631433,tone_(kancolle),4,2280,2077,1846,124,107
12094,arcueid_brunestud,4,3644,2076,1877,99,100
1702683,diarmuid_ua_duibhne_(lancer)_(fate),4,2452,2072,1873,107,92
12112,emiya_kiritsugu,4,2779,2068,1825,129,114
1631090,kamikaze_(kancolle),4,2272,2068,1866,109,93
1631116,kisaragi_(kancolle),4,2267,2068,1829,118,121
420872,gertrud_barkhorn,4,2510,2065,1824,140,101
1814848,takodachi_(ninomae_ina'nis),4,3056,2063,1869,104,90
466559,kouzuki_kallen,4,2915,2063,1877,83,103
1786496,artoria_caster_(fate),4,3281,2057,1859,100,98
657125,ia_(vocaloid),4,2376,2048,1841,113,94
1677019,baobhan_sith_(fate),4,4841,2046,1837,118,91
1250855,hex_maniac_(pokemon),4,3373,2045,1811,141,93
1682888,saori_(blue_archive),4,4555,2043,1870,83,90
713449,morikubo_nono,4,2292,2036,1767,123,146
1933160,inugami_korone_(1st_costume),4,2631,2034,1843,100,91
1386288,harukawa_maki,4,3065,2030,1841,86,103
12297,merlin_prismriver,4,2623,2030,1850,72,108
598066,houjou_hibiki,4,2259,2027,1789,124,114
662472,takanashi_rikka,4,2271,2025,1817,101,107
1287911,hino_akane_(smile_precure!),4,2331,2024,1816,115,93
1646767,twin_turbo_(umamusume),4,2722,2023,1826,90,107
557446,ethan_(pokemon),4,3153,2022,1828,89,105
1467626,anastasia_(fate),4,2317,2022,1835,89,98
1561724,fukumaru_koito,4,2366,2018,1840,91,87
12405,nagisa_kaworu,4,3201,2015,1786,115,114
666034,akagi_miria,4,2492,2015,1827,94,94
1631265,pola_(kancolle),4,2351,2013,1817,90,106
1252196,akuma_homura,4,2509,2007,1811,107,89
1316166,kunikida_hanamaru,4,2495,2005,1788,89,128
1602199,ningguang_(genshin_impact),4,2494,2005,1834,97,74
1251354,phosphophyllite,4,2401,2004,1794,89,121
4906,lum,4,2789,2003,1801,98,104
853361,bb_(fate/extra),4,2375,2001,1778,106,117
1183449,nonna_(girls_und_panzer),4,2332,2000,1778,101,121
12298,lyrica_prismriver,4,2562,1999,1811,83,105
717136,aida_mana,4,2186,1999,1801,102,96
1408667,kochou_shinobu,4,2489,1993,1779,108,106
1483850,napoleon_bonaparte_(fate),4,2353,1990,1732,131,127
386434,piplup,4,2808,1987,1781,105,101
1631188,miyuki_(kancolle),4,2240,1987,1789,115,83
615600,toshinou_kyouko,4,2426,1983,1795,97,91
1459170,hachimiya_meguru,4,2486,1982,1782,107,93
438007,kamijou_touma,4,2714,1978,1787,92,99
476084,saten_ruiko,4,2518,1977,1754,108,115
1533460,lysithea_von_ordelia,4,2400,1975,1767,105,103
1680379,mash_kyrielight_(dangerous_beast),4,2468,1973,1788,93,92
1644998,mihono_bourbon_(umamusume),4,2614,1968,1761,93,114
1630675,gambier_bay_(kancolle),4,2255,1966,1800,79,87
1524282,lio_fotia,4,2269,1964,1764,111,89
1933143,la+_darknesss_(1st_costume),4,2267,1964,1754,112,98
454513,hanekawa_tsubasa,4,2544,1958,1753,96,109
1472743,ibaraki_douji_(fate),4,2384,1957,1752,94,111
1584985,nonomi_(blue_archive),4,3540,1956,1737,98,121
1627569,fou_(fate),4,2458,1954,1780,90,84
615289,hilbert_(pokemon),4,2750,1953,1722,105,126
543959,sakura_miku,4,2563,1950,1781,90,79
1431862,nero_claudius_(swimsuit_caster)_(fate),4,2164,1946,1739,100,107
10284,asakura_ryouko,4,0,1946,1767,68,111
1585360,battleship_princess,4,2067,1942,1759,84,99
1533066,hilda_valentine_goneril,4,2540,1938,1737,102,99
1488442,bb_(swimsuit_mooncancer)_(fate),4,2364,1936,1735,109,92
466393,lelouch_vi_britannia,4,2980,1933,1748,87,98
1525756,sonia_(pokemon),4,2547,1931,1717,116,98
663681,honda_mio,4,2168,1931,1729,104,98
1452668,hassan_of_serenity_(fate),4,2127,1929,1731,79,119
1551569,nian_(arknights),4,2770,1927,1744,86,97
1747952,miyako_(blue_archive),4,3548,1926,1756,85,85
1670077,springfield_(girls'_frontline),4,2296,1921,1729,107,85
1610754,yu_mei-ren_(fate),4,2174,1920,1750,84,86
1644994,mayano_top_gun_(umamusume),4,2467,1918,1705,108,105
1633650,yuzu_(blue_archive),4,2968,1917,1707,120,90
1275722,makigumo_(kancolle),4,2182,1916,1687,115,114
1387121,tamamo_no_mae_(swimsuit_lancer)_(fate),4,2148,1915,1751,84,80
9080,futami_ami,4,2296,1914,1729,97,88
1533350,morpeko,4,2352,1913,1754,80,79
403861,kyonko,4,2349,1912,1778,73,61
1631510,yuugumo_(kancolle),4,2135,1904,1712,91,101
394317,rosalina,4,3164,1899,1697,100,102
1524986,specter_(arknights),4,2534,1899,1703,92,104
445847,charizard,4,2836,1888,1662,119,107
573907,blue_oak,4,2904,1887,1704,63,120
1654886,kudamaki_tsukasa,4,2622,1886,1735,77,74
1402355,kagari_atsuko,4,2401,1886,1686,95,105
1631016,i-168_(kancolle),4,2194,1886,1684,94,108
409162,senjougahara_hitagi,4,2814,1885,1690,106,89
1625330,hibiki_(blue_archive),4,2569,1885,1674,112,99
1631046,ise_(kancolle),4,2109,1884,1687,104,93
1630685,gotland_(kancolle),4,2189,1881,1673,113,95
1670936,accelerator_(toaru_majutsu_no_index),4,2704,1879,1695,97,87
554006,tachibana_kanade,4,2551,1876,1726,72,78
1630677,gangut_(kancolle),4,2027,1876,1686,97,93
1517401,lize_helesta,4,2763,1871,1673,108,90
717140,hishikawa_rikka,4,2568,1866,1699,93,74
4587,shana,4,2530,1865,1592,148,125
1605760,iori_(blue_archive),4,3122,1864,1682,94,88
1406537,shima_rin,4,2191,1864,1628,114,122
1317200,endeavor_(boku_no_hero_academia),4,2264,1863,1645,97,121
938279,lyn_(fire_emblem),4,2479,1860,1671,94,95
565443,shinjou_akane,4,2324,1859,1680,96,83
1227373,sessyoin_kiara,4,2597,1856,1661,96,99
1586174,momosuzu_nene,4,2567,1856,1691,59,106
660392,hoshizora_miyuki,4,2121,1856,1694,95,67
1234829,yang_xiao_long,4,2630,1854,1646,111,97
530171,kurumi_erika,4,2210,1854,1688,76,90
664082,miyamoto_frederica,4,2103,1854,1674,91,89
1316168,kurosawa_ruby,4,2465,1852,1656,101,95
1838442,alhaitham_(genshin_impact),4,3096,1849,1655,101,93
1534498,meltryllis_(swimsuit_lancer)_(fate),4,2204,1849,1683,77,89
1631071,jun'you_(kancolle),4,2062,1849,1684,80,85
610107,akaza_akari,4,2204,1848,1688,85,75
1522661,angelina_(arknights),4,2449,1845,1672,82,91
553633,lyra_(pokemon),4,2570,1843,1687,70,86
1317049,seiran_(touhou),4,2200,1843,1679,72,92
691541,perrine_h._clostermann,4,2195,1842,1639,93,110
408655,kasane_teto,4,10241,1838,1646,109,83
1593680,ashiya_douman_(fate),4,2052,1838,1665,81,92
1346647,shinomiya_kaguya,4,2337,1831,1676,73,82
1613891,albedo_(genshin_impact),4,2359,1830,1688,77,65
1406378,shoebill_(kemono_friends),4,2138,1829,1595,121,113
1534338,kicchou_yachie,4,2785,1826,1645,99,82
1350741,darkness_(konosuba),4,2864,1825,1641,78,106
1631112,kinugasa_(kancolle),4,2123,1825,1634,97,94
1596245,kaeya_(genshin_impact),4,2644,1822,1652,79,91
1425456,seele_vollerei,4,2688,1821,1631,106,84
1542542,higashiyama_kobeni,4,2479,1818,1645,87,86
1387748,katsuki_yuuri,4,1916,1818,1642,71,105
1971293,hanako_(swimsuit)_(blue_archive),4,2703,1810,1605,89,116
1629430,mysterious_heroine_xx_(fate),4,2077,1810,1614,101,95
1631225,nagatsuki_(kancolle),4,1949,1808,1641,95,72
591906,panty_(psg),4,2336,1807,1621,86,100
713731,tedeza_rize,4,2013,1806,1636,94,76
1631376,suzutsuki_(kancolle),4,2084,1805,1640,79,86
700409,tsumiki_mikan,4,2460,1803,1632,86,85
1268743,ujimatsu_chiya,4,1979,1803,1576,84,143
1629361,ushiwakamaru_(fate),4,2168,1801,1632,86,83
1634345,izuna_(blue_archive),4,3160,1798,1632,77,89
1542251,orange_pekoe_(girls_und_panzer),4,2041,1796,1605,94,97
1387712,viktor_nikiforov,4,1893,1792,1620,71,101
1630542,choukai_(kancolle),4,1984,1791,1593,104,94
394054,louise_francoise_le_blanc_de_la_valliere,4,2439,1789,1653,75,61
1933175,nekomata_okayu_(1st_costume),4,2391,1786,1631,70,85
395970,ranka_lee,4,2359,1786,1601,73,112
1654650,skadi_the_corrupting_heart_(arknights),4,2374,1785,1607,82,96
1250847,junketsu,4,2419,1783,1609,95,79
1827774,sanji_(one_piece),4,3585,1780,1589,100,91
599208,charlotte_e._yeager,4,2200,1779,1557,102,120
1239070,akatsuki_kirika,4,2093,1778,1607,79,92
1631244,noshiro_(kancolle),4,1990,1775,1557,118,100
1255499,satou_kazuma,4,2782,1773,1614,83,76
1667145,ak-12_(girls'_frontline),4,2192,1773,1565,99,109
1405419,lucky_beast_(kemono_friends),4,2069,1767,1534,110,123
1933211,nanashi_mumei_(1st_costume),4,2855,1765,1598,80,87
1678981,kujou_sara,4,2175,1764,1596,69,99
1631211,nachi_(kancolle),4,2030,1761,1634,48,79
1629420,jeanne_d'arc_alter_santa_lily_(fate),4,1978,1756,1581,79,96
1248475,jinx_(league_of_legends),4,2946,1754,1563,93,98
171918,android_18,4,2560,1753,1573,89,91
1440145,javelin_(azur_lane),4,1998,1751,1568,95,88
1693513,elizabeth_bathory_(fate/extra_ccc),4,0,1751,1543,101,107
1990869,adventurer_(ff11),4,2257,1750,1541,120,89
414820,lynette_bishop,4,2128,1749,1575,88,86
1631163,maru-yu_(kancolle),4,1926,1748,1580,74,94
1631425,teruzuki_(kancolle),4,1986,1747,1552,105,90
1539717,reze_(chainsaw_man),4,2506,1740,1566,87,87
416172,kujikawa_rise,4,2357,1740,1513,117,110
1292966,asui_tsuyu,4,2190,1739,1590,80,69
1275721,kuroshio_(kancolle),4,1913,1737,1570,82,85
14180,lilith_aensland,4,0,1737,1569,89,79
1378262,mallow_(pokemon),4,2249,1733,1559,81,93
1978894,9s_(nier:automata),4,2281,1732,1545,87,100
681874,shiomi_syuko,4,1980,1729,1557,83,89
1631495,yayoi_(kancolle),4,1844,1728,1557,81,90
1657251,elira_pendora,4,2135,1724,1560,75,89
1735921,asashio_kai_ni_(kancolle),4,1949,1723,1555,82,86
1589924,simon_(ttgl),4,2509,1717,1518,89,110
753977,sinon,4,2004,1717,1555,83,79
1618002,slime_(genshin_impact),4,2264,1712,1547,82,83
1300728,oumae_kumiko,4,2294,1708,1560,75,73
1631102,katsuragi_(kancolle),4,1861,1706,1536,76,94
1644982,curren_chan_(umamusume),4,2523,1704,1506,102,96
1734866,musashi_kai_ni_(kancolle),4,1880,1704,1513,108,83
1626315,dusk_(arknights),4,2976,1699,1515,91,93
512688,brendan_(pokemon),4,2429,1699,1509,104,86
1524993,saria_(arknights),4,2087,1692,1533,77,82
1643688,azusa_(blue_archive),4,2706,1691,1537,74,80
7477,noumi_kudryavka,4,2011,1691,1494,98,99
1639112,sendai_kai_ni_(kancolle),4,2685,1690,1536,87,67
7914,mizuno_ami,4,2293,1690,1510,90,90
301250,yae_sakura,4,2171,1687,1529,70,88
1403842,chiyoda_momo,4,2120,1683,1519,69,95
1644976,admire_vega_(umamusume),4,2723,1682,1504,95,83
1734277,oda_nobunaga_(koha-ace),4,2072,1682,1527,68,87
7794,aino_minako,4,2237,1681,1494,99,88
1447957,nero_claudius_(bride)_(fate),4,1893,1680,1513,83,84
601490,monokuma,4,2453,1679,1495,86,98
1459802,shirase_sakuya,4,2101,1679,1522,75,82
385134,ushiromiya_battler,4,2339,1677,1504,91,82
1645007,seiun_sky_(umamusume),4,2229,1677,1499,86,92
12106,kousaka_tamaki,4,2168,1677,1534,69,74
1493611,kemomimi-chan_(naga_u),4,1867,1677,1499,108,70
1631357,shirayuki_(kancolle),4,1879,1675,1498,103,74
1862390,hiroi_kikuri,4,3157,1672,1506,80,86
1462453,morino_rinze,4,2002,1672,1509,97,66
1630510,asashimo_(kancolle),4,1855,1672,1502,88,82
16082,ryougi_shiki,4,2326,1671,1522,73,76
2007520,houshou_marine_(summer),4,2057,1671,1495,94,82
405240,amagi_yukiko,4,2243,1670,1466,111,93
1441509,andou_(girls_und_panzer),4,1973,1670,1543,62,65
1808100,dan_heng_(honkai:_star_rail),4,3030,1661,1505,85,71
99,shinku,4,2435,1659,1473,86,100
2018110,neptune_(neptunia),4,2146,1659,1482,92,85
1644983,eishin_flash_(umamusume),4,2232,1658,1487,98,73
1470527,natori_sana,4,2325,1655,1513,80,62
1577501,lisa_(genshin_impact),4,2171,1655,1496,74,85
1560134,morpeko_(full),4,2073,1653,1510,71,72
1541326,hoshikawa_sara,4,2116,1652,1473,98,81
445901,gengar,4,2530,1650,1473,95,82
1423783,eternity_larva,4,1866,1650,1466,86,98
1886280,robin_(female)_(fire_emblem),4,2384,1649,1489,89,71
1239637,jakuzure_nonon,4,1992,1648,1493,86,69
1631373,suzukaze_(kancolle),4,1813,1647,1480,81,86
10546,vegeta,4,2599,1646,1527,62,57
1665751,t-head_trainer,4,0,1646,1468,92,86
716185,nishizumi_shiho,4,2102,1644,1482,92,70
1298160,kotonoha_akane,4,2212,1642,1459,97,86
426767,ikamusume,4,2164,1642,1482,81,79
399582,lucario,4,2801,1638,1497,74,67
1732422,kasumi_kai_ni_(kancolle),4,2560,1634,1478,76,80
1549066,himemori_luna,4,2172,1632,1453,86,93
502807,shinki_(touhou),4,2171,1632,1487,71,74
1420942,yuuki_setsuna_(love_live!),4,0,1629,1475,76,78
663460,sasaki_chie,4,2070,1628,1462,94,72
1675744,selen_tatsuki,4,2012,1628,1426,97,105
1186381,arch_bishop_(ragnarok_online),4,2936,1627,1478,85,64
663432,kamiya_nao,4,1856,1626,1506,52,68
1682867,iroha_(blue_archive),4,2751,1624,1469,84,71
727253,hojo_karen,4,1891,1622,1490,55,77
1634607,hoshino_ai_(oshi_no_ko),4,0,1621,1447,78,96
1243759,horikawa_raiko,4,1968,1620,1473,86,61
1629435,krista_lenz,4,1993,1619,1504,58,57
1344590,matsuno_osomatsu,4,2022,1618,1438,102,78
1257062,pepperoni_(girls_und_panzer),4,1906,1617,1462,83,72
1749629,chouzetsusaikawa_tenshi-chan,4,3219,1614,1436,88,90
1554856,hayakawa_aki,4,2008,1614,1448,84,82
16066,raising_heart,4,2267,1611,1433,81,97
567872,n_(pokemon),4,2410,1610,1447,78,85
1344591,matsuno_karamatsu,4,1978,1609,1424,112,73
664313,moroboshi_kirari,4,1850,1608,1441,91,76
384405,irisviel_von_einzbern,4,2091,1605,1439,83,83
1501023,artoria_pendragon_(lancer_alter)_(fate),4,1999,1604,1451,78,75
1933161,kiryu_coco_(1st_costume),4,1766,1603,1439,73,91
432714,trafalgar_law,4,2809,1598,1449,97,52
1492381,shiina_yuika,4,2086,1598,1413,101,84
1460817,kuwayama_chiyuki,4,2021,1595,1422,94,79
1344593,matsuno_ichimatsu,4,1972,1595,1409,109,77
1344594,matsuno_jyushimatsu,4,1948,1595,1418,106,71
1933191,shishiro_botan_(1st_costume),4,1915,1595,1423,82,90
399147,yowane_haku,4,1830,1595,1443,79,73
1408471,camilla_(fire_emblem),4,2273,1594,1450,74,70
1645011,tamamo_cross_(umamusume),4,2155,1594,1422,70,102
1627626,leonardo_da_vinci_(fate),4,2195,1593,1425,78,90
1536889,kanroji_mitsuri,4,2206,1592,1441,86,65
1630499,arashio_(kancolle),4,1821,1590,1417,92,81
1446811,st._louis_(azur_lane),4,2176,1589,1428,75,86
1525780,rotom_phone,4,2328,1583,1443,68,72
467096,leaf_(pokemon),4,2532,1581,1434,53,94
1231206,levi_(shingeki_no_kyojin),4,2107,1577,1411,76,90
1266581,ramlethal_valentine,4,1959,1572,1448,64,60
1631402,tama_(kancolle),4,1840,1572,1428,71,73
1417247,japanese_crested_ibis_(kemono_friends),4,1753,1572,1401,76,95
664359,tachibana_hibiki_(symphogear),4,2104,1571,1426,75,70
1542253,rosehip_(girls_und_panzer),4,1811,1571,1386,75,110
12564,uchiha_sasuke,4,3043,1570,1381,95,94
707037,hoshi_syoko,4,1941,1568,1387,87,94
1644990,king_halo_(umamusume),4,2424,1565,1415,72,78
1467946,haru_urara_(umamusume),4,2044,1564,1400,82,82
1560614,saren_(princess_connect!),4,1901,1561,1427,55,79
1933189,yukihana_lamy_(1st_costume),4,1882,1560,1384,82,94
1594464,bloop_(gawr_gura),4,1861,1560,1410,77,73
1806087,hoshino_(swimsuit)_(blue_archive),4,2408,1559,1356,107,96
1933156,hoshimachi_suisei_(1st_costume),4,2384,1557,1403,87,67
1667329,oberon_(fate),4,2503,1556,1405,84,67
1533840,kurokoma_saki,4,2141,1555,1427,57,71
1810157,tighnari_(genshin_impact),4,2444,1554,1411,89,54
1581062,shiomi_kotone,4,2279,1553,1415,68,70
1459804,tsukioka_kogane,4,1806,1550,1361,91,98
1630445,agano_(kancolle),4,1723,1550,1367,91,92
1317067,ringo_(touhou),4,1866,1549,1415,65,69
1316170,ohara_mari,4,2243,1548,1388,71,89
1654887,iizunamaru_megumu,4,1975,1548,1427,56,65
1631054,isuzu_(kancolle),4,1697,1548,1414,61,73
1829691,juliana_(pokemon),4,2981,1547,1369,79,99
1825474,ichika_(blue_archive),4,2621,1547,1408,79,60
1793083,silver_wolf_(honkai:_star_rail),4,3519,1546,1390,77,79
1641844,yanfei_(genshin_impact),4,2092,1545,1393,87,65
658795,mimura_kanako,4,1697,1545,1391,82,72
11050,sonozaki_mion,4,2179,1544,1386,71,87
1597302,beidou_(genshin_impact),4,1997,1544,1395,87,62
697698,kirigaya_suguha,4,1867,1544,1392,81,71
1630529,ayanami_(kancolle),4,1860,1542,1389,83,70
628777,yuzuriha_inori,4,1900,1541,1389,87,65
1631062,jervis_(kancolle),4,1717,1540,1385,75,80
1412756,theresa_apocalypse,4,2507,1539,1403,78,58
436223,nanasaki_ai,4,1908,1538,1384,81,73
712088,leafa,4,0,1534,1400,66,68
1407816,silver_fox_(kemono_friends),4,1767,1533,1376,72,85
1525687,blue_poison_(arknights),4,1737,1533,1359,96,78
1407467,northern_white-faced_owl_(kemono_friends),4,1687,1533,1393,78,62
361258,ranma-chan,4,2628,1532,1359,85,88
1631141,libeccio_(kancolle),4,1686,1532,1366,93,73
1719012,takane_lui,4,2431,1531,1361,72,98
1933172,uruha_rushia_(1st_costume),4,1636,1531,1373,77,81
1383241,lusamine_(pokemon),4,2186,1530,1371,76,83
1365551,sakura_futaba,4,2152,1530,1362,81,87
518079,tiki_(fire_emblem),4,1950,1530,1358,91,81
529058,hanasaki_tsubomi,4,1843,1530,1388,66,76
593284,naegi_makoto,4,2179,1528,1318,95,115
1447804,oshida_(girls_und_panzer),4,1766,1528,1407,60,61
593802,minamino_kanade,4,1680,1527,1342,106,79
1508231,sunazuka_akira,4,1904,1526,1352,98,76
1160566,blake_belladonna,4,2168,1524,1376,79,69
596343,mima_(touhou),4,2015,1522,1371,60,91
1407560,kizuna_ai,4,1684,1522,1391,55,76
1421907,komi_shouko,4,2115,1521,1368,86,67
1682834,matikane_tannhauser_(umamusume),4,2206,1519,1382,68,69
1528228,le_malin_(azur_lane),4,1711,1519,1370,69,80
1273262,rensouhou-kun,4,1619,1518,1368,67,83
1296572,todoroki_shouto,4,0,1518,1367,90,61
1462526,higuchi_kaede,4,2146,1513,1373,65,75
657914,tokisaki_kurumi,4,2107,1513,1382,64,67
1419028,komano_aunn,4,2015,1509,1334,84,91
1382909,kawakaze_(kancolle),4,1599,1509,1345,79,85
13036,misumi_nagisa,4,1917,1507,1360,58,89
423669,saber_lily,4,1758,1503,1361,91,51
1493508,princess_king_boo,4,1706,1502,1342,87,73
1303014,producer_(idolmaster_cinderella_girls_anime),4,1704,1502,1326,86,90
1712705,adachi_rei,4,5414,1499,1344,82,73
1630653,fletcher_(kancolle),4,1796,1498,1360,65,73
386311,otonashi_kotori,4,1725,1495,1357,77,61
1534779,artoria_pendragon_(swimsuit_ruler)_(fate),4,1803,1494,1326,95,73
1517393,inui_toko,4,2123,1493,1325,86,82
1933183,minato_aqua_(1st_costume),4,2010,1492,1342,64,86
1631408,tashkent_(kancolle),4,1700,1490,1341,74,75
1526355,wattson_(apex_legends),4,1853,1488,1337,79,72
1525557,nanami_kento,4,1829,1487,1338,70,79
1627148,koyanskaya_(fate),4,2071,1486,1334,74,78
1581646,noelle_(genshin_impact),4,1906,1486,1351,62,73
606667,kirino_ranmaru,4,1705,1486,1343,67,76
1933164,takanashi_kiara_(1st_costume),4,2064,1485,1332,73,80
1584593,felicia_(vampire),4,0,1483,1366,64,53
1368824,takamaki_anne,4,2156,1482,1333,66,83
695285,sakuma_mayu,4,1760,1482,1333,73,76
1629640,martha_(fate),4,1718,1482,1323,74,85
1630671,furutaka_(kancolle),4,1677,1481,1294,93,94
386242,sakata_gintoki,4,2118,1480,1324,84,72
1420690,hikawa_sayo,4,1880,1479,1321,77,81
8586,chibi_usa,4,1818,1479,1314,74,91
1644977,agnes_digital_(umamusume),4,2065,1475,1344,61,70
1789592,osaki_amana,4,2010,1475,1324,74,77
1629414,artoria_pendragon_(alter_swimsuit_rider)_(fate),4,0,1475,1331,66,78
1644970,grass_wonder_(umamusume),4,1978,1474,1330,74,70
1446812,honolulu_(azur_lane),4,1798,1474,1338,66,70
1544952,piers_(pokemon),4,1714,1474,1360,75,39
1644973,narita_brian_(umamusume),4,2030,1473,1342,77,54
414816,sakamoto_mio,4,1770,1471,1297,84,90
1762182,ranni_the_witch,4,1984,1470,1325,71,74
1525577,hoshiguma_(arknights),4,1832,1470,1327,70,73
1886287,byleth_(male)_(fire_emblem),4,0,1468,1305,78,85
445954,bulbasaur,4,2260,1467,1293,76,98
568921,aegis_(persona),4,0,1465,1336,64,65
1676220,peroro_(blue_archive),4,2478,1463,1312,76,75
1409154,tohru_(maidragon),4,1901,1463,1324,77,62
1445023,hikawa_hina,4,1688,1461,1273,80,108
1627803,yang_guifei_(fate),4,1660,1461,1339,69,53
1631161,mamiya_(kancolle),4,1662,1459,1320,82,57
8276,bardiche,4,0,1459,1320,73,66
1527621,marianne_von_edmund,4,1856,1456,1308,67,81
1496188,yuzuki_choco,4,2154,1454,1310,66,78
1344592,matsuno_choromatsu,4,1821,1454,1286,107,61
1631208,myoukou_(kancolle),4,1754,1454,1308,87,59
1245442,i-class_destroyer,4,1613,1453,1299,81,73
1572074,lucifer_(helltaker),4,1819,1452,1281,74,97
2003712,tokoyami_towa_(jirai_kei),4,1818,1452,1303,66,83
1865424,rika_(pokemon),4,2977,1449,1314,70,65
1627695,marie_antoinette_(fate),4,1926,1449,1313,61,75
1667154,an-94_(girls'_frontline),4,1818,1449,1289,83,77
1515526,serizawa_asahi,4,1914,1448,1303,79,66
1627756,scathach_skadi_(fate),4,1748,1448,1285,80,83
396068,watatsuki_no_yorihime,4,1742,1448,1319,63,66
1675004,elysia_(honkai_impact),4,5742,1446,1304,62,80
1295749,tracer_(overwatch),4,1849,1446,1288,89,69
382079,takara_miyuki,4,1879,1445,1312,70,63
1932879,hibiki_(cheer_squad)_(blue_archive),4,1790,1445,1286,87,72
1503277,makaino_ririmu,4,2226,1444,1282,88,74
1513845,scorbunny,4,1899,1444,1298,75,71
1440177,z23_(azur_lane),4,1753,1444,1274,87,83
383738,vivio,4,1902,1443,1300,79,64
1409820,ezo_red_fox_(kemono_friends),4,1642,1443,1289,77,77
1303947,kashuu_kiyomitsu,4,1530,1443,1305,60,78
1535146,schwarz_(arknights),4,1634,1441,1299,75,67
727697,sylveon,4,2691,1438,1302,62,74
1631052,isonami_(kancolle),4,1595,1438,1305,69,64
1410565,fujiwara_chika,4,1986,1435,1302,76,57
8151,hino_rei,4,1908,1434,1276,80,78
1292970,yaoyorozu_momo,4,1979,1433,1312,58,63
1517396,ange_katrina,4,2453,1432,1283,77,72
1298161,kotonoha_aoi,4,2017,1431,1275,84,72
1639094,murakumo_kai_ni_(kancolle),4,2031,1426,1299,63,64
1757557,jeanne_d'arc_alter_(ver._shinjuku_1999)_(fate),4,1607,1426,1262,88,76
1443455,igarashi_futaba_(shiromanta),4,0,1425,1317,44,64
1304225,mikazuki_munechika,4,1561,1423,1240,74,109
1588986,abigail_williams_(swimsuit_foreigner)_(fate),4,1667,1422,1275,85,62
41,suiseiseki,4,2149,1421,1228,94,99
1561956,bremerton_(scorching-hot_training)_(azur_lane),4,1666,1419,1270,78,71
1631100,katori_(kancolle),4,1575,1419,1292,65,62
1627580,helena_blavatsky_(fate),4,1593,1418,1273,63,82
1627248,shun_(blue_archive),4,2140,1416,1269,87,60
1933148,tokoyami_towa_(1st_costume),4,1844,1415,1284,60,71
1667148,m4a1_(girls'_frontline),4,1695,1414,1281,70,63
1824247,etna_(disgaea),4,1937,1413,1284,49,80
1667163,commander_(girls'_frontline),4,2000,1409,1264,54,91
1495228,konno_junko,4,1524,1409,1247,96,66
674693,skyla_(pokemon),4,2332,1408,1231,92,85
1307612,nishi_kinuyo,4,1666,1408,1237,87,84
2018038,purple_heart_(neptunia),4,1661,1408,1240,100,68
1533833,haniyasushin_keiki,4,1816,1406,1262,63,81
1492855,hawks_(boku_no_hero_academia),4,1701,1406,1216,87,103
1462223,hatoba_tsugu,4,1734,1403,1228,94,81
1630559,enemy_aircraft_(kancolle),4,1486,1403,1253,76,74
392481,madotsuki,4,2056,1399,1275,63,61
2008086,osakabehime_(fate),4,1593,1399,1243,80,76
1375862,mimikyu,4,2151,1393,1248,79,66
657793,cure_peace,4,1530,1393,1248,79,66
595668,hatsune_miku_(append),4,1575,1392,1263,59,70
1688526,kokona_(blue_archive),4,2450,1391,1239,81,71
404724,kagura_(gintama),4,1739,1391,1237,90,64
1518710,hisakawa_hayate,4,1694,1391,1259,67,65
2018066,noire_(neptunia),4,1645,1391,1227,102,62
1829230,octoling_girl,4,3357,1390,1252,65,73
425771,glaceon,4,2418,1390,1262,50,78
1338854,mei_(overwatch),4,1809,1387,1247,72,68
606875,little_red_riding_hood_(grimm),4,1863,1386,1245,73,68
1593360,bibi_(tokoyami_towa),4,1785,1385,1268,53,64
425768,umbreon,4,2557,1384,1255,63,66
1344595,matsuno_todomatsu,4,1665,1384,1219,100,65
1684743,mr._c.b._(umamusume),4,2110,1382,1260,54,68
1677021,melusine_(fate),4,2494,1381,1220,84,77
547415,funami_yui,4,1681,1381,1251,70,60
674691,elesa_(pokemon),4,1905,1380,1223,79,78
1512399,wraith_(apex_legends),4,1662,1380,1269,46,65
403378,yuffie_kisaragi,4,2276,1378,1226,78,74
401594,palutena,4,2220,1378,1247,64,67
1499780,jeanne_d'arc_(swimsuit_archer)_(fate),4,1641,1378,1233,82,63
1768632,mysterious_heroine_x_alter_(fate),4,1589,1377,1236,77,64
1374966,kamado_tanjirou,4,1707,1375,1251,60,64
1768187,saki_(blue_archive),4,2371,1373,1220,62,91
1667146,g11_(girls'_frontline),4,1760,1372,1263,51,58
432816,kishibe_rohan,4,1700,1372,1234,64,74
510496,ryu_(street_fighter),4,2082,1370,1251,68,51
15221,hanyuu,4,1773,1370,1225,79,66
474547,uiharu_kazari,4,1603,1369,1225,71,73
1630726,hayashimo_(kancolle),4,1543,1369,1236,67,66
42,souseiseki,4,1709,1367,1213,66,88
658638,oreki_houtarou,4,1572,1367,1225,71,71
1670933,index_(toaru_majutsu_no_index),4,1944,1366,1209,67,90
1846970,rebecca_(cyberpunk),4,1860,1366,1219,62,85
1670940,last_order_(toaru_majutsu_no_index),4,1864,1364,1229,74,61
1288044,popuko,4,1618,1364,1194,88,82
1405975,grey_wolf_(kemono_friends),4,1623,1362,1241,65,56
1619061,jumpy_dumpty,4,1567,1362,1237,63,62
1304908,yamato-no-kami_yasusada,4,1430,1362,1229,52,81
1611363,kureiji_ollie,4,1902,1361,1239,61,61
1386217,umikaze_(kancolle),4,1470,1355,1235,53,67
1462508,tokino_sora,4,1869,1354,1237,61,56
902082,tateyama_ayano,4,1533,1354,1199,78,77
1827083,yoru_(chainsaw_man),4,2392,1353,1246,49,58
445833,jessie_(pokemon),4,2128,1352,1230,61,61
1972134,vita_(nanoha),4,1906,1351,1216,74,61
10146,koizumi_itsuki,4,1880,1351,1212,80,59
1724523,irida_(pokemon),4,1862,1351,1228,44,79
1630643,etorofu_(kancolle),4,1537,1350,1198,94,58
11427,kasugano_sakura,4,1813,1349,1201,74,74
354943,edward_elric,4,1820,1348,1211,62,75
1462454,sonoda_chiyoko,4,1772,1348,1205,75,68
1531714,baltimore_(azur_lane),4,1688,1346,1231,62,53
1667152,m4_sopmod_ii_(girls'_frontline),4,1598,1344,1194,68,82
4908,kero,4,0,1343,1208,57,78
8107,bulma,4,2130,1342,1205,69,68
1630693,hagikaze_(kancolle),4,1440,1342,1203,72,67
1258306,ninomiya_asuka,4,1494,1341,1205,76,60
1258989,failure_penguin,4,1431,1341,1181,103,57
1462457,komiya_kaho,4,1740,1340,1197,74,69
592111,oshawott,4,1840,1337,1193,75,69
1435315,oyama_mihari,4,1982,1335,1217,74,44
1630503,ark_royal_(kancolle),4,1466,1335,1204,48,83
8152,kino_makoto,4,1861,1332,1192,75,65
384100,natsume_rin,4,1657,1332,1219,57,56
424944,hanamura_yousuke,4,2008,1331,1174,75,82
1972686,fuwawa_abyssgard,4,3642,1330,1182,59,89
1644965,air_groove_(umamusume),4,1872,1330,1205,54,71
1522439,niwatari_kutaka,4,1834,1330,1214,48,68
387299,prisma_illya,4,1792,1330,1210,56,64
1525770,hop_(pokemon),4,1539,1329,1202,66,61
423040,amy_rose,4,2524,1325,1195,58,72
1518711,hisakawa_nagi,4,1573,1325,1204,58,63
2039817,minato_aqua_(sailor),4,1762,1324,1191,60,73
1631092,kamoi_(kancolle),4,1467,1324,1168,62,94
1841705,kaveh_(genshin_impact),4,2250,1323,1145,90,88
1713162,cyno_(genshin_impact),4,2129,1322,1196,73,53
1243753,tsukumo_benben,4,1613,1321,1186,75,60
663499,totoki_airi,4,1503,1321,1170,67,84
7559,luigi,4,2544,1320,1184,63,73
496829,makoto_nanaya,4,1772,1318,1202,50,66
1248309,sendai_hakurei_no_miko,4,1588,1316,1184,59,73
1972687,mococo_abyssgard,4,3561,1315,1171,62,82
542683,sonya_(kill_me_baby),4,1666,1311,1179,60,72
10082,sephiroth,4,3873,1310,1153,80,77
1933157,sakura_miko_(1st_costume),4,1728,1310,1195,50,65
466260,terra_branford,4,1833,1308,1144,79,85
1433946,marina_(splatoon),4,2180,1307,1188,67,52
1522707,siege_(arknights),4,1589,1306,1196,46,64
1753908,goldenglow_(arknights),4,2039,1304,1191,52,61
1436229,uehara_ayumu,4,2674,1303,1185,66,52
1567159,shinonome_ena,4,2190,1302,1182,48,72
418600,kamui_gakupo,4,1617,1302,1157,66,79
1464773,nakano_itsuki,4,1916,1300,1170,57,73
1307567,cagliostro_(granblue_fantasy),4,1436,1300,1187,74,39
1360561,natsuki_subaru,4,1944,1299,1152,71,76
717606,yukinoshita_yukino,4,1778,1299,1179,67,53
414819,francesca_lucchini,4,1571,1299,1147,72,80
54495,jean_pierre_polnareff,4,1586,1298,1162,64,72
1607938,getou_suguru,4,1871,1296,1180,54,62
1551542,dido_(azur_lane),4,1521,1296,1143,92,61
446937,reiuji_utsuho_(bird),4,1573,1293,1157,71,65
1533372,miyamoto_musashi_(swimsuit_berserker)_(fate),4,1559,1293,1165,70,58
1631358,shouhou_(kancolle),4,1418,1291,1138,101,52
677075,reiner_braun,4,1546,1289,1151,44,94
1589993,chongyun_(genshin_impact),4,1690,1287,1181,61,45
1432308,nishida_satono,4,1578,1287,1161,53,73
1513846,sobble,4,1566,1287,1162,60,65
1525546,kugisaki_nobara,4,1960,1285,1158,62,65
1575935,nagatoro_hayase,4,1817,1285,1176,58,51
1567162,tenma_tsukasa,4,1723,1285,1157,68,60
1406536,kagamihara_nadeshiko,4,1522,1285,1134,67,84
1667150,st_ar-15_(girls'_frontline),4,1511,1285,1153,64,68
1468121,nakano_ichika,4,1922,1284,1152,60,72
970886,roll_(mega_man),4,1923,1283,1162,63,58
1779349,kanna_(blue_archive),4,4607,1282,1173,49,60
1706706,toutetsu_yuuma,4,2044,1282,1162,56,64
1667157,m16a1_(girls'_frontline),4,1687,1282,1125,64,93
1459806,tanaka_mamimi,4,1601,1282,1143,61,78
1407454,atalanta_(fate),4,1435,1282,1135,74,73
13037,yukishiro_honoka,4,1651,1279,1157,54,68
1630497,arashi_(kancolle),4,1398,1279,1155,65,59
1584984,serika_(blue_archive),4,2797,1278,1152,65,61
1631260,oyashio_(kancolle),4,1469,1277,1136,53,88
1514982,elio_(pokemon),4,1659,1275,1147,65,63
1630505,asagumo_(kancolle),4,1390,1272,1144,64,64
1479089,okita_souji_alter_(fate),4,1410,1271,1160,69,42
520787,elin,4,1370,1271,1151,64,56
1993491,shiroko_terror_(blue_archive),4,2974,1268,1128,71,69
479648,hirasawa_ui,4,1559,1268,1141,59,68
1657252,pomu_rainpuff,4,1500,1266,1150,56,60
1639053,fubuki_kai_ni_(kancolle),4,2051,1265,1156,52,57
1304230,tsurumaru_kuninaga,4,1384,1265,1150,57,58
587823,tsurumaki_maki,4,1524,1264,1150,66,48
1567158,asahina_mafuyu,4,2372,1263,1152,47,64
1690906,kamisato_ayato,4,1843,1263,1141,65,57
5036,signum,4,1724,1263,1137,79,47
1341419,anila_(granblue_fantasy),4,1466,1263,1132,73,58
1295790,widowmaker_(overwatch),4,1691,1262,1158,64,40
382240,nekomusume,4,1569,1262,1141,57,64
401222,noel_vermillion,4,1714,1261,1114,69,78
610092,yoshikawa_chinatsu,4,1546,1260,1141,60,59
1630544,colorado_(kancolle),4,1499,1259,1138,52,69
470503,konjiki_no_yami,4,1733,1258,1133,59,66
1631270,richelieu_(kancolle),4,1468,1258,1143,59,56
1932889,mari_(track)_(blue_archive),4,2105,1257,1115,76,66
1438046,android_21,4,1651,1257,1140,60,57
1300741,kousaka_reina,4,1603,1257,1148,62,47
1441567,monika_(doki_doki_literature_club),4,1942,1256,1114,85,57
1377502,tamura_yuri,4,1532,1256,1131,57,68
1534340,joutouguu_mayumi,4,1616,1254,1119,60,75
1671729,sirius_symboli_(umamusume),4,2121,1253,1100,71,82
1253671,gamagoori_ira,4,1577,1253,1117,68,68
1451890,kaguya_luna,4,1345,1253,1113,63,77
1780213,hina_(swimsuit)_(blue_archive),4,1777,1252,1144,66,42
1459172,sakuragi_mano,4,1680,1251,1126,64,61
722867,ymir_(shingeki_no_kyojin),4,1548,1249,1153,54,42
1432310,teireida_mai,4,1538,1249,1128,50,71
1631145,little_boy_admiral_(kancolle),4,1433,1249,1137,59,53
1933141,hakui_koyori_(1st_costume),4,1641,1248,1108,65,75
1630636,enemy_lifebuoy_(kancolle),4,1393,1246,1114,67,65
1392841,altera_(fate),4,1383,1246,1122,56,68
1589994,xingqiu_(genshin_impact),4,1769,1245,1145,52,48
1530489,eyjafjalla_(arknights),4,1665,1245,1095,80,70
1544888,victor_(pokemon),4,1475,1243,1102,82,59
466937,higashi_setsuna,4,1539,1242,1108,68,66
488853,kasumi_(doa),4,1793,1240,1154,46,40
1972683,nerissa_ravencroft,4,3906,1238,1133,52,53
428744,yuri_lowell,4,1559,1237,1126,57,54
1644991,matikanefukukitaru_(umamusume),4,1688,1236,1121,52,63
1571821,modeus_(helltaker),4,1572,1236,1118,61,57
375109,midna,4,1956,1235,1094,70,71
396219,tokiko_(touhou),4,1450,1235,1138,33,64
427708,ushiromiya_ange,4,1668,1232,1082,75,75
1318793,zeta_(granblue_fantasy),4,1434,1230,1136,56,38
592340,snivy,4,1734,1229,1123,52,54
1498626,rita_rossweisse,4,1627,1229,1112,53,64
617637,oomuro_sakurako,4,1541,1228,1120,49,59
1567149,ootori_emu,4,1810,1227,1090,67,70
664000,ichihara_nina,4,1462,1227,1090,77,60
1627780,tokitarou_(fate),4,1446,1225,1105,64,56
672515,abe_nana,4,1407,1225,1100,63,62
1420943,tennouji_rina,4,0,1224,1104,53,67
7449,daidouji_tomoyo,4,1799,1223,1100,54,69
1682879,seia_(blue_archive),4,3896,1222,1125,50,47
1705709,irene_(arknights),4,1998,1222,1113,56,53
1399519,tamaki_iroha,4,2179,1221,1103,59,59
1937492,tsukino_mito_(1st_costume),4,1641,1220,1104,54,62
1677017,barghest_(fate),4,2061,1219,1068,81,70
1528128,himeno_(chainsaw_man),4,1628,1218,1102,61,55
1631068,johnston_(kancolle),4,1460,1217,1102,68,47
1386434,momota_kaito,4,2051,1216,1095,60,61
430852,hachikuji_mayoi,4,1547,1216,1111,43,62
1814893,magical_mirai_miku,4,1604,1215,1102,58,55
710980,kadotani_anzu,4,1469,1215,1088,65,62
547150,myoudouin_itsuki,4,1378,1215,1115,38,62
378207,matou_kariya,4,1694,1214,1077,75,62
1349628,fubuki_(one-punch_man),4,1926,1213,1086,75,52
1520852,hozuki_momiji,4,1881,1213,1088,58,67
433649,johnny_joestar,4,2083,1212,1083,70,59
1932884,hasumi_(track)_(blue_archive),4,1592,1212,1102,52,58
709319,yuigahama_yui,4,1569,1211,1078,79,54
416940,su-san,4,1523,1210,1102,58,50
550010,tsukikage_yuri,4,1495,1209,1072,60,77
1407495,eurasian_eagle_owl_(kemono_friends),4,1347,1209,1096,71,42
1611841,haruna_(blue_archive),4,2163,1208,1100,52,56
445840,jigglypuff,4,1841,1208,1076,70,62
16268,son_gohan,4,1933,1207,1084,61,62
1589614,pochita_(chainsaw_man),4,1694,1204,1091,61,52
1477331,osaki_tenka,4,1571,1204,1084,61,59
681655,oikawa_shizuku,4,1399,1204,1083,46,75
1631255,ooshio_(kancolle),4,1322,1204,1079,59,66
1799502,shun_(small)_(blue_archive),4,1729,1203,1077,78,48
1645008,smart_falcon_(umamusume),4,1585,1202,1096,45,61
1181678,boo_(mario),4,1485,1199,1061,76,62
602082,charlotte_dunois,4,1408,1199,1078,75,46
717139,kenzaki_makoto,4,1801,1198,1099,50,49
1291135,elphelt_valentine,4,1807,1196,1076,49,71
8545,kamio_misuzu,4,1638,1196,1095,45,56
601379,takagi-san,4,1593,1195,1057,60,78
1631154,maikaze_(kancolle),4,1321,1194,1063,67,64
893075,suou_momoko,4,1676,1193,1091,51,51
1511279,murasaki_shikibu_(fate),4,1435,1193,1074,57,62
374467,princess_daisy,4,2369,1192,1076,64,52
1567160,akiyama_mizuki,4,2173,1191,1091,42,58
1383156,gladion_(pokemon),4,1631,1191,1063,67,61
1899592,pod_(nier:automata),4,1469,1188,1059,78,51
1542249,assam_(girls_und_panzer),4,1370,1188,1037,64,87
1603873,mountain_(arknights),4,1668,1187,1086,34,67
935913,alice_margatroid_(pc-98),4,1526,1181,1069,50,62
1459180,kazano_hiori,4,1523,1181,1044,72,65
424220,silver_(pokemon),4,2117,1179,1042,57,80
464857,sailor_mercury,4,1566,1179,1055,61,63
532518,cure_marine,4,1354,1179,1064,55,60
2060124,marcille_donato,4,4711,1178,1067,52,59
1644995,meisho_doto_(umamusume),4,1690,1178,1054,62,62
1933142,kazama_iroha_(1st_costume),4,1603,1178,1048,62,68
1933147,murasaki_shion_(1st_costume),4,1541,1178,1051,58,69
713156,hoshimiya_ichigo,4,1499,1177,1068,57,52
1814441,arlecchino_(genshin_impact),4,4118,1176,1068,56,52
1561721,ichikawa_hinana,4,1542,1175,1048,60,67
1886282,robin_(male)_(fire_emblem),4,1709,1174,1040,81,53
1414917,alpaca_suri_(kemono_friends),4,1340,1173,1054,72,47
1538944,sussurro_(arknights),4,1772,1172,1025,76,71
9090,mizunashi_akari,4,1493,1172,1022,71,79
1305388,namazuo_toushirou,4,1257,1172,1051,54,67
544077,kris_(pokemon),4,1812,1171,1044,53,74
1282191,hoshino_fumina,4,1322,1171,1055,54,62
1810886,dehya_(genshin_impact),4,1649,1170,1039,76,55
489852,akizuki_ryo,4,1336,1170,1017,74,79
1299395,amanogawa_kirara,4,1324,1169,1040,67,62
1685273,tsukumo_sana,4,1619,1166,1065,52,49
445414,bianca_(pokemon),4,1723,1165,1045,58,62
1533343,bede_(pokemon),4,1385,1165,1051,57,57
622669,alisa_ilinichina_amiella,4,1373,1165,1067,51,47
12208,shihouin_yoruichi,4,2080,1162,1035,73,54
1487055,sasaki_saku,4,1439,1162,1051,52,59
411080,lopunny,4,1893,1159,1043,64,52
1622926,akane_(blue_archive),4,1794,1159,1042,57,60
181219,kirijou_mitsuru,4,1896,1158,1038,66,54
1292974,ashido_mina,4,1666,1158,1050,50,58
1226975,diana_cavendish,4,1445,1158,1029,72,57
1233044,yuuki_haru,4,1544,1157,1058,50,49
445848,squirtle,4,1732,1156,1035,58,63
428824,bruno_bucciarati,4,1577,1156,1048,48,60
1481030,caenis_(fate),4,1556,1156,1051,52,53
542685,oribe_yasuna,4,1492,1156,1039,49,68
1514243,shigure_ui_(vtuber),4,2001,1155,1056,56,43
437685,bayonetta,4,1650,1154,1060,42,52
1462463,arisugawa_natsuha,4,1398,1154,1006,74,74
56878,fujibayashi_kyou,4,1586,1153,1030,62,61
1515913,reines_el-melloi_archisorte,4,1270,1153,1029,50,74
1886373,sora_harewataru,4,2277,1152,1013,72,67
1933109,amane_kanata_(1st_costume),4,1408,1151,1061,44,46
1560602,kyouka_(princess_connect!),4,0,1151,1052,55,44
1972693,shiori_novella,4,3887,1150,1051,46,53
1639062,haruna_kai_ni_(kancolle),4,1726,1149,1048,46,55
1368823,niijima_makoto,4,1646,1149,1034,57,58
597205,silica,4,1262,1149,1048,37,64
11051,sonozaki_shion,4,1657,1145,1015,73,57
1303946,midare_toushirou,4,1224,1145,1044,42,59
1288043,pipimi,4,1356,1144,1005,77,62
1292110,shidare_hotaru,4,1260,1144,1037,65,42
1402193,nanachi_(made_in_abyss),4,1498,1143,1022,65,56
1630717,hatsushimo_(kancolle),4,1236,1143,1028,61,54
554323,may_(guilty_gear),4,1429,1139,1016,69,54
1682889,wakamo_(blue_archive),4,2449,1138,1032,52,54
1406070,jaguar_(kemono_friends),4,1281,1138,1008,82,48
1522347,suzuhara_lulu,4,1400,1137,1016,48,73
1246940,matoba_risa,4,1490,1135,1038,53,44
445933,vaporeon,4,2057,1134,1010,59,65
566644,blaze_the_cat,4,1767,1134,1007,63,64
2018082,blanc_(neptunia),4,1393,1134,998,66,70
1631019,i-26_(kancolle),4,1250,1134,1025,50,59
1644984,fine_motion_(umamusume),4,1505,1133,1038,59,36
1654888,tenkyuu_chimata,4,1509,1132,1040,41,51
1732814,kongou_kai_ni_(kancolle),4,1942,1131,1022,46,63
1442807,marie_(girls_und_panzer),4,1442,1131,1022,55,54
1548047,vikala_(granblue_fantasy),4,1339,1131,1028,47,56
1600783,ryoumen_sukuna_(jujutsu_kaisen),4,1855,1130,1015,63,52
1714815,himari_(blue_archive),4,1796,1130,1022,44,64
653217,nepgear,4,1408,1130,1024,55,51
1571010,takasaki_yuu,4,0,1130,1030,50,50
1971284,koharu_(swimsuit)_(blue_archive),4,1558,1129,1042,40,47
1630667,fumizuki_(kancolle),4,1227,1129,1029,50,50
1305386,honebami_toushirou,4,1225,1129,1000,59,70
451173,haramura_nodoka,4,1367,1128,1032,30,66
459048,momozono_love,4,1337,1127,1002,67,58
1631518,zara_(kancolle),4,1331,1125,1006,59,60
1625351,eimi_(blue_archive),4,1643,1124,1034,40,50
745262,celestia_ludenberg,4,1607,1124,1017,67,40
1781047,artoria_pendragon_(alter_swimsuit_rider)_(second_ascension)_(fate),4,0,1124,1012,54,58
816414,joseph_joestar_(old),4,1436,1122,982,70,70
1447775,katou_asuka,4,1435,1122,998,66,58
501746,shadow_the_hedgehog,4,2505,1118,983,60,75
1607439,arjuna_(fate),4,1364,1117,1012,67,38
1627521,boudica_(fate),4,1460,1116,973,60,83
1572402,xiangling_(genshin_impact),4,1468,1114,1014,42,58
1232066,armin_arlert,4,1384,1114,1019,40,55
422389,cyndaquil,4,1655,1112,994,60,58
575975,iris_(pokemon),4,1553,1112,977,61,74
405776,riesz,4,1360,1111,1016,44,51
1541815,rabbit_yukine,4,1347,1111,997,49,65
1222667,ike_(fire_emblem),4,1780,1110,990,58,62
1556681,rex_(xenoblade),4,1685,1110,978,67,65
734427,sona_(league_of_legends),4,1370,1110,1014,44,52
1631088,kako_(kancolle),4,1201,1110,980,75,55
1564800,moona_hoshinova,4,1696,1109,1008,39,62
464855,sailor_venus,4,1450,1109,985,65,59
633741,furutani_himawari,4,1379,1109,1016,40,53
1277829,sento_isuzu,4,1237,1108,1005,55,48
419122,tatsumi_kanji,4,1456,1107,959,63,85
1962844,neuvillette_(genshin_impact),4,2445,1106,985,60,61
6177,moogle,4,1731,1106,978,83,45
1630715,hatsukaze_(kancolle),4,1256,1106,998,60,48
558421,high_priest_(ragnarok_online),4,1919,1105,997,60,48
1631180,mikuma_(kancolle),4,1291,1105,977,71,57
1333583,kozakura_marry,4,1254,1105,996,44,65
1452674,frankenstein's_monster_(fate),4,1207,1104,997,59,48
487228,sengoku_nadeko,4,1651,1102,986,59,57
1391739,karna_(fate),4,1399,1101,1010,50,41
1631106,kazagumo_(kancolle),4,1316,1101,999,48,54
1242334,ta-class_battleship,4,1191,1101,963,59,79
644430,rias_gremory,4,1473,1100,1010,30,60
1645009,super_creek_(umamusume),4,1547,1099,984,51,64
1239071,tsukuyomi_shirabe,4,1326,1099,988,58,53
1495229,mizuno_ai,4,1223,1099,979,72,48
1645001,narita_taishin_(umamusume),4,1746,1098,990,41,67
1806082,nonomi_(swimsuit)_(blue_archive),4,1561,1097,972,50,75
1644996,mejiro_dober_(umamusume),4,1508,1097,974,59,64
1573025,isekai_joucho,4,0,1097,1014,50,33
1842585,alear_(fire_emblem),4,2156,1094,991,47,56
746341,tharja_(fire_emblem),4,1580,1093,970,64,59
1229728,kitazawa_shiho,4,1507,1092,1012,44,36
1630728,hayasui_(kancolle),4,1247,1089,975,63,51
1496142,minamoto_sakura,4,1246,1087,977,53,57
596939,akali,4,1466,1086,1006,42,38
445845,charmander,4,1585,1084,970,55,59
701392,mioda_ibuki,4,1473,1084,959,59,66
101524,bowser,4,1770,1083,976,53,54
1906527,kieran_(pokemon),4,4552,1080,962,43,75
1319288,yoroizuka_mizore,4,1256,1080,975,45,60
1760945,kuki_shinobu,4,1402,1079,976,37,66
1579913,yamato_(one_piece),4,1896,1078,956,55,67
12207,inoue_orihime,4,2029,1077,959,52,66
1630536,chikuma_(kancolle),4,1225,1075,965,52,58
1305416,saniwa_(touken_ranbu),4,1191,1075,992,37,46
445832,james_(pokemon),4,1909,1074,971,51,52
1933196,ouro_kronii_(1st_costume),4,2735,1073,974,46,53
1440247,yamashiro_(azur_lane),4,1187,1073,948,65,60
712140,kawashima_momo,4,1258,1072,959,53,60
1684742,t.m._opera_o_(umamusume),4,1821,1071,961,57,53
1257906,elsa_(frozen),4,1662,1071,975,51,45
1362417,elaina_(majo_no_tabitabi),4,1287,1071,969,60,42
1594283,shinano_(azur_lane),4,1659,1069,948,63,58
1667213,m200_(girls'_frontline),4,1439,1069,950,47,72
1926018,luo_xiaohei,4,1237,1069,928,74,67
1932167,caelus_(honkai:_star_rail),4,4408,1068,938,57,73
544078,lucas_(pokemon),4,1391,1068,971,38,59
1405299,emperor_penguin_(kemono_friends),4,1353,1068,947,65,56
1761329,sprigatito,4,1903,1067,965,47,55
475559,araragi_koyomi,4,1523,1067,986,38,43
1572599,rosmontis_(arknights),4,1520,1067,979,44,44
1617664,rosaria_(genshin_impact),4,1334,1067,965,59,43
1440644,inuyama_aoi,4,1326,1067,957,48,62
12518,leona_heidern,4,1525,1063,954,63,46
1631437,tsushima_(kancolle),4,1246,1063,950,55,58
1631246,nowaki_(kancolle),4,1182,1063,941,60,62
1594449,kashino_(azur_lane),4,1472,1062,963,41,58
1125853,enkidu_(fate),4,1778,1061,970,49,42
126661,furukawa_nagisa,4,1620,1060,941,55,64
464856,sailor_mars,4,1409,1060,956,57,47
1631192,mochizuki_(kancolle),4,1151,1060,936,64,60
1242336,ru-class_battleship,4,1168,1059,938,68,53
12258,katsuragi_misato,4,1683,1058,947,51,60
596093,caren_hortensia,4,1408,1058,947,59,52
425767,espeon,4,1964,1057,965,50,42
1247199,braixen,4,1465,1057,971,50,36
389156,frederica_bernkastel,4,1464,1057,963,45,49
1629366,xuangzang_sanzang_(fate),4,1192,1056,938,56,62
1631147,littorio_(kancolle),4,1174,1056,938,56,62
1856034,backbeako,4,0,1056,944,55,57
8305,tomoe_hotaru,4,1254,1055,950,54,51
1557434,ceobe_(arknights),4,1361,1054,944,47,63
1436151,uzaki_hana,4,1327,1053,962,48,43
601489,maizono_sayaka,4,1525,1052,946,48,58
1646463,gwen_(league_of_legends),4,1388,1052,969,41,42
513774,shantae,4,1718,1051,936,55,60
1799499,neru_(bunny)_(blue_archive),4,1438,1051,939,49,63
421102,minna-dietlinde_wilcke,4,1307,1050,919,61,70
1797173,hyakumantenbara_salome,4,1407,1049,963,49,37
1513843,grookey,4,1296,1048,954,47,47
1627153,medjed_(fate),4,1215,1048,942,53,53
599168,hourai_doll,4,1349,1047,951,38,58
1055501,micaiah_(fire_emblem),4,1341,1047,919,64,64
1630538,chitose_(kancolle),4,1234,1045,946,44,55
1489783,carpaccio_(girls_und_panzer),4,1228,1045,931,63,51
1720788,lynette_(genshin_impact),4,2013,1044,939,52,53
743241,racing_miku,4,1359,1043,947,43,53
1412049,mitake_ran,4,1298,1043,908,77,58
1447393,alina_gray,4,1206,1041,950,36,55
1799880,nemona_(pokemon),4,1786,1040,960,40,40
1611905,hoshino_ruby,4,1679,1040,930,44,66
12091,tohno_akiha,4,1536,1040,961,41,38
425769,leafeon,4,1797,1039,909,63,67
1401930,nemoto_hina,4,1268,1039,952,51,36
1551455,silence_(arknights),4,1312,1038,933,59,46
1606545,diona_(genshin_impact),4,1267,1038,933,41,64
6000,baiken,4,1334,1037,925,68,44
1598866,sucrose_(genshin_impact),4,1276,1036,934,52,50
1638054,fu_hua_(herrscher_of_sentience),4,1784,1035,920,62,53
1246632,monomi_(danganronpa),4,1500,1034,926,50,58
1790620,clumsy_nun_(diva),4,1244,1034,940,49,45
528478,sabrina_(pokemon),4,1578,1033,935,41,57
7459,white_mage,4,0,1033,922,54,57
420502,guido_mista,4,1274,1032,934,44,54
1332548,chi-chi_(dragon_ball),4,1579,1030,902,57,71
1280966,kaneki_ken,4,1236,1030,904,57,69
711467,kamukura_izuru,4,1488,1029,929,48,52
1478568,merlin_(fate),4,1441,1027,931,43,53
664409,sajo_yukimi,4,1312,1027,919,67,41
7566,kamikita_komari,4,1242,1027,949,47,31
1292965,jirou_kyouka,4,0,1027,929,50,48
1431995,minamoto_no_raikou_(swimsuit_lancer)_(fate),4,1298,1026,930,44,52
1515527,izumi_mei,4,1295,1025,927,54,44
1341416,ferry_(granblue_fantasy),4,1085,1025,933,57,35
550750,cure_sunshine,4,1134,1022,940,34,48
1349627,saitama_(one-punch_man),4,1630,1019,918,45,56
1229730,makabe_mizuki,4,1256,1019,960,33,26
555,haro,4,1949,1018,919,53,46
1631536,hilichurl_(genshin_impact),4,1524,1018,923,55,40
1631396,takanami_(kancolle),4,1180,1016,917,57,42
1722586,abigail_williams_(traveling_outfit)_(fate),4,1076,1016,931,47,38
1649113,gilles_de_rais_(caster)_(fate),4,1337,1015,923,44,48
1631040,intrepid_(kancolle),4,1222,1015,929,38,48
375278,tohsaka_tokiomi,4,1213,1015,910,55,50
714995,yuno_(hidamari_sketch),4,1408,1011,934,47,30
1443456,takeda_harumi_(shiromanta),4,0,1011,931,27,53
1629448,passionlip_(fate),4,1402,1010,882,54,74
1334050,frisk_(undertale),4,2032,1009,901,68,40
421683,angel_(kof),4,1530,1009,938,39,32
564326,nakamura_yuri,4,1376,1009,916,51,42
657796,cure_beauty,4,1128,1009,907,49,53
378066,chris_redfield,4,1356,1008,929,37,42
1657250,finana_ryugu,4,1225,1008,918,43,47
1448421,pearl_(splatoon),4,1761,1007,910,57,40
1423942,eris_greyrat,4,1674,1007,913,49,45
1552816,blaze_(arknights),4,1355,1007,914,55,38
1524996,ifrit_(arknights),4,1225,1007,899,50,58
1646030,daitaku_helios_(umamusume),4,1822,1006,922,53,31
1519338,nursery_rhyme_(fate),4,1285,1006,914,49,43
1500657,hayasaka_ai,4,1261,1005,920,46,39
396070,watatsuki_no_toyohime,4,1230,1005,901,54,50
1829693,florian_(pokemon),4,2128,1003,921,40,42
1933137,nakiri_ayame_(1st_costume),4,1201,1003,902,50,51
1589926,kamina_(ttgl),4,1435,1002,897,45,60
1536880,zara_(azur_lane),4,1342,1002,923,44,35
1733431,murasame_kai_ni_(kancolle),4,1306,1002,903,45,54
1533061,bernadetta_von_varley,4,1285,1002,904,53,45
1387115,scathach_(swimsuit_assassin)_(fate),4,1118,1002,888,63,51
688842,leon_s._kennedy,4,1548,1001,925,30,46
533537,ciel_(tsukihime),4,1748,1000,903,51,46
1846972,lucy_(cyberpunk),4,1426,1000,906,51,43
1525261,platinum_(arknights),4,1235,1000,902,36,62
664191,tada_riina,4,1124,1000,890,48,62
1366296,popplio,4,1357,999,900,49,50
437588,kuma_(persona_4),4,1358,998,897,45,56
532519,cure_blossom,4,1150,998,903,49,46
1925037,protagonist_3_(housamo),4,1118,998,889,64,45
1527167,azura_(fire_emblem),4,1378,996,906,40,50
1304228,izumi-no-kami_kanesada,4,1133,996,919,45,32
1350177,violet_evergarden,4,1110,995,914,34,47
1509864,prinz_eugen_(unfading_smile)_(azur_lane),4,1104,994,897,44,53
1318266,clarisse_(granblue_fantasy),4,1052,994,889,45,60
8896,backbeard,4,1617,993,893,46,54
618301,ivan_karelin,4,1226,993,878,71,44
15312,millia_rage,4,1168,993,894,52,47
1420954,nakasu_kasumi,4,1906,992,883,53,56
461046,killua_zoldyck,4,1457,992,910,34,48
1978848,a2_(nier:automata),4,1340,992,886,57,49
1566087,yoisaki_kanade,4,1813,991,889,42,60
1631480,yamagumo_(kancolle),4,1082,991,896,42,53
1496206,kuzuha_(nijisanji),4,1585,990,894,41,55
8760,kusanagi_motoko,4,1489,990,894,49,47
1314604,sakurajima_mai,4,1181,989,878,47,64
1344209,roxy_migurdia,4,1837,988,890,43,55
1531303,swire_(arknights),4,1238,988,884,54,50
1447950,nearl_(arknights),4,1218,988,899,44,45
1631530,collei_(genshin_impact),4,1385,987,894,50,43
528716,yui_(angel_beats!),4,1222,987,876,54,57
597292,fujisaki_chihiro,4,1401,986,870,63,53
1583984,kino_(kino_no_tabi),4,1138,986,916,38,32
12210,kuchiki_rukia,4,2297,985,861,63,61
87514,cure_black,4,1259,985,884,47,54
1645010,sweep_tosho_(umamusume),4,1396,984,889,35,60
1827586,blade_(honkai:_star_rail),4,2282,982,885,44,53
1631064,jingei_(kancolle),4,1179,980,901,44,35
1479271,rengoku_kyoujurou,4,1120,980,859,58,63
1472521,medea_(fate),4,1655,978,879,58,41
596161,steven_stone,4,1295,978,878,41,59
1459805,yukoku_kiriko,4,1225,978,854,76,48
1455448,nagato_(azur_lane),4,1290,976,870,43,63
618147,honma_meiko,4,1271,976,865,61,50
1631276,roma_(kancolle),4,1098,976,884,38,54
1634596,hoshino_aquamarine,4,1611,975,897,34,44
1629357,medb_(fate),4,1323,973,875,48,50
1177793,katou_megumi,4,1136,973,891,28,54
402795,meowth,4,1538,972,885,47,40
1572071,justice_(helltaker),4,1211,970,891,22,57
605171,kujou_karen,4,1080,970,880,40,50
1600590,haruka_(blue_archive),4,2028,969,872,59,38
1567150,kusanagi_nene,4,1457,967,870,49,48
654355,kazanari_tsubasa,4,1252,966,879,49,38
1627618,king_hassan_(fate),4,1093,966,909,37,20
438329,torchic,4,1430,965,847,60,58
1524346,pramanix_(arknights),4,1148,965,868,43,54
1252365,calem_(pokemon),4,1564,963,885,38,40
1334378,albedo_(overlord),4,1281,963,879,36,48
1579977,cheshire_(azur_lane),4,1274,963,858,53,52
717654,kiriya_aoi,4,1193,963,860,36,67
1319289,kasaki_nozomi,4,1133,963,869,40,54
176593,takeba_yukari,4,2092,962,870,47,45
1967582,justice_task_force_member_(blue_archive),4,1781,961,857,58,46
701163,kisaragi_shintarou,4,1086,961,868,40,53
1766156,astolfo_(sailor_paladin)_(fate),4,1158,960,853,48,59
1783170,meltryllis_(swimsuit_lancer)_(first_ascension)_(fate),4,1085,959,875,36,48
1304904,horikawa_kunihiro,4,1036,957,872,54,31
2026769,employee_(project_moon),4,1480,956,796,70,90
1667166,ro635_(girls'_frontline),4,1276,956,852,52,52
2026878,ishmael_(project_moon),4,3573,955,866,44,45
592339,tepig,4,1383,955,862,41,52
1706188,ame-chan_(needy_girl_overdose),4,1951,954,839,50,65
394620,yuuki_mikan,4,1200,954,865,54,35
628849,yuuki_(sao),4,1161,954,872,42,40
422393,jirachi,4,1518,953,869,41,43
1567152,kamishiro_rui,4,1283,953,830,67,56
1783064,miyamoto_musashi_(swimsuit_berserker)_(second_ascension)_(fate),4,1121,952,854,52,46
1533059,dorothea_arnault,4,1275,951,848,49,54
1479891,rimuru_tempest,4,1227,951,869,49,33
1933174,shirogane_noel_(1st_costume),4,1146,950,843,49,58
1554751,damian_desmond,4,1350,948,858,36,54
1292136,raphtalia,4,1474,947,849,48,50
717859,nate_(pokemon),4,1364,946,849,53,44
1591011,nia_(blade)_(xenoblade),4,1289,946,837,44,65
533539,kohaku_(tsukihime),4,1393,945,861,39,45
1243761,tsukumo_yatsuhashi,4,1163,945,866,49,30
1630474,akitsushima_(kancolle),4,1051,945,852,43,50
1767936,cu_chulainn_alter_(fate),4,1098,944,849,51,44
664614,ryuzaki_kaoru,4,1257,942,853,48,41
1366290,okumura_haru,4,1218,942,823,70,49
1403111,sucy_manbavaran,4,1158,942,859,47,36
1792537,zabaniyya_(housamo),4,1023,942,870,39,33
1241962,kishinami_hakuno_(female),4,1369,941,831,61,49
1593833,crewmate_(among_us),4,1234,941,840,53,48
1275005,ousaka_shizuku,4,0,941,850,42,49
1537880,dimitri_alexandre_blaiddyd,4,2614,940,817,42,81
1762549,mordred_(memories_at_trifas)_(fate),4,1110,940,839,57,44
1478614,wakan_tanka,4,1014,940,845,34,61
1489740,aki_rosenthal,4,1272,938,843,40,55
1387746,yuri_plisetsky,4,996,938,847,39,52
716728,kitashirakawa_tamako,4,1036,936,817,74,45
1285741,suzukaze_aoba,4,1067,935,834,46,55
1506004,amagi_(azur_lane),4,1228,934,850,39,45
1591636,goh_(pokemon),4,1220,934,845,46,43
1624311,nagi_(kannagi),4,1201,934,857,40,37
1754603,mio_(xenoblade),4,1343,932,831,58,43
1569872,yuuki_(princess_connect!),4,1095,932,816,60,56
1461094,shizuka_rin,4,1068,932,847,49,36
877404,yokoyama_nao,4,1054,931,830,65,36
1257905,shirayuki_hime,4,1030,931,843,54,34
1442305,hiro_(darling_in_the_franxx),4,1729,930,830,39,61
1597904,shishio_chris,4,1036,930,851,40,39
439343,ragna_the_bloodedge,4,1434,929,854,35,40
1955327,miyako_(swimsuit)_(blue_archive),4,1487,928,848,44,36
1303902,miss_cloud,4,981,928,811,72,45
1840092,anis_(nikke),4,1974,927,835,42,50
379900,squall_leonhart,4,1694,927,827,58,42
186196,winry_rockbell,4,1099,927,831,63,33
1631002,hornet_(kancolle),4,1206,926,844,43,39
1560517,utage_(arknights),4,1302,925,835,35,55
464858,sailor_jupiter,4,1255,925,837,44,44
1435684,merlin_(fate/prototype),4,1199,925,837,51,37
1631297,samuel_b._roberts_(kancolle),4,1044,925,854,39,32
594282,cure_melody,4,1031,924,812,65,47
1684882,florence_nightingale_(trick_or_treatment)_(fate),4,1119,923,819,49,55
1311289,lyria_(granblue_fantasy),4,1105,923,829,51,43
663434,kohinata_miho,4,1084,923,836,53,34
1290263,danua,4,1029,922,805,61,56
657794,cure_march,4,1028,922,841,40,41
1571004,shibuya_kanon,4,1951,921,818,50,53
1335159,sugimoto_saichi,4,1244,921,842,33,46
376441,arle_nadja,4,1217,921,839,31,51
1597903,ryugasaki_rene,4,1005,921,823,49,49
1344498,vane_(granblue_fantasy),4,1097,920,820,49,51
1704666,natsu_(blue_archive),4,2368,919,846,34,39
437349,garchomp,4,1448,919,842,37,40
1351075,yunyun_(konosuba),4,1334,919,831,56,32
1295903,pharah_(overwatch),4,1136,919,826,48,45
715313,marth_(fire_emblem),4,1270,918,830,52,36
628623,sorceress_(dragon's_crown),4,1121,918,825,43,50
630836,huang_baoling,4,1120,918,831,50,37
1696728,rydia_(ff4),4,1315,916,836,39,41
713607,sawa_azusa,4,1136,915,794,51,70
1627134,euryale_(fate),4,1080,915,851,32,32
1230568,isabelle_(animal_crossing),4,1333,912,805,56,51
717540,yotsuba_alice,4,1019,912,820,48,44
1644979,air_shakur_(umamusume),4,1378,911,848,35,28
1316824,spider-gwen,4,1376,911,828,49,34
672299,oshino_ougi,4,1261,911,831,39,41
503437,eve_(elsword),4,1154,911,795,48,68
1340376,murata_himeko,4,1194,910,830,34,46
472786,america_(hetalia),4,1620,909,847,38,24
705643,ib_(ib),4,1203,909,819,50,40
1631288,sado_(kancolle),4,1060,908,819,37,52
1472931,y'shtola_rhul,4,1312,907,806,55,46
1560591,yui_(princess_connect!),4,1153,907,835,33,39
1442307,ichigo_(darling_in_the_franxx),4,1044,906,812,41,53
661692,dante_(devil_may_cry),4,1840,905,817,37,51
1611382,pavolia_reine,4,1479,904,822,49,33
1660217,lucoa_(maidragon),4,1347,904,825,43,36
1790618,froggy_nun_(diva),4,1074,904,821,41,42
1630481,amagi_(kancolle),4,993,904,820,43,41
1432652,jack-o'_valentine,4,1215,903,828,33,42
1631290,sagiri_(kancolle),4,1015,903,796,55,52
1243506,magical_ruby,4,1259,902,803,39,60
1544890,allister_(pokemon),4,1089,902,811,53,38
628333,yumi_(senran_kagura),4,1364,901,826,40,35
1410354,purah,4,1253,901,812,47,42
657791,cure_happy,4,1054,901,822,44,35
1701951,arataki_itto,4,1306,900,816,40,44
1505470,galo_thymos,4,1140,900,823,45,32
1769566,moe_(blue_archive),4,1493,899,808,44,47
402521,meta_knight,4,1331,899,802,46,51
536053,ghost_(modern_warfare_2),4,1207,899,788,56,55
1386133,ogata_hyakunosuke,4,1218,898,774,54,70
1222099,nanao_yuriko,4,1186,897,816,32,49
378846,tenjouin_asuka,4,1217,896,840,27,29
1933128,tsunomaki_watame_(1st_costume),4,1080,896,790,39,67
474262,slime_(dragon_quest),4,1422,895,794,54,47
473288,sister_claire,4,1197,895,796,49,50
1835548,reisa_(blue_archive),4,1704,894,820,37,37
485033,sora_(kingdom_hearts),4,1681,893,783,53,57
436529,toon_link,4,1259,893,800,45,48
1515002,aisha_landar,4,1098,893,779,60,54
1700488,enna_alouette,4,1302,892,808,41,43
1594498,alice_zuberg,4,1036,892,790,49,53
1444059,hammann_(azur_lane),4,974,892,811,42,39
1626859,tsubaki_(blue_archive),4,1659,891,792,50,49
421660,tsunade_(naruto),4,1628,891,826,31,34
466365,mega_man_(character),4,1469,891,814,52,25
1955322,miyu_(swimsuit)_(blue_archive),4,1270,890,804,42,44
1412894,tsurumaki_kokoro,4,1034,889,797,51,41
665521,ogata_chieri,4,1052,888,797,51,40
1688938,vira_(granblue_fantasy),4,1000,888,787,55,46
1727047,crystalfly_(genshin_impact),4,1244,887,799,38,50
487246,araragi_karen,4,1087,887,827,31,29
1630548,commandant_teste_(kancolle),4,994,887,797,44,46
1373495,airfield_princess,4,981,887,799,49,39
1931557,ookami_mio_(3rd_costume),4,0,887,775,47,65
1672711,suomi_(girls'_frontline),4,1254,886,792,48,46
1476820,yozora_mel,4,1068,886,801,40,45
1405056,lion_(kemono_friends),4,1052,886,794,45,47
587354,lux_(league_of_legends),4,1229,885,805,31,49
1665128,gorou_(genshin_impact),4,1200,885,813,37,35
1337528,aki_(girls_und_panzer),4,1024,884,788,44,52
10145,tsuruya,4,1210,883,798,45,40
399324,vash_the_stampede,4,1266,881,804,34,43
1530334,yorumi_rena,4,1166,881,796,43,42
1281721,slaine_troyard,4,1109,881,781,55,45
1240487,yusa_kozue,4,1150,880,770,71,39
1272916,kageyama_shigeo,4,1497,879,785,49,45
1587911,tomimi_(arknights),4,1069,879,786,42,51
1572068,cerberus_(helltaker),4,1048,879,787,42,50
712653,kondou_taeko,4,1002,879,786,36,57
1631170,matsuwa_(kancolle),4,972,879,777,42,60
1275716,hatsuharu_(kancolle),4,965,879,784,58,37
981832,guts_(berserk),4,1245,878,789,44,45
1480638,nadia_la_arwall,4,1068,878,782,50,46
1534941,claude_von_riegan,4,1364,877,767,54,56
534615,tails_(sonic),4,1326,877,796,42,39
2004297,yang_guifei_(second_ascension)_(fate),4,910,877,794,41,42
567695,cheren_(pokemon),4,1262,876,755,49,72
1678878,la_pluma_(arknights),4,1218,876,786,42,48
1929197,aris_(maid)_(blue_archive),4,1333,874,775,45,54
2061496,sakura_miko_(casual),4,1392,873,778,47,48
1676518,thoma_(genshin_impact),4,1217,872,796,32,44
428743,estellise_sidos_heurassein,4,1113,871,799,35,37
381743,yumehara_nozomi,4,1101,871,769,44,58
1566256,captain_(kemono_friends),4,1309,870,794,41,35
1631178,mikazuki_(kancolle),4,940,870,790,41,39
1304226,hotarumaru,4,920,869,787,38,44
13066,okazaki_yumemi,4,1111,868,784,42,42
1631110,kinu_(kancolle),4,976,867,784,43,40
1443093,zundamon,4,1983,866,802,30,34
664518,kobayakawa_sae,4,985,866,797,32,37
1934875,amami_rantaro,4,1566,865,762,65,38
445935,flareon,4,1524,865,783,41,41
1823213,arven_(pokemon),4,1325,865,764,46,55
1343724,miyamizu_mitsuha,4,1190,865,760,49,56
1439987,cleveland_(azur_lane),4,960,865,792,33,40
1630493,aquila_(kancolle),4,953,864,776,43,45
2026899,sinclair_(project_moon),4,2175,863,787,33,43
1780229,iori_(swimsuit)_(blue_archive),4,1211,863,769,42,52
1538828,ingrid_brandl_galatea,4,1164,863,777,48,38
1456824,nekomusume_(gegege_no_kitarou_6),4,1041,863,773,41,49
2061500,shirogane_noel_(casual),4,1003,863,765,48,50
439063,rachel_alucard,4,1060,862,782,43,37
1311252,fighter_(granblue_fantasy),4,896,862,775,46,41
2021808,kikyou_(blue_archive),4,2064,861,790,24,47
1386435,yumeno_himiko,4,1584,860,767,43,50
429524,mudkip,4,1291,860,789,39,32
1734145,ling_(arknights),4,1536,859,777,42,40
11052,maebara_keiichi,4,1370,859,777,43,39
1545097,cinderace,4,1120,859,786,31,42
2068458,nekomata_okayu_(oversized_shirt),4,1104,859,780,36,43
1933111,natsuiro_matsuri_(1st_costume),4,983,858,788,29,41
12095,aozaki_aoko,4,1442,857,752,45,60
1650598,mejiro_ardan_(umamusume),4,1476,856,770,43,43
1933146,ookami_mio_(1st_costume),4,1134,856,777,41,38
439615,misaka_imouto,4,1066,855,778,34,43
1257904,aino_megumi,4,949,855,763,57,35
1270627,jouga_maya,4,945,855,774,44,37
1369698,hau_(pokemon),4,1156,854,735,78,41
431436,momo_velia_deviluke,4,1107,854,771,38,45
1310847,hunter_(bloodborne),4,1084,854,787,27,40
1815153,mitaka_asa,4,1881,853,777,42,34
1155353,kars_(jojo),4,1103,853,762,57,34
1789595,saijo_juri,4,1076,853,757,48,48
1904758,katsuragi_ace_(umamusume),4,1675,852,770,38,44
688703,miia_(monster_musume),4,1062,852,787,23,42
1345441,asahina_mirai,4,1183,851,782,27,42
539676,taneshima_popura,4,1050,851,781,32,38
666040,takamori_aiko,4,993,851,790,30,31
1235294,kurokawa_eren,4,952,851,752,66,33
1660762,new_jersey_(azur_lane),4,1274,848,774,31,43
1408885,dhole_(kemono_friends),4,1235,848,764,39,45
1538147,sukoya_kana,4,1488,847,772,40,35
1522437,feater_(arknights),4,978,847,763,42,42
2026828,don_quixote_(project_moon),4,2960,845,767,30,48
1307315,konoe_kanata,4,1588,845,755,50,40
662826,himejima_akeno,4,1126,845,769,39,37
1875916,tiki_(adult)_(fire_emblem),4,1086,845,755,48,42
465401,ten'ou_haruka,4,1035,845,744,46,55
1631590,basil_(omori),4,3925,844,783,26,35
1822945,grusha_(pokemon),4,1435,843,761,45,37
1679660,ibuki_(blue_archive),4,2825,841,743,59,39
1654873,himemushi_momoyo,4,1068,841,785,31,25
1241333,sanageyama_uzu,4,1043,840,770,39,31
423518,berserker_(fate/zero),4,1123,839,760,42,37
1504965,hagoromo_lala,4,968,839,757,39,43
536735,yuuki_juudai,4,0,839,782,28,29
2063323,amane_kanata_(work),4,979,838,740,45,53
726764,sakura_chiyo,4,889,838,748,34,56
376498,zidane_tribal,4,1310,837,764,39,34
1246021,momoe_nagisa,4,1245,837,736,44,57
1468152,roboco-san,4,1153,837,759,31,47
420074,izayoi_aki,4,1145,837,733,60,44
1645715,zero_(mega_man),4,2082,836,735,68,33
526169,trunks_(dragon_ball),4,1286,836,772,26,38
1589903,yin_(darker_than_black),4,1132,836,722,51,63
420577,shampoo_(ranma_1/2),4,2216,835,766,37,32
1786499,artoria_caster_(second_ascension)_(fate),4,1094,835,754,38,43
1386439,iruma_miu,4,1615,834,744,38,52
1672682,type_95_(girls'_frontline),4,1067,834,753,48,33
1630508,asakaze_(kancolle),4,933,834,754,35,45
1630704,harukaze_(kancolle),4,907,834,747,38,49
1754602,eunie_(xenoblade),4,1265,833,749,53,31
480039,manabe_nodoka,4,1018,833,757,38,38
618134,karina_lyle,4,961,833,738,55,40
9687,kula_diamond,4,1138,832,771,36,25
87516,cure_white,4,1074,832,749,39,44
1586655,eunectes_(arknights),4,1035,832,762,42,28
409295,zack_fair,4,1876,830,731,41,58
1755026,fujimaru_ritsuka_(male)_(polar_chaldea_uniform),4,1010,830,744,47,39
1782427,bb_(swimsuit_mooncancer)_(second_ascension)_(fate),4,971,830,748,43,39
1462595,andira_(granblue_fantasy),4,944,830,739,47,44
664406,natalia_(idolmaster),4,913,830,738,55,37
461883,chikorita,4,1368,829,754,31,44
654784,lord_el-melloi_ii,4,1031,829,758,38,33
1304346,yagen_toushirou,4,882,829,757,32,40
2069617,ako_(dress)_(blue_archive),4,1442,828,749,41,38
1416553,maruyama_aya,4,991,828,725,45,58
1680296,nagisa_(blue_archive),4,1975,827,740,50,37
1886303,alear_(female)_(fire_emblem),4,1606,827,744,38,45
616166,caitlyn_(league_of_legends),4,1316,827,730,51,46
1629433,annie_leonhart,4,1100,827,749,34,44
662005,mifune_miyu,4,979,827,742,49,36
1631235,nenohi_(kancolle),4,906,827,739,40,48
1275714,arare_(kancolle),4,902,827,733,41,53
12212,kurosaki_ichigo,4,1945,826,750,35,41
12213,matsumoto_rangiku,4,1407,826,757,42,27
1152270,ibuki_tsubasa,4,1076,825,728,45,52
1627523,bradamante_(fate),4,982,825,726,43,56
1478519,cu_chulainn_(caster)_(fate),4,975,825,738,48,39
1439994,akashi_(azur_lane),4,975,825,751,41,33
1861329,cheval_grand_(umamusume),4,2053,824,748,45,31
435392,boa_hancock,4,1571,824,751,35,38
472784,japan_(hetalia),4,1446,824,748,38,38
1404598,ilulu_(maidragon),4,1262,824,751,31,42
428825,narancia_ghirga,4,1033,824,743,45,36
50896,pichu,4,1359,823,748,39,36
15840,kos-mos,4,1164,823,741,45,37
1755030,fujimaru_ritsuka_(female)_(polar_chaldea_uniform),4,1016,823,745,52,26
1235700,seiren_(suite_precure),4,895,823,730,62,31
252261,godzilla,4,1398,821,747,42,32
1799498,akane_(bunny)_(blue_archive),4,1053,821,742,38,41
1579297,male_doctor_(arknights),4,1366,820,757,35,28
1816469,izuna_(swimsuit)_(blue_archive),4,1251,820,750,36,34
1439979,graf_zeppelin_(azur_lane),4,966,820,736,53,31
410025,cinnamoroll,4,1511,819,725,41,53
1592675,bianca_(dq5),4,1050,819,730,42,47
1390755,cosmog,4,1020,818,733,41,44
396114,lei_lei,4,0,818,725,61,32
1535101,azki_(hololive),4,1998,817,725,51,41
1327418,maria_cadenzavna_eve,4,1205,817,734,50,33
547417,sugiura_ayano,4,1090,817,722,36,59
657795,cure_sunny,4,902,817,738,36,43
1394776,acerola_(pokemon),4,1125,816,733,38,45
1473353,arthur_pendragon_(fate),4,1096,816,755,31,30
456946,assassin_(fate/zero),4,1033,816,746,36,34
1270628,natsu_megumi,4,916,816,753,33,30
668312,senkawa_chihiro,4,923,815,734,40,41
1277846,isshiki_iroha,4,1109,814,734,45,35
1644967,el_condor_pasa_(umamusume),4,1088,814,711,49,54
1407120,humboldt_penguin_(kemono_friends),4,1060,814,681,65,68
1227600,mochizuki_anna,4,1058,814,726,48,40
1285682,iroha_(samurai_spirits),4,1107,813,716,29,68
1784572,abigail_williams_(swimsuit_foreigner)_(third_ascension)_(fate),4,976,813,729,52,32
491993,chibi_miku,4,834,813,727,43,43
1644972,maruzensky_(umamusume),4,1149,812,730,37,45
693559,ingo_(pokemon),4,1323,811,759,19,33
416104,eva_02,4,1044,811,724,33,54
1644966,biwa_hayahide_(umamusume),4,1472,810,739,41,30
1763570,malenia_blade_of_miquella,4,1429,810,729,51,30
1367142,litten,4,1139,810,746,35,29
1441207,soap_(modern_warfare_2),4,1064,810,706,58,46
1452675,achilles_(fate),4,927,810,742,35,33
1924186,kirara_(genshin_impact),4,1397,809,726,40,43
1933145,takane_lui_(1st_costume),4,1134,809,711,43,55
1578300,taihou_(enraptured_companion)_(azur_lane),4,974,809,730,41,38
423041,rouge_the_bat,4,1504,808,709,45,54
1671353,tarnished_(elden_ring),4,1414,808,747,30,31
508153,okabe_rintarou,4,1129,808,731,52,25
1276392,otokura_yuuki,4,976,808,730,36,42
1667202,kalina_(girls'_frontline),4,963,808,729,39,40
1933167,mori_calliope_(1st_costume),4,2654,807,719,42,46
433648,gyro_zeppeli,4,1435,807,722,55,30
1205702,kirishima_touka,4,967,807,712,46,49
1768617,scathach_(piercing_bunny)_(fate),4,947,807,719,41,47
1631405,tanikaze_(kancolle),4,906,807,734,38,35
717909,vi_(league_of_legends),4,1429,806,703,56,47
1370113,sylphiette_(mushoku_tensei),4,1257,806,734,27,45
1600181,ness_(mother_2),4,1202,806,740,36,30
524044,gekota,4,1063,806,738,33,35
16210,lenna_charlotte_tycoon,4,984,805,729,40,36
1766600,abigail_williams_(third_ascension)_(fate),4,899,805,725,43,37
1886278,corrin_(male)_(fire_emblem),4,1209,804,730,37,37
1526525,jill_stingray,4,1158,804,713,53,38
1211856,kiki_(majo_no_takkyuubin),4,1015,804,729,35,40
1379601,guzma_(pokemon),4,990,804,714,59,31
1992651,hoshimachi_suisei_(school_uniform),4,1170,803,734,23,46
597426,eirika_(fire_emblem),4,1092,803,721,39,43
487224,kanbaru_suruga,4,1053,803,708,50,45
1522750,projekt_red_(arknights),4,950,803,743,24,36
445831,green_(pokemon),4,1359,802,679,35,88
354942,alphonse_elric,4,1107,802,715,49,38
1791907,utsumi_erice,4,964,802,724,46,32
890228,alisa_(girls_und_panzer),4,958,802,720,47,35
606666,shindou_takuto,4,936,802,729,33,40
717114,kasumigaoka_utaha,4,913,802,715,36,51
254440,kirlia,4,2213,801,714,61,26
1567156,aoyagi_touya,4,1159,801,727,42,32
455510,cure_peach,4,933,801,709,50,42
1976777,mococo_abyssgard_(1st_costume),4,1778,800,720,32,48
1667171,g36_(girls'_frontline),4,1035,800,728,35,37
1728033,keqing_(opulent_splendor)_(genshin_impact),4,1012,800,730,28,42
1667168,dinergate_(girls'_frontline),4,951,800,713,44,43
1124739,angela_balzac,4,877,800,725,36,39
1521268,yoshizawa_kasumi,4,1152,799,717,44,38
1962907,navia_(genshin_impact),4,2265,798,697,47,54
1505029,leonardo_da_vinci_(rider)_(fate),4,1330,798,713,32,53
1670429,aegir_(azur_lane),4,1239,798,732,41,25
482492,tendou_akane,4,1577,797,720,38,39
557902,priest_(ragnarok_online),4,1393,797,707,51,39
1820726,hokko_tarumae_(umamusume),4,1322,797,717,32,48
1441570,natsuki_(doki_doki_literature_club),4,1331,796,724,41,31
1263716,kiss-shot_acerola-orion_heart-under-blade,4,1189,796,710,47,39
879608,toyokawa_fuka,4,1041,796,691,64,41
1551985,sirius_(azure_horizons)_(azur_lane),4,894,796,722,33,41
472787,united_kingdom_(hetalia),4,1539,795,743,30,22
1572332,helltaker_(character),4,1086,795,727,31,37
16119,star_platinum,4,1008,795,711,40,44
375868,kururugi_suzaku,4,1261,794,708,33,53
1567155,shinonome_akito,4,1245,794,711,47,36
1549856,frostnova_(arknights),4,1027,794,726,30,38
1419237,tanned_cirno,4,919,794,704,45,45
1765868,jeanne_d'arc_alter_(avenger)_(third_ascension)_(fate),4,868,794,725,34,35
1972284,ado_(utaite),4,2507,793,722,36,35
1976776,fuwawa_abyssgard_(1st_costume),4,1711,793,714,33,46
850878,gwen_stacy,4,1220,793,723,41,29
1630540,chiyoda_(kancolle),4,924,793,706,34,53
397841,ganondorf,4,1217,792,708,47,37
400139,kaiou_michiru,4,991,792,695,44,53
487247,araragi_tsukihi,4,989,792,732,32,28
1569874,yuni_(princess_connect!),4,956,792,709,32,51
1490217,homu_(honkai_impact),4,1155,791,715,34,42
615130,anjou_naruko,4,940,791,714,45,32
1768610,saber_alter_(ver._shinjuku_1999)_(fate),4,0,791,700,54,37
2026816,yi_sang_(project_moon),4,2096,790,731,26,33
691588,pit_(kid_icarus),4,1798,788,708,38,42
1475191,aoba_moca,4,1002,788,681,54,53
286,kooh,4,1000,788,724,32,32
1479269,tomioka_giyuu,4,979,788,733,26,29
1663193,white_rabbit_(alice_in_wonderland),4,967,788,697,47,44
1631293,sakawa_(kancolle),4,904,788,706,40,42
1668461,kaf_(kamitsubaki_studio),4,1357,787,707,36,44
1630999,hiyou_(kancolle),4,892,787,710,42,35
466281,phoenix_wright,4,1316,786,710,43,33
1680386,senji_muramasa_(fate),4,1143,786,706,49,31
1790199,copano_rickey_(umamusume),4,1140,786,709,30,47
1374967,agatsuma_zenitsu,4,974,786,702,35,49
623899,shirabe_ako,4,895,786,691,54,41
422413,altaria,4,1141,784,705,39,40
1764563,fiammetta_(arknights),4,1107,784,689,42,53
1644985,gold_city_(umamusume),4,1075,784,696,33,55
610702,oktavia_von_seckendorff,4,1019,784,723,31,30
1686891,friend_(nanashi_mumei),4,1097,783,711,37,35
1229736,satake_minako,4,980,782,688,42,52
1719451,crow_(la+_darknesss),4,902,782,691,49,42
1408788,brown_bear_(kemono_friends),4,897,782,719,26,37
1933176,oozora_subaru_(1st_costume),4,1024,781,685,50,46
1648576,mejiro_palmer_(umamusume),4,1359,780,694,52,34
1630639,enemy_naval_mine_(kancolle),4,917,780,707,39,34
464824,hinaichigo,4,1097,779,685,39,55
1439976,kisaragi_(azur_lane),4,947,779,712,34,33
1630689,grecale_(kancolle),4,945,779,683,53,43
1764432,jeanne_d'arc_(third_ascension)_(fate),4,827,779,710,27,42
1931458,jingliu_(honkai:_star_rail),4,1380,778,695,37,46
1527683,yamper,4,1024,778,706,45,27
1323324,yuna_(ff10),4,1107,777,698,43,36
1626332,saga_(arknights),4,1025,776,717,33,26
664499,hino_akane_(idolmaster),4,849,776,722,21,33
676594,lulu_(league_of_legends),4,1029,775,692,42,41
1875918,tiki_(young)_(fire_emblem),4,926,775,686,49,40
1631262,perth_(kancolle),4,904,775,694,42,39
1423996,asaka_karin,4,1588,774,692,41,41
1565907,seele_(alter_ego),4,1088,774,693,42,39
662499,nibutani_shinka,4,908,774,704,36,34
1782880,angela_(project_moon),4,1311,773,700,31,42
1761331,fuecoco,4,1164,773,705,35,33
1665104,sayu_(genshin_impact),4,945,773,695,37,41
1578189,atago_(stunning_speedster)_(azur_lane),4,919,773,692,43,38
1782491,oberon_(third_ascension)_(fate),4,1276,772,702,39,31
1534451,amamiya_kokoro,4,1154,772,709,36,27
16208,faris_scherwiz,4,940,772,691,47,34
1629426,mysterious_heroine_x_(fate),4,884,772,705,45,22
1682885,atsuko_(blue_archive),4,1644,771,701,27,43
1951813,mudrock_(elite_ii)_(arknights),4,965,771,685,45,41
1302247,sawamura_spencer_eriri,4,846,771,690,32,49
1818873,kasumi_(blue_archive),4,1172,769,700,37,32
382261,subaru_nakajima,4,1061,769,699,32,38
1933194,omaru_polka_(1st_costume),4,1026,769,686,34,49
708151,kido_tsubomi,4,908,769,695,36,38
436841,raven_(dc),4,1383,768,681,41,46
1555021,sei_shounagon_(fate),4,943,768,683,49,36
1404427,tsuchinoko_(kemono_friends),4,917,768,687,39,42
1388311,elizabeth_bathory_(brave)_(fate),4,851,768,701,34,33
1353706,mumei_(kabaneri),4,826,768,719,29,20
1293670,yamada_elf,4,818,768,682,49,37
1643937,sunny_(omori),4,3582,767,704,23,40
4858,chocobo,4,1302,767,692,39,36
411757,roy_(fire_emblem),4,1012,767,690,38,39
1720787,lyney_(genshin_impact),4,1596,766,696,42,28
1730677,bronya_zaychik_(silverwing:_n-ex),4,1286,766,700,29,37
378592,usada_hikaru,4,1012,766,685,48,33
1533069,rhea_(fire_emblem),4,1007,766,703,32,31
1398095,hinatsuru_ai,4,824,766,705,21,40
1398097,sora_ginko,4,799,766,684,49,33
1251661,mega_gardevoir,4,2309,765,660,52,53
1421068,miyashita_ai,4,1620,765,690,35,40
378317,garnet_til_alexandros_xvii,4,1250,765,702,31,32
621741,nyarlathotep_(nyaruko-san),4,927,765,703,34,28
1631233,nelson_(kancolle),4,884,765,695,32,38
1456294,admiral_graf_spee_(azur_lane),4,854,765,689,47,29
652455,maou_(maoyuu),4,854,765,701,32,32
1627556,edmond_dantes_(fate),4,1208,764,697,42,25
1572164,luma_(mario),4,1136,764,690,38,36
552918,kaine_(nier),4,1094,764,694,37,33
1639099,naganami_kai_ni_(kancolle),4,1084,764,681,40,43
1631348,shinshuu_maru_(kancolle),4,898,764,691,34,39
1667232,rpk-16_(girls'_frontline),4,1117,763,684,39,40
1979031,pekomon_(usada_pekora),4,1108,763,696,34,33
620348,keith_goodman,4,928,763,682,46,35
1693037,le_malin_(listless_lapin)_(azur_lane),4,879,763,678,36,49
1346609,beatrix_(granblue_fantasy),4,878,763,696,35,32
14569,jill_valentine,4,1207,761,683,39,39
12099,komaki_manaka,4,1054,761,680,37,44
1629302,gawain_(fate),4,958,761,696,33,32
471221,kousaka_kyousuke,4,972,760,681,34,45
1645005,sakura_bakushin_o_(umamusume),4,1102,759,699,29,31
384609,tony_tony_chopper,4,1731,758,695,41,22
14431,kurapika,4,1312,758,696,32,30
14899,yamamura_sadako,4,1255,758,703,28,27
1599618,whislash_(arknights),4,944,758,703,27,28
1337529,mikko_(girls_und_panzer),4,909,757,675,39,43
1627732,paul_bunyan_(fate),4,898,757,686,33,38
1862559,meowscarada,4,1525,756,672,46,38
765367,chrom_(fire_emblem),4,1142,756,680,37,39
416695,uryuu_ryuunosuke,4,1075,755,688,35,32
1279056,revy_(black_lagoon),4,1037,755,675,46,34
1541801,magallan_(arknights),4,871,754,690,26,38
1933214,hakos_baelz_(1st_costume),4,1789,753,684,36,33
520564,lucy_heartfilia,4,1176,753,683,29,41
1606513,len_(tsukihime),4,1124,753,661,46,46
664381,mukai_takumi,4,1015,753,684,38,31
1600299,blemishine_(arknights),4,950,753,685,32,36
1605833,klein_moretti,4,907,753,688,44,21
1822926,penny_(pokemon),4,1294,752,677,33,42
1560765,bagpipe_(arknights),4,967,752,687,35,30
1783171,meltryllis_(swimsuit_lancer)_(second_ascension)_(fate),4,872,752,682,32,38
1259432,oomori_yuuko,4,822,751,665,45,41
631826,sans,4,0,750,666,42,42
1785902,specter_the_unchained_(arknights),4,1091,749,654,46,49
1440255,yuudachi_(azur_lane),4,887,749,667,41,41
1462589,zooey_(granblue_fantasy),4,812,749,682,35,32
1615566,usa-chan_(idolmaster),4,800,749,666,42,41
1441569,yuri_(doki_doki_literature_club),4,1152,748,672,37,39
1305340,morgana_(persona_5),4,1041,748,664,38,46
1399945,tanya_degurechaff,4,1029,748,667,34,47
1631216,nagara_(kancolle),4,822,748,675,35,38
1265247,sato_shin,4,935,747,677,32,38
1623487,crypto_(apex_legends),4,889,747,666,38,43
414192,rx-78-2,4,0,747,670,45,32
1527238,kiran_(fire_emblem),4,1188,746,645,60,41
1229733,mogami_shizuka,4,1071,746,681,29,36
1643064,goutokuji_mike,4,1021,746,662,45,39
457596,diego_brando,4,1011,746,660,44,42
1605354,guoba_(genshin_impact),4,968,746,683,30,33
398745,lambdadelta,4,940,746,670,41,35
1752650,narita_top_road_(umamusume),4,1347,745,654,47,44
445930,lapras,4,1058,745,659,40,46
425936,doujima_nanako,4,1024,745,669,39,37
1452662,suzuka_gozen_(fate),4,953,745,677,41,27
1794300,shikanoin_heizou,4,1132,744,669,42,33
1261730,elesis_(elsword),4,941,744,678,29,37
1716063,soraka_(league_of_legends),4,945,743,674,34,35
713599,koyama_yuzu,4,877,743,661,39,43
1304942,female_saniwa_(touken_ranbu),4,863,743,693,24,26
1306594,ichigo_hitofuri,4,792,743,677,27,39
611796,litwick,4,1176,742,659,40,43
426520,waddle_dee,4,1165,742,664,31,47
1378272,alolan_vulpix,4,1149,742,633,78,31
588022,cecilia_alcott,4,876,742,669,43,30
1790615,spicy_nun_(diva),4,863,742,671,34,37
2022005,manaka_laala,4,1395,741,660,42,39
1934879,k1-b0,4,1182,741,670,40,31
533538,hisui_(tsukihime),4,1163,741,682,31,28
434747,kira_yoshikage,4,1073,741,645,46,50
1374971,female_protagonist_(pokemon_go),4,817,741,681,34,26
438937,spider-man,4,1582,740,668,40,32
2026869,hong_lu_(project_moon),4,1867,739,690,31,18
1954908,dan_heng_(imbibitor_lunae)_(honkai:_star_rail),4,1196,739,672,41,26
422506,erika_(pokemon),4,1151,739,669,31,39
7583,fukuzawa_yumi,4,1074,739,670,30,39
388724,lala_satalin_deviluke,4,1026,739,650,52,37
708150,kano_shuuya,4,860,739,667,34,38
503373,furudo_erika,4,1026,738,641,47,50
2026818,faust_(project_moon),4,2170,737,691,21,25
1631060,janus_(kancolle),4,867,737,651,40,46
1254335,marie_rose,4,1081,736,664,43,29
385133,ushiromiya_maria,4,1059,736,659,49,28
1675745,petra_gurin,4,949,736,663,33,40
2061468,oozora_subaru_(work),4,923,735,657,42,36
462517,yamabuki_inori,4,860,735,648,46,41
1471118,roon_(azur_lane),4,935,734,666,27,41
1452666,brynhildr_(fate),4,0,734,669,25,40
507427,anegasaki_nene,4,851,733,656,38,39
1631249,okinami_(kancolle),4,829,733,662,30,41
1781830,jeanne_d'arc_(swimsuit_archer)_(first_ascension)_(fate),4,799,733,659,39,35
1972681,koseki_bijou,4,2493,732,646,45,41
1847558,layla_(genshin_impact),4,1025,732,664,41,27
464859,sailor_saturn,4,874,732,658,37,37
1522438,ushizaki_urumi,4,954,731,647,34,50
712651,isobe_noriko,4,840,731,654,37,40
1631012,i-13_(kancolle),4,818,731,662,34,35
1644974,taiki_shuttle_(umamusume),4,1096,730,672,18,40
471218,aragaki_ayase,4,950,730,656,33,41
1685846,rei_(pokemon),4,919,730,652,39,39
602083,laura_bodewig,4,868,730,662,36,32
1657407,blue_poison_(shoal_beat)_(arknights),4,816,730,638,52,40
1631231,natori_(kancolle),4,812,730,656,37,37
1885929,nijigaoka_mashiro,4,1332,729,651,34,44
516743,lance_(pokemon),4,1064,729,682,16,31
688953,igarashi_kyoko,4,985,729,673,26,30
1524978,silverash_(arknights),4,937,729,655,35,39
16001,iwakura_lain,4,1177,728,657,36,35
655527,kayneth_el-melloi_archibald,4,973,728,658,45,25
1480691,platelet_(hataraku_saibou),4,795,728,650,38,40
538729,cure_moonlight,4,846,727,661,30,36
1631044,irako_(kancolle),4,800,726,647,46,33
8711,prinny,4,963,725,660,25,40
1571593,tang_keke,4,1405,724,660,38,26
1658838,sakura_chiyono_o_(umamusume),4,1171,724,645,38,41
1420709,hadou_nejire,4,0,724,642,30,52
1605817,stark_(sousou_no_frieren),4,1763,723,649,31,43
1476829,kanae_(nijisanji),4,1055,723,661,29,33
1596254,razor_(genshin_impact),4,962,723,657,44,22
1631118,kishinami_(kancolle),4,865,723,637,53,33
1304907,gokotai,4,758,723,663,32,28
1509649,uzaki_tsuki,4,964,721,655,40,26
1249877,iori_rinko,4,802,721,629,57,35
1416572,nanami_yachiyo,4,1123,720,665,28,27
1441359,shoukaku_(azur_lane),4,852,720,655,40,25
1627531,carmilla_(fate),4,849,720,638,37,45
868605,todo_yurika,4,831,720,645,39,36
1413408,small-clawed_otter_(kemono_friends),4,813,720,652,41,27
1305420,shokudaikiri_mitsutada,4,766,720,665,25,30
1438842,emma_verde,4,1674,719,640,44,35
668055,kohinata_miku,4,965,719,668,24,27
1607368,van_gogh_(fate),4,908,719,630,41,48
1572168,heanna_sumire,4,1397,718,652,34,32
1449525,phosphophyllite_(ll),4,847,718,640,34,44
716715,cure_heart,4,782,718,650,36,32
1316228,nakagawa_natsuki,4,897,717,660,25,32
702015,matoi_(pso2),4,809,717,655,24,38
1405054,caracal_(kemono_friends),4,1002,716,635,43,38
1240058,hange_zoe,4,864,716,651,33,32
1631108,kikuzuki_(kancolle),4,786,716,645,40,31
2061491,gawr_gura_(casual),4,1193,714,646,34,34
1678851,mizuki_(arknights),4,1083,714,646,33,35
700633,ene_(kagerou_project),4,888,714,645,33,36
1491428,takamiya_rion,4,874,714,631,44,39
1893558,shigure_kai_san_(kancolle),4,1224,713,649,35,29
2018079,vert_(neptunia),4,857,713,634,39,40
467599,takoluka,4,937,712,651,30,31
439179,mohammed_avdol,4,893,712,633,35,44
1627625,lavinia_whateley_(fate),4,775,712,648,35,29
1637361,pyra_(pro_swimmer)_(xenoblade),4,1045,711,660,24,27
1299400,haruno_haruka,4,857,711,635,36,40
1228013,regina_(dokidoki!_precure),4,766,711,645,34,32
1335210,chara_(undertale),4,1633,710,635,44,31
14172,rainbow_mika,4,984,710,642,28,40
1639090,maya_kai_ni_(kancolle),4,1273,709,638,34,37
1377218,otomachi_una,4,1266,708,658,33,17
1859641,faruzan_(genshin_impact),4,1209,708,640,38,30
1646769,ikuno_dictus_(umamusume),4,1073,708,646,28,34
601752,milla_maxwell,4,797,708,638,34,36
664407,himekawa_yuki,4,778,708,629,39,40
445938,snorlax,4,1075,707,652,27,28
1627167,stheno_(fate),4,891,707,647,34,26
690136,touhoku_zunko,4,948,706,624,32,50
1787758,kaho_(blue_archive),4,858,706,635,42,29
1627797,wu_zetian_(fate),4,856,706,655,28,23
1550049,yamada_anna,4,1409,705,623,45,37
445911,magnemite,4,1238,704,643,27,34
16164,celes_chere,4,954,704,640,32,32
428827,trish_una,4,916,704,640,34,30
722479,fennekin,4,1074,703,639,34,30
1277652,yuuri_(shoujo_shuumatsu_ryokou),4,1048,703,622,41,40
410791,king_dedede,4,1025,703,626,34,43
11594,lina_inverse,4,966,703,633,30,40
1203675,melia_antiqua,4,961,703,638,35,30
1627172,viy_(fate),4,940,703,644,32,27
1237385,akaboshi_koume,4,938,703,647,28,28
1536980,zara_(poolside_coincidence)_(azur_lane),4,933,703,648,32,23
1626978,reisen_(touhou_bougetsushou),4,887,703,620,54,29
12093,tohno_shiki,4,1306,702,622,42,38
1962856,wriothesley_(genshin_impact),4,1763,701,647,23,31
445934,jolteon,4,1239,701,627,39,35
935914,kazami_yuuka_(pc-98),4,874,701,629,29,43
1491126,tsuyuri_kanao,4,819,701,636,30,35
1782428,bb_(swimsuit_mooncancer)_(third_ascension)_(fate),4,809,701,631,39,31
1856690,texas_the_omertosa_(arknights),4,1226,700,624,44,32
409649,gon_freecss,4,1132,700,652,19,29
452145,miyanaga_saki,4,866,700,639,23,38
1405052,moose_(kemono_friends),4,858,700,632,35,33
1245116,ri-class_heavy_cruiser,4,770,700,619,42,39
390798,eva_01,4,979,699,616,43,40
1085943,tokoro_megumi,4,915,699,623,32,44
1731177,yun_jin_(genshin_impact),4,845,699,651,22,26
1387122,mordred_(swimsuit_rider)_(fate),4,805,698,638,32,28
1762593,kirisawa_juuzou_(character),4,703,698,631,33,34
15724,riza_hawkeye,4,883,697,641,31,25
1563389,angel_devil_(chainsaw_man),4,829,697,644,31,22
1693731,mash_kyrielight_(swimsuit_of_perpetual_summer),4,779,697,633,31,33
1689852,hatsutori_hajime,4,4552,696,623,42,31
701389,sonia_nevermind,4,1104,696,619,40,37
1432300,yatadera_narumi,4,884,696,613,27,56
1443050,zuikaku_(azur_lane),4,835,696,626,34,36
1646429,fukuda_haru,4,829,696,606,46,44
1431868,nitocris_(swimsuit_assassin)_(fate),4,795,696,625,39,32
1305382,kogitsunemaru,4,737,696,611,26,59
2041948,hoshimachi_suisei_(streetwear),4,0,696,640,24,32
1591026,pneuma_(xenoblade),4,1006,695,622,36,37
1515003,rena_erindel,4,812,695,607,52,36
566218,platinum_the_trinity,4,781,695,639,33,23
1694419,douki-chan_(douki-chan),4,717,695,632,35,28
1441519,bismarck_(azur_lane),4,1014,694,608,44,42
381201,konpaku_youki,4,807,694,610,50,34
1790903,lisbeth_(sao),4,781,694,635,26,33
1654875,shigure_(blue_archive),4,1222,693,623,43,27
396395,naoe_riki,4,861,693,634,35,24
1906528,carmine_(pokemon),4,2148,692,629,26,37
680146,mary_(ib),4,937,692,638,28,26
684942,garry_(ib),4,937,692,621,43,28
1434774,uehara_himari,4,745,692,624,41,27
176585,yamagishi_fuuka,4,1089,691,625,28,38
1441502,chito_(shoujo_shuumatsu_ryokou),4,1064,691,608,37,46
1401541,izayoi_liko,4,967,691,641,24,26
606793,alastor_(shakugan_no_shana),4,888,691,604,44,43
1067206,hayasaka_mirei,4,789,690,619,32,39
1538827,mercedes_von_martritz,4,897,689,617,33,39
1934685,fukawa_toko,4,1138,688,622,37,29
1442949,ptilopsis_(arknights),4,877,688,616,43,29
1765330,elizabeth_bathory_(first_ascension)_(fate),4,0,688,616,37,35
611797,chandelure,4,1107,687,617,29,41
542843,nina_(fire_emblem),4,1032,687,600,48,39
1420829,matsubara_kanon,4,876,687,596,48,43
713347,katagiri_sanae,4,806,687,615,43,29
1405059,sand_cat_(kemono_friends),4,796,687,607,39,41
1387021,tanigaki_genjirou,4,967,686,620,30,36
1631097,kasuga_maru_(kancolle),4,779,686,612,35,39
1573721,st._louis_(luxurious_wheels)_(azur_lane),4,983,685,614,36,35
382135,reinforce_zwei,4,871,685,625,29,31
1327917,yuel_(granblue_fantasy),4,746,685,615,35,35
956365,mew_(pokemon),4,1214,684,592,46,46
1520873,murosaki_miyo,4,1029,684,616,39,29
935917,hakurei_reimu_(pc-98),4,918,684,620,29,35
1793076,himeko_(honkai:_star_rail),4,1424,683,615,39,29
410729,absol,4,1169,683,601,37,45
383404,ibuki_fuuko,4,1049,683,613,31,39
708153,seto_kousuke,4,748,683,619,31,33
406554,latias,4,1222,682,622,26,34
1565905,bianka_durandal_ataegina,4,0,682,619,26,37
1705076,rosa_(tears_of_themis),4,892,681,610,32,39
1356607,chomusuke,4,871,681,626,27,28
1500529,rindou_mikoto,4,846,681,601,29,51
1698183,koyuki_(blue_archive),4,1399,680,605,41,34
445904,gastly,4,1005,680,594,40,46
444238,drifloon,4,1003,680,610,35,35
11488,sol_badguy,4,1117,679,599,31,49
1495284,honma_himawari,4,868,679,603,36,40
790426,ara_haan,4,857,679,604,34,41
1674016,manya_(dq4),4,850,679,615,35,29
1496591,nikaidou_saki,4,784,679,607,32,40
1677248,lain_paterson,4,827,678,609,37,32
1400058,satanichia_kurumizawa_mcdowell,4,768,678,606,36,36
9881,meer_campbell,4,910,676,618,22,36
593801,cure_rhythm,4,754,676,592,54,30
1610738,island_fox_(kemono_friends),4,1091,675,582,44,49
545377,pannacotta_fugo,4,905,675,610,29,36
1445281,misono_karin,4,781,675,615,27,33
1440285,queen_elizabeth_(azur_lane),4,768,675,619,31,25
1350943,adventurer_(ff14),4,939,674,600,40,34
1538082,myrtle_(arknights),4,903,674,603,31,40
404920,sage_(dq3),4,859,674,616,21,37
1836426,aranara_(genshin_impact),4,1482,673,623,34,16
1485459,jean_bart_(azur_lane),4,805,673,593,33,47
386902,itou_kaiji,4,898,672,615,28,29
1257345,harime_nui,4,808,672,602,31,39
2057377,shiori_novella_(1st_costume),4,1830,671,614,26,31
462002,flygon,4,1036,671,613,25,33
1529378,sakata_kintoki_(fate),4,999,671,596,40,35
16312,tenjou_utena,4,968,671,591,34,46
1411715,okusawa_misaki,4,892,671,583,56,32
1708017,sirius_(scorching-hot_seirios)_(azur_lane),4,763,671,610,33,28
701386,koizumi_mahiru,4,907,670,593,43,34
1692320,nemo_(fate),4,889,670,606,36,28
523901,shinonome_nano,4,857,670,587,43,40
1553038,gravel_(arknights),4,774,670,614,32,24
520900,sf-a2_miki,4,756,670,604,35,31
1782757,kama_(first_ascension)_(fate),4,794,669,615,32,22
1667169,negev_(girls'_frontline),4,747,669,625,24,20
1258956,anna_(frozen),4,1032,668,600,35,33
7587,toudou_shimako,4,960,668,602,29,37
420633,santa_claus,4,879,668,609,39,20
1545621,astolfo_(saber)_(fate),4,800,668,624,24,20
971934,vampy,4,714,668,598,27,43
1768854,mysterious_heroine_x_alter_(first_ascension)_(fate),4,705,668,602,34,32
2003721,mori_calliope_(streetwear),4,1195,667,607,31,29
1232143,titan_(shingeki_no_kyojin),4,909,667,602,37,28
14491,i-no,4,876,667,603,37,27
1445024,shirasagi_chisato,4,736,667,598,25,44
506315,yumeko_(touhou),4,880,666,612,26,28
1629339,gray_(fate),4,786,666,601,36,29
1584793,raiden_mei_(herrscher_of_thunder),4,1255,665,598,36,31
387301,perona,4,1225,665,607,39,19
401814,saotome_alto,4,978,665,599,20,46
1568796,quanxi_(chainsaw_man),4,915,665,607,39,19
1281005,naomi_(girls_und_panzer),4,789,665,587,53,25
1533411,neo_politan,4,0,665,605,38,22
1734375,shiratsuyu_kai_ni_(kancolle),4,1025,664,594,43,27
439342,taokaka,4,848,664,597,41,26
437875,takei_hisa,4,781,664,620,24,20
1722734,bronya_rand,4,1026,663,593,37,33
1527178,elise_(fire_emblem),4,1020,663,590,37,36
1971286,ui_(swimsuit)_(blue_archive),4,1007,663,586,44,33
1450276,cutlass_(girls_und_panzer),4,822,663,604,30,29
1588338,tomoe_gozen_(swimsuit_saber)_(fate),4,782,663,612,29,22
1619673,puru-see_(hoshizuki_(seigetsu)),4,682,663,613,17,33
1520862,hozuki_kaede,4,1042,662,600,41,21
400328,okita_sougo,4,835,662,568,65,29
1343981,mikumo_guynemer,4,785,662,589,31,42
1639124,tenryuu_kai_ni_(kancolle),4,782,662,602,30,30
1272430,isolated_island_oni,4,708,662,607,25,30
633080,takakura_himari,4,785,661,608,21,32
502557,nu-13,4,1115,660,588,31,41
693236,ibuki_(street_fighter),4,871,660,603,30,27
1408392,golden_snub-nosed_monkey_(kemono_friends),4,758,660,592,27,41
1913137,ho'olheyak_(arknights),4,1516,659,590,34,35
1520878,oka_asahi,4,1054,659,594,27,38
958112,hakozaki_serika,4,946,659,586,34,39
1836895,karyl_(summer)_(princess_connect!),4,699,659,597,33,29
1530109,alcremie,4,1023,658,597,28,33
1400388,olga_marie_animusphere,4,889,658,587,47,24
1239636,inumuta_houka,4,840,658,589,41,28
1452677,semiramis_(fate),4,770,658,595,34,29
1296576,kirishima_eijirou,4,0,657,584,51,22
1578643,mifune_shioriko,4,1525,656,607,26,23
1420691,imai_lisa,4,939,656,589,34,33
1577018,rosa_(arknights),4,765,656,575,37,44
1482284,oda_nobukatsu_(fate),4,1074,655,602,21,32
14169,ken_masters,4,1102,654,591,38,25
462261,nikka_edvardine_katajainen,4,813,654,595,30,29
1488450,sora_(arknights),4,803,654,573,38,43
1631186,minegumo_(kancolle),4,780,654,596,29,29
1930563,nekomata_okayu_(3rd_costume),4,0,654,584,32,38
1962930,clorinde_(genshin_impact),4,2411,653,574,32,47
1652773,gladiia_(arknights),4,908,653,596,28,29
605494,filia_(skullgirls),4,873,653,601,24,28
432818,hirose_koichi,4,794,653,591,30,32
1465798,morinaka_kazaki,4,710,653,542,84,27
444532,maka_albarn,4,1338,652,593,32,27
1667205,9a-91_(girls'_frontline),4,734,652,600,33,19
1667164,g41_(girls'_frontline),4,725,652,596,23,33
408937,young_link,4,1145,651,596,28,27
1333463,beatrice_(re:zero),4,1049,651,577,44,30
14685,kazama_asuka,4,1044,651,587,30,34
466277,maya_fey,4,968,651,597,28,26
8330,hoshino_ruri,4,883,651,583,27,41
1837736,saren_(summer)_(princess_connect!),4,734,651,598,30,23
1653646,aubrey_(omori),4,2609,650,581,31,38
1622476,tsurugi_(blue_archive),4,1423,650,590,37,23
731293,nakiri_erina,4,1049,650,541,68,41
419659,rita_mordio,4,799,650,591,29,30
1346345,takimoto_hifumi,4,768,650,596,30,24
480982,asbel_lhant,4,719,650,577,36,37
16323,char_aznable,4,1176,649,601,27,21
8108,piccolo,4,994,649,592,25,32
1285963,alena_(dq4),4,802,649,580,35,34
1524990,zima_(arknights),4,728,649,588,29,32
1625322,maki_(blue_archive),4,1243,648,581,29,38
1398812,kobayashi_(maidragon),4,912,648,588,30,30
1606123,kon_kanaho,4,890,648,585,29,34
1460549,nekomiya_hinata,4,707,648,590,33,25
1524831,jessica_(arknights),4,1020,647,588,29,30
1530808,frostleaf_(arknights),4,803,647,598,28,21
2018045,black_heart_(neptunia),4,748,647,579,35,33
449290,dragonite,4,1082,646,583,33,30
1645753,roll_caskett_(mega_man),4,993,646,586,23,37
423092,dead_master,4,911,646,591,23,32
427882,bazett_fraga_mcremitz,4,835,646,578,30,38
11683,optimus_prime,4,1044,645,569,34,42
1237658,error_musume,4,713,645,585,22,38
1885788,kamisato_ayaka_(springbloom_missive),4,854,644,586,29,29
1695582,laura_la_mer,4,778,644,588,33,23
391387,akita_neru,4,1343,643,573,38,32
405335,olimar,4,1236,643,572,39,32
1443600,romani_archaman,4,890,642,571,44,27
1419936,minato_yukina,4,844,642,571,32,39
713611,utsugi_yuuki,4,749,642,575,32,35
1977084,baobhan_sith_(first_ascension)_(fate),4,1445,641,570,40,31
450993,milotic,4,1001,641,572,33,36
376579,katsura_hinagiku,4,962,641,581,32,28
445864,clefairy,4,935,641,583,26,32
1645003,nishino_flower_(umamusume),4,873,641,577,21,43
1645012,tosen_jordan_(umamusume),4,1009,640,567,39,34
1955335,saki_(swimsuit)_(blue_archive),4,997,640,566,35,39
4516,poring,4,1185,639,570,40,29
2042242,xianyun_(genshin_impact),4,1171,639,590,25,24
1643067,hinata_(blue_archive),4,1115,639,576,35,28
408664,pachirisu,4,1034,639,587,33,19
445834,hypno,4,988,639,557,50,32
628321,asuka_(senran_kagura),4,871,639,577,30,32
1454529,okada_izou_(fate),4,826,639,574,31,34
1530200,shining_(arknights),4,775,639,587,32,20
445875,psyduck,4,1039,638,571,34,33
1528696,nui_sociere,4,894,638,577,30,31
1525774,wooloo,4,810,638,580,28,30
1641409,ingrid_(capcom),4,744,638,583,23,32
1480768,siro_(dennou_shoujo_youtuber_siro),4,0,638,567,32,39
1617254,fuuka_(blue_archive),4,1249,637,579,31,27
1644971,hishi_amazon_(umamusume),4,951,637,569,32,36
1459803,mitsumine_yuika,4,925,637,560,48,29
555676,makoto_(street_fighter),4,909,637,565,23,49
2061489,takanashi_kiara_(casual),4,890,637,586,24,27
1337509,freyja_wion,4,756,637,585,27,25
497689,cheria_barnes,4,711,637,568,39,30
1645013,winning_ticket_(umamusume),4,1229,636,582,23,31
1528912,takumi_(fire_emblem),4,924,636,576,31,29
1343588,shimada_chiyo,4,766,636,570,31,35
1376985,roger_(guilty_gear),4,746,636,579,35,22
1582407,perseus_(azur_lane),4,742,636,570,34,32
13993,ky_kiske,4,904,635,565,34,36
1530558,gavial_(arknights),4,879,635,571,39,25
1461165,uchi_emiri,4,807,635,579,42,14
11487,kuradoberi_jam,4,768,635,573,28,34
1733501,vertin_(reverse:1999),4,1914,634,564,28,42
445931,ditto,4,1044,634,558,40,36
548087,hasegawa_kobato,4,710,633,562,35,36
1535934,falin_thorden,4,0,633,577,23,33
1493140,red_pikmin,4,1256,632,569,34,29
1441568,sayori_(doki_doki_literature_club),4,1021,632,567,32,33
575935,mishaguji,4,864,632,559,38,35
1695273,okita_j._souji_(fate),4,762,632,572,32,28
1257848,hoshimiya_kate,4,683,632,582,19,31
2069619,hina_(dress)_(blue_archive),4,1453,631,556,35,40
1507455,himesaka_noa,4,834,631,567,39,25
1697525,arezu_(pokemon),4,790,631,558,44,29
1933135,akai_haato_(1st_costume),4,721,631,575,34,22
700408,saionji_hiyoko,4,980,630,558,39,33
1724570,adaman_(pokemon),4,864,630,577,24,29
1276394,yorita_yoshino,4,769,630,577,31,22
433613,sailor_chibi_moon,4,766,630,562,26,42
1631014,i-14_(kancolle),4,712,630,568,27,35
1793084,seele_(honkai:_star_rail),4,979,629,567,32,30
384314,saigusa_haruka,4,746,629,564,35,30
1508806,julia_(fire_emblem),4,1048,628,570,23,35
1396666,gilgamesh_(caster)_(fate),4,1026,628,568,28,32
1564454,subaru_duck,4,882,628,576,27,25
432820,nijimura_okuyasu,4,811,628,562,34,32
1723652,aurora_(arknights),4,797,628,568,26,34
1331206,kawakami_mai,4,698,628,563,29,36
1724456,volo_(pokemon),4,1007,627,541,45,41
1387119,kiyohime_(swimsuit_lancer)_(fate),4,679,627,563,35,29
1326283,jeanne_d'arc_(granblue_fantasy),4,670,627,569,25,33
390231,raichu,4,1095,626,554,31,41
1552638,kagemori_michiru,4,853,626,550,36,40
466150,yuri_sakazaki,4,838,626,571,29,26
1627758,scheherazade_(fate),4,803,626,544,46,36
1600200,wuxian_(the_legend_of_luoxiaohei),4,659,626,534,50,42
1569873,chloe_(princess_connect!),4,765,625,563,27,35
1627881,skadi_(waverider)_(arknights),4,717,625,565,32,28
1440310,eldridge_(azur_lane),4,700,625,555,26,44
1351074,wiz_(konosuba),4,940,624,562,32,30
842024,tanaka_kotoha,4,866,624,576,25,23
437351,morishima_haruka,4,759,624,568,36,20
1644969,fuji_kiseki_(umamusume),4,1204,623,572,23,28
1631369,south_dakota_(kancolle),4,757,623,552,45,26
1396665,medusa_(lancer)_(fate),4,750,623,566,27,30
695974,roxie_(pokemon),4,880,622,570,26,26
1233901,sophie_(tales),4,741,622,563,25,34
437350,ayatsuji_tsukasa,4,792,621,565,30,26
1420746,udagawa_tomoe,4,664,621,556,42,23
622721,korra,4,940,620,560,39,21
1686868,mr._squeaks_(hakos_baelz),4,888,620,550,39,31
1560546,chocola_(nekopara),4,742,620,570,22,28
717138,cure_sword,4,715,620,571,23,26
1781831,jeanne_d'arc_(swimsuit_archer)_(second_ascension)_(fate),4,689,620,553,45,22
544079,barry_(pokemon),4,846,619,558,25,36
7660,enma_ai,4,790,619,560,32,27
1532745,sothis_(fire_emblem),4,763,619,572,29,18
664507,aiba_yumi,4,719,619,545,45,29
1286003,alice_cartelet,4,712,619,555,26,38
1284942,midway_princess,4,654,619,552,31,36
404919,soldier_(dq3),4,0,619,556,28,35
1639075,jintsuu_kai_ni_(kancolle),4,1328,618,564,30,24
693558,emmet_(pokemon),4,1038,618,578,14,26
1649138,heracles_(fate),4,850,618,560,32,26
16204,agrias_oaks,4,803,618,559,29,30
2039803,murasaki_shion_(gothic_lolita),4,728,618,558,29,31
427478,fudou_yuusei,4,0,618,535,45,38
1639085,kinugasa_kai_ni_(kancolle),4,890,617,556,29,32
1528887,grima_(fire_emblem),4,819,617,540,51,26
416301,asahina_aoi,4,818,617,558,29,30
1284579,bertolt_hoover,4,744,617,539,32,46
1368529,vyrn_(granblue_fantasy),4,738,617,535,44,38
1627784,valkyrie_(fate),4,727,617,557,34,26
1931154,uruha_rushia_(3rd_costume),4,646,617,561,29,27
1904760,hishi_miracle_(umamusume),4,1278,616,546,32,38
1007211,hinata_hideki,4,785,616,561,26,29
1461598,sheffield_(azur_lane),4,755,616,551,35,30
462515,aono_miki,4,750,616,552,35,29
644034,kariya_masaki,4,717,616,561,34,21
1886371,cure_sky,4,1228,615,556,27,32
1386296,chabashira_tenko,4,1120,615,542,42,31
1505254,uesugi_fuutarou,4,1029,615,564,26,25
1267895,ayane_(doa),4,904,615,560,25,30
1763341,fuyutsuki_(kancolle),4,825,614,547,34,33
1281007,erwin_(girls_und_panzer),4,723,614,560,26,28
1504963,hoshina_hikaru,4,722,614,551,32,31
1322176,silva_(granblue_fantasy),4,667,614,553,35,26
1692684,sakurako_(blue_archive),4,1362,613,535,40,38
410735,mewtwo,4,1056,613,546,35,32
1686625,conte_di_cavour_(kancolle),4,814,613,552,23,38
1325649,hacka_doll_3,4,702,613,544,33,36
788671,bottle_miku,4,684,613,538,37,38
1312417,muppo,4,632,612,539,32,41
2024289,shuro_(blue_archive),4,924,611,547,30,34
1513963,shirayuki_chiyo,4,764,611,559,26,26
1482584,xenovia_quarta,4,663,611,543,30,38
1535933,laios_thorden,4,0,611,548,27,36
1622083,serina_(blue_archive),4,1095,610,557,23,30
1645000,nakayama_festa_(umamusume),4,1081,610,542,28,40
1596529,bubba_(watson_amelia),4,814,610,547,36,27
1933187,kureiji_ollie_(1st_costume),4,773,610,557,28,25
496529,touwa_erio,4,726,609,542,31,36
1315625,adult_neptune,4,691,608,546,29,33
1631470,wakaba_(kancolle),4,673,608,545,30,33
1567602,muelsyse_(arknights),4,1325,607,531,32,44
14141,saotome_ranma,4,1118,607,546,29,32
658080,ikusaba_mukuro,4,905,607,531,41,35
1538826,annette_fantine_dominic,4,782,607,549,23,35
2018078,uni_(neptunia),4,712,607,546,31,30
1630702,hamanami_(kancolle),4,698,607,527,41,39
1533772,uzuki_sayaka,4,607,607,523,7,77
609604,evelynn_(league_of_legends),4,1034,606,553,21,32
1340823,asirpa,4,883,606,539,27,40
466270,apollo_justice,4,798,606,554,26,26
381037,minazuki_karen,4,765,606,537,29,40
550369,lightning_farron,4,931,605,547,34,24
1504669,tsujino_akari,4,765,605,537,31,37
1249308,greninja,4,980,604,558,23,23
422385,wingull,4,870,604,530,36,38
1423117,sakuramori_kaori,4,771,604,532,47,25
1409004,african_wild_dog_(kemono_friends),4,702,604,549,26,29
1251357,diamond_(houseki_no_kuni),4,680,604,542,28,34
710628,asuna_(sao-alo),4,668,604,537,39,28
1386286,yonaga_angie,4,1186,603,531,37,35
466172,bartz_klauser,4,817,603,544,33,26
2034651,eimi_(swimsuit)_(blue_archive),4,833,602,561,16,25
31266,roy_mustang,4,811,602,543,32,27
722673,yukimura_aoi,4,773,602,532,36,34
421517,portgas_d._ace,4,1489,601,525,41,35
15646,usopp,4,1298,601,545,30,26
176591,aragaki_shinjirou,4,938,601,549,30,22
1903602,implacable_(azur_lane),4,910,601,511,40,50
1598263,neko_(minato_aqua),4,823,601,535,31,35
1523150,bokukawauso,4,673,601,540,33,28
1255892,cure_lovely,4,666,601,541,43,17
1825540,shiver_(splatoon),4,1795,600,540,30,30
1759963,aston_machan_(umamusume),4,1101,600,541,25,34
1608817,junko_(blue_archive),4,858,600,549,25,26
382266,teana_lanster,4,824,600,553,20,27
1319286,yoshikawa_yuuko,4,774,600,542,31,27
597140,katarina_(league_of_legends),4,742,600,548,29,23
1533771,kumada_masaru,4,600,600,515,8,77
1630664,fujinami_(kancolle),4,720,599,535,35,29
